-- phpMyAdmin SQL Dump
-- version 4.7.7
-- https://www.phpmyadmin.net/
--
-- Host: 127.0.0.1
-- Generation Time: Mar 19, 2018 at 06:54 AM
-- Server version: 10.1.30-MariaDB
-- PHP Version: 7.1.14

SET SQL_MODE = "NO_AUTO_VALUE_ON_ZERO";
SET AUTOCOMMIT = 0;
START TRANSACTION;
SET time_zone = "+00:00";


/*!40101 SET @OLD_CHARACTER_SET_CLIENT=@@CHARACTER_SET_CLIENT */;
/*!40101 SET @OLD_CHARACTER_SET_RESULTS=@@CHARACTER_SET_RESULTS */;
/*!40101 SET @OLD_COLLATION_CONNECTION=@@COLLATION_CONNECTION */;
/*!40101 SET NAMES utf8mb4 */;

--
-- Database: `eclipse_db`
--

-- --------------------------------------------------------

--
-- Table structure for table `activitylog`
--

CREATE TABLE `activitylog` (
  `AL_Code` int(8) NOT NULL,
  `CLIENT_ID` int(8) DEFAULT NULL,
  `COACH_ID` int(8) NOT NULL,
  `Activity` text NOT NULL,
  `AL_Date` date NOT NULL,
  `AL_StartTime` time NOT NULL,
  `AL_EndTime` time NOT NULL
) ENGINE=InnoDB DEFAULT CHARSET=latin1;

--
-- Dumping data for table `activitylog`
--

INSERT INTO `activitylog` (`AL_Code`, `CLIENT_ID`, `COACH_ID`, `Activity`, `AL_Date`, `AL_StartTime`, `AL_EndTime`) VALUES
(1, 37, 50, 'Personal Training Session', '2012-08-04', '13:30:50', '14:30:50'),
(2, 13, 48, 'Personal Training Session', '2014-01-03', '09:30:50', '10:30:50'),
(3, 21, 44, 'Personal Training Session', '2014-06-06', '10:30:50', '11:30:50'),
(4, 16, 48, 'Personal Training Session', '2015-05-10', '11:30:50', '12:30:50'),
(5, 33, 39, 'Personal Training Session', '2013-05-29', '12:30:50', '13:30:50'),
(6, 42, 42, 'Personal Training Session', '2013-09-29', '13:30:50', '14:30:50'),
(7, 6, 41, 'Personal Training Session', '2013-06-07', '14:30:50', '15:30:50'),
(8, 44, 49, 'Personal Training Session', '2006-02-03', '15:30:50', '16:30:50'),
(9, 48, 50, 'Personal Training Session', '2008-12-09', '16:30:50', '17:30:50'),
(10, 22, 45, 'Personal Training Session', '2012-10-31', '17:30:50', '18:30:50'),
(11, 2, 38, 'Personal Training Session', '2006-07-23', '18:30:50', '19:30:50'),
(12, 13, 43, 'Personal Training Session', '2015-07-23', '19:30:50', '20:30:50'),
(13, 1, 39, 'Personal Training Session', '2014-02-13', '20:30:50', '21:30:50'),
(14, 49, 39, 'Personal Training Session', '2007-03-06', '21:30:50', '22:30:50'),
(15, 5, 46, 'Personal Training Session', '2017-11-10', '22:30:50', '13:30:50'),
(16, 17, 47, 'Personal Training Session', '2016-12-03', '13:30:50', '14:30:50'),
(17, 23, 38, 'Personal Training Session', '2017-06-08', '09:30:50', '10:30:50'),
(18, 10, 45, 'Personal Training Session', '2012-08-02', '10:30:50', '11:30:50'),
(19, 27, 39, 'Personal Training Session', '2016-07-01', '11:30:50', '12:30:50'),
(20, 45, 39, 'Personal Training Session', '2011-07-23', '12:30:50', '13:30:50'),
(21, 12, 45, 'Personal Training Session', '2008-10-05', '13:30:50', '14:30:50'),
(22, 37, 46, 'Personal Training Session', '2010-11-21', '14:30:50', '15:30:50'),
(23, 45, 46, 'Personal Training Session', '2007-07-05', '15:30:50', '16:30:50'),
(24, 40, 42, 'Personal Training Session', '2008-04-29', '16:30:50', '17:30:50'),
(25, 24, 46, 'Studio Class Session', '2017-02-22', '17:30:50', '18:30:50'),
(26, 37, 48, 'Studio Class Session', '2012-05-12', '18:30:50', '19:30:50'),
(27, 0, 39, 'Studio Class Session', '2013-08-29', '19:30:50', '20:30:50'),
(28, 47, 50, 'Studio Class Session', '2011-01-10', '20:30:50', '21:30:50'),
(29, 25, 39, 'Studio Class Session', '2013-12-22', '21:30:50', '22:30:50'),
(30, 50, 42, 'Studio Class Session', '2009-06-28', '22:30:50', '13:30:50'),
(31, 0, 40, 'Studio Class Session', '2008-01-28', '13:30:50', '14:30:50'),
(32, 8, 48, 'Studio Class Session', '2017-06-04', '09:30:50', '10:30:50'),
(33, 15, 48, 'Studio Class Session', '2006-12-12', '10:30:50', '11:30:50'),
(34, 41, 41, 'Studio Class Session', '2006-02-13', '11:30:50', '12:30:50'),
(35, 0, 41, 'Studio Class Session', '2006-03-05', '12:30:50', '13:30:50'),
(36, 44, 40, 'Studio Class Session', '2016-02-27', '13:30:50', '14:30:50'),
(37, 43, 48, 'Studio Class Session', '2010-10-18', '14:30:50', '15:30:50'),
(38, 9, 48, 'Studio Class Session', '2007-08-06', '15:30:50', '16:30:50'),
(39, 11, 44, 'Studio Class Session', '2008-09-23', '16:30:50', '17:30:50'),
(40, 1, 39, 'Studio Class Session', '2007-11-25', '17:30:50', '18:30:50'),
(41, 0, 49, 'Studio Class Session', '2009-01-14', '18:30:50', '19:30:50'),
(42, 26, 40, 'Studio Class Session', '2014-09-24', '19:30:50', '20:30:50'),
(43, 14, 44, 'Studio Class Session', '2009-05-26', '20:30:50', '21:30:50'),
(44, 50, 38, 'Studio Class Session', '2008-07-25', '21:30:50', '22:30:50'),
(45, 0, 45, 'Studio Class Session', '2014-11-04', '22:30:50', '13:30:50'),
(46, 44, 45, 'Studio Class Session', '2014-01-28', '13:30:50', '14:30:50'),
(47, 19, 50, 'Studio Class Session', '2006-06-08', '09:30:50', '10:30:50'),
(48, 43, 41, 'Studio Class Session', '2012-05-11', '10:30:50', '11:30:50'),
(49, 37, 44, 'Studio Class Session', '2016-12-04', '11:30:50', '12:30:50'),
(50, 36, 46, 'Studio Class Session', '2015-06-11', '12:30:50', '13:30:50'),
(51, 4, 46, 'Personal Training Session', '2015-09-21', '13:30:50', '14:30:50'),
(52, 26, 43, 'Personal Training Session', '2015-07-28', '14:30:50', '15:30:50'),
(53, 0, 42, 'Studio Class Session', '2012-03-28', '15:30:50', '16:30:50'),
(54, 35, 50, 'Personal Training Session', '2011-08-17', '16:30:50', '17:30:50'),
(55, 38, 48, 'Personal Training Session', '2016-11-18', '17:30:50', '18:30:50'),
(56, 44, 48, 'Personal Training Session', '2010-02-25', '18:30:50', '19:30:50'),
(57, 1, 47, 'Personal Training Session', '2009-04-30', '19:30:50', '20:30:50'),
(58, 50, 42, 'Personal Training Session', '2008-09-15', '20:30:50', '21:30:50'),
(59, 19, 48, 'Personal Training Session', '2013-03-10', '21:30:50', '22:30:50'),
(60, 9, 47, 'Personal Training Session', '2017-04-09', '22:30:50', '13:30:50'),
(61, 37, 39, 'Studio Class Session', '2006-04-01', '13:30:50', '14:30:50'),
(62, 4, 39, 'Studio Class Session', '2009-10-03', '09:30:50', '10:30:50'),
(63, 34, 39, 'Studio Class Session', '2008-06-14', '10:30:50', '11:30:50'),
(64, 4, 49, 'Personal Training Session', '2008-10-30', '11:30:50', '12:30:50'),
(65, 21, 46, 'Personal Training Session', '2018-02-14', '12:30:50', '13:30:50'),
(66, 0, 48, 'Studio Class Session', '2010-04-15', '13:30:50', '14:30:50'),
(67, 23, 50, 'Studio Class Session', '2017-11-20', '14:30:50', '15:30:50'),
(68, 13, 38, 'Studio Class Session', '2009-07-30', '15:30:50', '16:30:50'),
(69, 26, 39, 'Studio Class Session', '2013-07-03', '16:30:50', '17:30:50'),
(70, 26, 45, 'Studio Class Session', '2017-04-28', '17:30:50', '18:30:50'),
(71, 49, 45, 'Studio Class Session', '2009-05-28', '18:30:50', '19:30:50'),
(72, 22, 39, 'Studio Class Session', '2010-04-04', '19:30:50', '20:30:50'),
(73, 3, 44, 'Studio Class Session', '2011-04-15', '20:30:50', '21:30:50'),
(74, 46, 46, 'Studio Class Session', '2012-08-17', '21:30:50', '22:30:50'),
(75, 20, 40, 'Personal Training Session', '2010-05-13', '22:30:50', '13:30:50'),
(76, 40, 48, 'Personal Training Session', '2008-09-25', '13:30:50', '14:30:50'),
(77, 37, 41, 'Personal Training Session', '2008-04-10', '09:30:50', '10:30:50'),
(78, 49, 41, 'Personal Training Session', '2006-11-23', '10:30:50', '11:30:50'),
(79, 27, 45, 'Personal Training Session', '2007-03-23', '11:30:50', '12:30:50'),
(80, 25, 38, 'Personal Training Session', '2007-06-20', '12:30:50', '13:30:50'),
(81, 41, 46, 'Personal Training Session', '2007-02-17', '13:30:50', '14:30:50'),
(82, 12, 38, 'Personal Training Session', '2005-12-24', '14:30:50', '15:30:50'),
(83, 26, 39, 'Personal Training Session', '2005-06-09', '15:30:50', '16:30:50'),
(84, 43, 44, 'Personal Training Session', '2015-01-27', '16:30:50', '17:30:50'),
(85, 47, 38, 'Personal Training Session', '2005-05-17', '17:30:50', '18:30:50'),
(86, 21, 47, 'Personal Training Session', '2007-04-23', '18:30:50', '19:30:50'),
(87, 28, 40, 'Personal Training Session', '2005-08-26', '19:30:50', '20:30:50'),
(88, 4, 42, 'Studio Class Session', '2008-03-26', '20:30:50', '21:30:50'),
(89, 18, 40, 'Studio Class Session', '2007-09-02', '21:30:50', '22:30:50'),
(90, 17, 42, 'Studio Class Session', '2012-08-22', '22:30:50', '13:30:50'),
(91, 45, 43, 'Studio Class Session', '2011-08-02', '13:30:50', '14:30:50'),
(92, 21, 46, 'Studio Class Session', '2007-07-25', '09:30:50', '10:30:50'),
(93, 49, 48, 'Studio Class Session', '2005-06-27', '10:30:50', '11:30:50'),
(94, 17, 38, 'Studio Class Session', '2010-06-05', '11:30:50', '12:30:50'),
(95, 14, 39, 'Studio Class Session', '2013-03-17', '12:30:50', '13:30:50'),
(96, 2, 39, 'Personal Training Session', '2017-01-12', '13:30:50', '14:30:50'),
(97, 11, 46, 'Personal Training Session', '2006-04-07', '14:30:50', '15:30:50'),
(98, 48, 45, 'Personal Training Session', '2011-07-12', '15:30:50', '16:30:50'),
(99, 1, 45, 'Studio Class Session', '2005-08-23', '16:30:50', '17:30:50'),
(100, 10, 47, 'Studio Class Session', '2006-10-20', '17:30:50', '18:30:50'),
(187, 83, 38, 'Personal Training Session', '2018-02-16', '14:01:00', '15:02:00'),
(188, 0, 39, 'Studio Class Session', '2018-02-16', '14:01:00', '14:02:00'),
(189, 83, 39, 'Studio Class Session', '2018-02-16', '14:01:00', '14:05:00'),
(190, 1, 39, 'Studio Class Session', '2018-02-16', '14:01:00', '14:05:00'),
(191, 2, 39, 'Studio Class Session', '2018-02-16', '14:01:00', '14:05:00'),
(192, 9, 39, 'Studio Class Session', '2018-02-16', '14:01:00', '14:05:00'),
(193, 2, 39, 'Studio Class Session', '2018-02-16', '14:01:00', '14:05:00'),
(194, 1, 39, 'Studio Class Session', '2018-02-16', '14:01:00', '14:05:00'),
(195, 0, 38, 'Studio Class Session', '2018-02-09', '15:02:00', '16:00:00'),
(196, 0, 42, 'Studio Class Session', '2018-03-31', '14:02:00', '15:01:00'),
(197, 2, 42, 'Studio Class Session', '2018-03-31', '14:02:00', '15:01:00'),
(198, 1, 42, 'Studio Class Session', '2018-03-31', '14:02:00', '15:01:00'),
(199, 2, 45, 'Studio Class Session', '2018-03-31', '17:04:00', '18:01:00'),
(200, 0, 38, 'Studio Class Session', '2018-03-15', '13:01:00', '14:02:00'),
(201, 1, 44, 'Studio Class Session', '2015-08-12', '15:00:00', '16:00:00'),
(202, 341, 38, 'Personal Training Session', '0000-00-00', '00:00:00', '00:00:00'),
(203, 112, 48, 'Personal Training Session', '0000-00-00', '13:00:00', '14:00:00'),
(204, 11, 44, 'Studio Class Session', '2006-11-22', '11:00:00', '12:00:00'),
(205, 0, 44, 'Studio Class Session', '2018-03-15', '14:00:00', '15:00:00'),
(206, 0, 44, 'Studio Class Session', '2018-03-15', '13:00:00', '14:00:00'),
(207, 3, 44, 'Studio Class Session', '2015-08-12', '15:00:00', '16:00:00'),
(208, 0, 38, 'Studio Class Session', '2018-03-29', '20:00:00', '11:00:00'),
(209, 0, 44, 'Studio Class Session', '2018-03-15', '17:00:00', '18:00:00'),
(210, 7, 44, 'Studio Class Session', '2018-03-15', '17:00:00', '18:00:00'),
(211, 8, 44, 'Studio Class Session', '2015-08-12', '15:00:00', '16:00:00'),
(212, 18, 44, 'Studio Class Session', '2015-08-12', '15:00:00', '16:00:00'),
(213, 1, 44, 'Studio Class Session', '2015-08-12', '15:00:00', '16:00:00'),
(214, 4, 44, 'Studio Class Session', '2015-08-12', '16:00:00', '16:00:00'),
(215, 7, 44, 'Studio Class Session', '2015-08-12', '16:00:00', '16:00:00'),
(216, 11, 44, 'Studio Class Session', '2015-08-12', '16:00:00', '16:00:00'),
(217, 350, 38, 'Personal Training Session', '0000-00-00', '15:00:00', '17:04:00');

-- --------------------------------------------------------

--
-- Table structure for table `attendance`
--

CREATE TABLE `attendance` (
  `A_Code` int(8) NOT NULL,
  `CLIENT_ID` int(8) NOT NULL,
  `A_TimeIn` time NOT NULL,
  `A_TimeOut` text,
  `A_TowelQty` int(2) NOT NULL,
  `A_TowelReturn` int(2) NOT NULL,
  `A_LockerKey` int(2) NOT NULL,
  `A_ReturnedKey` text NOT NULL,
  `A_Year` varchar(10) NOT NULL,
  `A_Month` varchar(10) NOT NULL,
  `A_Date` date NOT NULL,
  `A_status` varchar(10) NOT NULL
) ENGINE=InnoDB DEFAULT CHARSET=latin1;

--
-- Dumping data for table `attendance`
--

INSERT INTO `attendance` (`A_Code`, `CLIENT_ID`, `A_TimeIn`, `A_TimeOut`, `A_TowelQty`, `A_TowelReturn`, `A_LockerKey`, `A_ReturnedKey`, `A_Year`, `A_Month`, `A_Date`, `A_status`) VALUES
(481, 68, '03:24:55', '03:25:01', 1, 1, 1, 'Returned', '2018', 'Feb', '2018-02-11', 'Member'),
(482, 68, '03:25:08', '', 2, 0, 1, '', '2018', 'Feb', '2018-02-11', 'Member'),
(483, 78, '03:25:27', '03:25:39', 2, 2, 2, 'Returned', '2018', 'Feb', '2018-02-11', 'Walk-in'),
(484, 78, '03:25:46', '', 4, 0, 2, '', '2018', 'Feb', '2018-02-11', 'Walk-in'),
(485, 80, '03:37:15', '03:37:39', 2, 2, 3, 'Returned', '2018', 'Feb', '2018-02-11', 'Walk-in'),
(486, 80, '03:37:42', '03:38:01', 2, 2, 3, 'Returned', '2018', 'Feb', '2018-02-11', 'Walk-in'),
(487, 80, '03:38:04', '03:39:35', 2, 2, 3, 'Returned', '2018', 'Feb', '2018-02-11', 'Walk-in'),
(488, 80, '03:39:38', '03:41:33', 2, 2, 3, 'Returned', '2018', 'Feb', '2018-02-11', 'Walk-in'),
(489, 80, '03:41:36', '03:42:44', 2, 2, 3, 'Returned', '2018', 'Feb', '2018-02-11', 'Walk-in'),
(490, 80, '03:42:48', '03:50:36', 1, 1, 3, 'Returned', '2018', 'Feb', '2018-02-11', 'Walk-in'),
(491, 80, '03:49:53', '03:50:39', 1, 1, 3, 'Returned', '2018', 'Feb', '2018-02-11', 'Walk-in'),
(492, 80, '03:50:08', '03:50:43', 1, 1, 3, 'Returned', '2018', 'Feb', '2018-02-11', 'Walk-in'),
(493, 80, '03:50:30', '03:50:46', 1, 1, 3, 'Returned', '2018', 'Feb', '2018-02-11', 'Walk-in'),
(494, 80, '03:50:49', '03:51:42', 2, 2, 3, 'Returned', '2018', 'Feb', '2018-02-11', 'Walk-in'),
(495, 80, '03:51:39', '03:51:47', 2, 2, 3, 'Returned', '2018', 'Feb', '2018-02-11', 'Walk-in'),
(496, 80, '03:51:52', '03:52:21', 2, 2, 3, 'Returned', '2018', 'Feb', '2018-02-11', 'Walk-in'),
(497, 80, '03:52:23', '03:57:01', 2, 2, 3, 'Returned', '2018', 'Feb', '2018-02-11', 'Walk-in'),
(498, 80, '03:57:03', '03:59:08', 2, 2, 3, 'Returned', '2018', 'Feb', '2018-02-11', 'Walk-in'),
(499, 80, '03:59:10', '03:59:15', 2, 2, 3, 'Returned', '2018', 'Feb', '2018-02-11', 'Walk-in'),
(500, 80, '04:00:15', '04:00:20', 2, 2, 3, 'Returned', '2018', 'Feb', '2018-02-11', 'Member'),
(501, 80, '04:00:45', '04:01:15', 1, 1, 3, 'Returned', '2018', 'Feb', '2018-02-11', 'Member'),
(502, 80, '04:01:17', '04:01:25', 2, 2, 3, 'Returned', '2018', 'Feb', '2018-02-11', 'Member'),
(503, 1, '08:00:00', '9:00:00AM', 1, 1, 1, 'Returned', '2017', 'Jan', '2017-01-01', 'Walk-in'),
(504, 2, '09:00:00', '10:00:00AM', 1, 1, 2, 'Returned', '2017', 'Feb', '2017-02-02', 'Walk-in'),
(505, 3, '10:00:00', '11:00:00AM', 2, 2, 3, 'Returned', '2017', 'Mar', '2017-03-03', 'Walk-in'),
(506, 4, '11:00:00', '12:00:00PM', 3, 3, 4, 'Returned', '2017', 'Apr', '2017-04-04', 'Walk-in'),
(507, 5, '12:00:00', '1:00:00PM', 2, 2, 5, 'Returned', '2017', 'May', '2017-05-05', 'Walk-in'),
(508, 6, '01:00:00', '2:00:00PM', 1, 1, 6, 'Returned', '2017', 'Jun', '2017-06-06', 'Walk-in'),
(509, 7, '02:00:00', '3:00:00PM', 2, 2, 7, 'Returned', '2017', 'Jul', '2017-07-07', 'Walk-in'),
(510, 8, '03:00:00', '4:00:00PM', 3, 3, 8, 'Returned', '2017', 'Aug', '2017-08-08', 'Walk-in'),
(511, 9, '04:00:00', '5:00:00PM', 2, 2, 9, 'Returned', '2017', 'Sep', '2017-09-09', 'Walk-in'),
(512, 10, '05:00:00', '6:00:00PM', 1, 1, 10, 'Returned', '2017', 'Oct', '2017-10-10', 'Walk-in'),
(513, 11, '06:00:00', '7:00:00PM', 2, 2, 11, 'Returned', '2017', 'Nov', '2017-11-11', 'Walk-in'),
(514, 12, '07:00:00', '8:00:00PM', 3, 3, 12, 'Returned', '2017', 'Dec', '2017-12-12', 'Walk-in'),
(515, 13, '08:00:00', '9:00:00PM', 2, 2, 13, 'Returned', '2017', 'Jan', '2017-01-13', 'Walk-in'),
(516, 14, '09:00:00', '10:00:00PM', 1, 1, 14, 'Returned', '2017', 'Feb', '2017-02-14', 'Walk-in'),
(517, 15, '10:00:00', '11:00:00PM', 1, 1, 15, 'Returned', '2017', 'Mar', '2017-03-15', 'Walk-in'),
(518, 16, '11:00:00', '9:00:00AM', 2, 2, 16, 'Returned', '2017', 'Apr', '2017-04-16', 'Walk-in'),
(519, 17, '08:00:00', '10:00:00AM', 3, 3, 17, 'Returned', '2017', 'May', '2017-05-17', 'Walk-in'),
(520, 18, '09:00:00', '11:00:00AM', 2, 2, 18, 'Returned', '2017', 'Jun', '2017-06-18', 'Walk-in'),
(521, 19, '10:00:00', '12:00:00PM', 1, 1, 19, 'Returned', '2017', 'Jul', '2017-07-19', 'Walk-in'),
(522, 20, '11:00:00', '1:00:00PM', 2, 2, 20, 'Returned', '2017', 'Aug', '2017-08-20', 'Walk-in'),
(523, 21, '12:00:00', '2:00:00PM', 3, 3, 21, 'Returned', '2017', 'Sep', '2017-09-21', 'Walk-in'),
(524, 22, '01:00:00', '3:00:00PM', 2, 2, 22, 'Returned', '2017', 'Oct', '2017-10-22', 'Walk-in'),
(525, 23, '02:00:00', '4:00:00PM', 1, 1, 23, 'Returned', '2017', 'Nov', '2017-11-23', 'Walk-in'),
(526, 24, '03:00:00', '5:00:00PM', 2, 2, 24, 'Returned', '2017', 'Dec', '2017-12-24', 'Walk-in'),
(527, 25, '04:00:00', '6:00:00PM', 3, 3, 25, 'Returned', '2017', 'Jan', '2017-01-25', 'Walk-in'),
(528, 26, '05:00:00', '7:00:00PM', 2, 2, 26, 'Returned', '2017', 'Feb', '2017-02-26', 'Walk-in'),
(529, 27, '06:00:00', '8:00:00PM', 1, 1, 27, 'Returned', '2017', 'Mar', '2017-03-27', 'Walk-in'),
(530, 28, '07:00:00', '9:00:00PM', 1, 1, 28, 'Returned', '2017', 'Apr', '2017-04-28', 'Walk-in'),
(531, 29, '08:00:00', '10:00:00PM', 2, 2, 29, 'Returned', '2017', 'May', '2017-05-29', 'Walk-in'),
(532, 30, '09:00:00', '11:00:00PM', 3, 3, 30, 'Returned', '2017', 'May', '2017-05-30', 'Walk-in'),
(533, 31, '10:00:00', '9:00:00AM', 2, 2, 31, 'Returned', '2017', 'May', '2017-05-31', 'Walk-in'),
(534, 32, '11:00:00', '10:00:00AM', 1, 1, 32, 'Returned', '2017', 'Aug', '2017-06-01', 'Walk-in'),
(535, 33, '08:00:00', '11:00:00AM', 2, 2, 33, 'Returned', '2017', 'Aug', '2017-06-02', 'Walk-in'),
(536, 34, '09:00:00', '12:00:00PM', 3, 3, 34, 'Returned', '2017', 'Aug', '2017-06-03', 'Walk-in'),
(537, 35, '10:00:00', '1:00:00PM', 2, 2, 35, 'Returned', '2017', 'Aug', '2017-06-04', 'Walk-in'),
(538, 36, '11:00:00', '2:00:00PM', 1, 1, 36, 'Returned', '2017', 'Dec', '2017-12-04', 'Walk-in'),
(539, 37, '12:00:00', '3:00:00PM', 2, 2, 37, 'Returned', '2017', 'Dec', '2017-12-05', 'Walk-in'),
(540, 38, '01:00:00', '4:00:00PM', 3, 3, 38, 'Returned', '2017', 'Dec', '2017-12-06', 'Walk-in'),
(541, 39, '02:00:00', '5:00:00PM', 2, 2, 39, 'Returned', '2017', 'Dec', '2017-12-07', 'Walk-in'),
(542, 40, '03:00:00', '6:00:00PM', 1, 1, 40, 'Returned', '2017', 'Dec', '2017-12-08', 'Walk-in'),
(543, 41, '04:00:00', '7:00:00PM', 1, 1, 41, 'Returned', '2017', 'Dec', '2017-12-09', 'Walk-in'),
(544, 42, '05:00:00', '8:00:00PM', 2, 2, 42, 'Returned', '2017', 'Dec', '2017-12-10', 'Walk-in'),
(545, 43, '06:00:00', '9:00:00PM', 3, 3, 43, 'Returned', '2017', 'Jul', '2017-07-10', 'Walk-in'),
(546, 44, '07:00:00', '10:00:00PM', 2, 2, 44, 'Returned', '2017', 'Jul', '2017-07-11', 'Walk-in'),
(547, 45, '08:00:00', '11:00:00PM', 1, 1, 45, 'Returned', '2017', 'Jul', '2017-07-12', 'Walk-in'),
(548, 46, '09:00:00', '9:00:00AM', 2, 2, 46, 'Returned', '2017', 'Jul', '2017-07-13', 'Walk-in'),
(549, 47, '10:00:00', '10:00:00AM', 3, 3, 47, 'Returned', '2017', 'Jul', '2017-07-14', 'Walk-in'),
(550, 48, '11:00:00', '11:00:00AM', 2, 2, 48, 'Returned', '2017', 'Jul', '2017-07-15', 'Walk-in'),
(551, 49, '08:00:00', '12:00:00PM', 1, 1, 49, 'Returned', '2017', 'Jul', '2017-07-16', 'Walk-in'),
(552, 50, '09:00:00', '1:00:00PM', 2, 2, 50, 'Returned', '2017', 'Jul', '2017-07-17', 'Walk-in'),
(553, 1, '10:00:00', '2:00:00PM', 3, 3, 51, 'Returned', '2017', 'Jul', '2017-07-18', 'Member'),
(554, 2, '11:00:00', '3:00:00PM', 2, 2, 52, 'Returned', '2017', 'Jul', '2017-07-19', 'Member'),
(555, 3, '12:00:00', '4:00:00PM', 1, 1, 53, 'Returned', '2017', 'Jul', '2017-07-20', 'Member'),
(556, 4, '01:00:00', '5:00:00PM', 1, 1, 54, 'Returned', '2017', 'Jun', '2017-06-20', 'Member'),
(557, 5, '02:00:00', '6:00:00PM', 2, 2, 55, 'Returned', '2017', 'Jun', '2017-06-21', 'Member'),
(558, 6, '03:00:00', '7:00:00PM', 3, 3, 56, 'Returned', '2017', 'Jun', '2017-06-22', 'Member'),
(559, 7, '04:00:00', '8:00:00PM', 2, 2, 57, 'Returned', '2017', 'Jun', '2017-06-23', 'Member'),
(560, 8, '05:00:00', '9:00:00PM', 1, 1, 58, 'Returned', '2017', 'Jun', '2017-06-24', 'Member'),
(561, 9, '06:00:00', '10:00:00PM', 2, 2, 59, 'Returned', '2017', 'Jun', '2017-06-25', 'Member'),
(562, 10, '07:00:00', '11:00:00PM', 3, 3, 60, 'Returned', '2017', 'Jun', '2017-06-26', 'Member'),
(563, 11, '08:00:00', '9:00:00AM', 2, 2, 61, 'Returned', '2017', 'Jan', '2017-01-27', 'Member'),
(564, 12, '09:00:00', '10:00:00AM', 1, 1, 62, 'Returned', '2017', 'Jan', '2017-01-28', 'Member'),
(565, 13, '10:00:00', '11:00:00AM', 2, 2, 63, 'Returned', '2017', 'Jan', '2017-01-29', 'Member'),
(566, 14, '11:00:00', '12:00:00PM', 3, 3, 64, 'Returned', '2017', 'Jan', '2017-01-30', 'Member'),
(567, 15, '08:00:00', '1:00:00PM', 2, 2, 100, 'Returned', '2017', 'Jan', '2017-01-31', 'Member'),
(568, 16, '09:00:00', '2:00:00PM', 1, 1, 101, 'Returned', '2017', 'Feb', '2017-02-01', 'Member'),
(569, 17, '10:00:00', '3:00:00PM', 1, 1, 102, 'Returned', '2017', 'Feb', '2017-02-02', 'Member'),
(570, 18, '11:00:00', '4:00:00PM', 2, 2, 103, 'Returned', '2017', 'Feb', '2017-02-03', 'Member'),
(571, 19, '12:00:00', '5:00:00PM', 3, 3, 104, 'Returned', '2017', 'Feb', '2017-02-04', 'Member'),
(572, 20, '01:00:00', '6:00:00PM', 2, 2, 105, 'Returned', '2017', 'Feb', '2017-02-05', 'Member'),
(573, 21, '02:00:00', '7:00:00PM', 1, 1, 106, 'Returned', '2017', 'Feb', '2017-02-06', 'Member'),
(574, 22, '03:00:00', '8:00:00PM', 2, 2, 107, 'Returned', '2017', 'Feb', '2017-02-07', 'Member'),
(575, 23, '04:00:00', '9:00:00PM', 3, 3, 108, 'Returned', '2017', 'Feb', '2017-02-08', 'Member'),
(576, 24, '05:00:00', '10:00:00PM', 2, 2, 109, 'Returned', '2017', 'Feb', '2017-02-09', 'Member'),
(577, 25, '06:00:00', '11:00:00PM', 1, 1, 110, 'Returned', '2017', 'Mar', '2017-03-10', 'Member'),
(578, 26, '07:00:00', '9:00:00AM', 2, 2, 111, 'Returned', '2017', 'Mar', '2017-03-11', 'Member'),
(579, 27, '08:00:00', '10:00:00AM', 3, 3, 112, 'Returned', '2017', 'Mar', '2017-03-12', 'Member'),
(580, 28, '09:00:00', '11:00:00AM', 2, 2, 113, 'Returned', '2017', 'Mar', '2017-03-13', 'Member'),
(581, 29, '10:00:00', '12:00:00PM', 1, 1, 114, 'Returned', '2017', 'Mar', '2017-03-14', 'Member'),
(582, 30, '11:00:00', '1:00:00PM', 1, 1, 115, 'Returned', '2017', 'Mar', '2017-03-15', 'Member'),
(583, 31, '08:00:00', '2:00:00PM', 2, 2, 116, 'Returned', '2017', 'Mar', '2017-03-16', 'Member'),
(584, 32, '09:00:00', '3:00:00PM', 3, 3, 117, 'Returned', '2017', 'Mar', '2017-03-17', 'Member'),
(585, 33, '10:00:00', '4:00:00PM', 2, 2, 118, 'Returned', '2017', 'Mar', '2017-03-18', 'Member'),
(586, 34, '11:00:00', '5:00:00PM', 1, 1, 119, 'Returned', '2017', 'Mar', '2017-03-19', 'Member'),
(587, 35, '12:00:00', '6:00:00PM', 2, 2, 120, 'Returned', '2017', 'Apr', '2017-04-19', 'Member'),
(588, 36, '01:00:00', '7:00:00PM', 3, 3, 121, 'Returned', '2017', 'Apr', '2017-04-20', 'Member'),
(589, 37, '02:00:00', '8:00:00PM', 2, 2, 122, 'Returned', '2017', 'Apr', '2017-04-21', 'Member'),
(590, 38, '03:00:00', '9:00:00PM', 1, 1, 123, 'Returned', '2017', 'Apr', '2017-04-22', 'Member'),
(591, 39, '04:00:00', '10:00:00PM', 2, 2, 124, 'Returned', '2017', 'May', '2017-05-23', 'Member'),
(592, 40, '05:00:00', '11:00:00PM', 3, 3, 125, 'Returned', '2017', 'May', '2017-05-24', 'Member'),
(593, 41, '06:00:00', '9:00:00AM', 2, 2, 126, 'Returned', '2017', 'May', '2017-05-25', 'Member'),
(594, 42, '07:00:00', '10:00:00AM', 1, 1, 127, 'Returned', '2017', 'May', '2017-05-26', 'Member'),
(595, 43, '08:00:00', '11:00:00AM', 1, 1, 128, 'Returned', '2017', 'May', '2017-05-27', 'Member'),
(596, 44, '09:00:00', '12:00:00PM', 2, 2, 129, 'Returned', '2017', 'May', '2017-05-28', 'Member'),
(597, 45, '10:00:00', '1:00:00PM', 3, 3, 130, 'Returned', '2017', 'May', '2017-05-29', 'Member'),
(598, 46, '11:00:00', '2:00:00PM', 2, 2, 131, 'Returned', '2017', 'May', '2017-05-30', 'Member'),
(599, 47, '08:00:00', '3:00:00PM', 1, 1, 132, 'Returned', '2017', 'Jun', '2017-05-31', 'Member'),
(600, 48, '09:00:00', '4:00:00PM', 2, 2, 133, 'Returned', '2017', 'Jun', '2017-06-01', 'Member'),
(601, 49, '10:00:00', '5:00:00PM', 3, 3, 134, 'Returned', '2017', 'Jun', '2017-06-02', 'Member'),
(602, 50, '11:00:00', '6:00:00PM', 2, 2, 135, 'Returned', '2017', 'Jun', '2017-06-03', 'Member'),
(630, 1, '03:05:22', '03:06:12', 4, 3, 1, 'Returned', '2018', 'Feb', '2018-02-14', 'Member'),
(631, 1, '12:00:12', '5:02:12AM', 1, 1, 1, 'Returned', '2017', 'Jan', '2017-01-01', 'Member'),
(632, 2, '12:00:12', '5:02:12AM', 1, 1, 2, 'Returned', '2017', 'Jan', '2017-01-02', 'Walk-in'),
(633, 3, '12:00:12', '5:02:12AM', 1, 1, 3, 'Returned', '2017', 'Jan', '2017-01-03', 'Walk-in'),
(634, 4, '12:00:12', '5:02:12AM', 2, 2, 4, 'Returned', '2017', 'Jan', '2017-01-04', 'Walk-in'),
(635, 5, '12:00:12', '5:02:12AM', 2, 2, 5, 'Returned', '2017', 'Jan', '2017-01-05', 'Walk-in'),
(636, 6, '12:00:12', '5:02:12AM', 2, 2, 6, 'Returned', '2017', 'Jan', '2017-01-06', 'Walk-in'),
(637, 7, '12:00:12', '5:02:12AM', 3, 3, 7, 'Returned', '2017', 'Jan', '2017-01-07', 'Walk-in'),
(638, 8, '12:00:12', '5:02:12AM', 3, 3, 8, 'Returned', '2017', 'Jan', '2017-01-08', 'Walk-in'),
(639, 9, '12:00:12', '5:02:12AM', 3, 3, 9, 'Returned', '2017', 'Jan', '2017-01-09', 'Walk-in'),
(640, 10, '12:00:12', '5:02:12AM', 4, 4, 10, 'Returned', '2017', 'Jan', '2017-01-10', 'Member'),
(641, 11, '12:00:12', '5:02:12AM', 4, 4, 11, 'Returned', '2017', 'Feb', '2017-02-02', 'Member'),
(642, 12, '12:00:12', '5:02:12AM', 1, 1, 12, 'Returned', '2017', 'Feb', '2017-02-03', 'Member'),
(643, 13, '12:00:12', '5:02:12AM', 1, 1, 13, 'Returned', '2017', 'Feb', '2017-02-04', 'Member'),
(644, 14, '12:00:12', '5:02:12AM', 1, 1, 14, 'Returned', '2017', 'Feb', '2017-02-05', 'Member'),
(645, 15, '12:00:12', '5:02:12AM', 2, 2, 15, 'Returned', '2017', 'Feb', '2017-02-06', 'Member'),
(646, 16, '12:00:12', '5:02:12AM', 2, 2, 16, 'Returned', '2017', 'Feb', '2017-02-07', 'Member'),
(647, 17, '12:00:12', '5:02:12AM', 2, 2, 17, 'Returned', '2017', 'Feb', '2017-02-08', 'Member'),
(648, 18, '12:00:12', '5:02:12AM', 3, 3, 18, 'Returned', '2017', 'Feb', '2017-02-09', 'Member'),
(649, 19, '12:00:12', '5:02:12AM', 3, 3, 19, 'Returned', '2017', 'Feb', '2017-02-10', 'Member'),
(650, 20, '12:00:12', '5:02:12AM', 3, 3, 20, 'Returned', '2017', 'Feb', '2017-02-11', 'Member'),
(651, 21, '12:00:12', '5:02:12AM', 4, 4, 21, 'Returned', '2017', 'Feb', '2017-02-12', 'Member'),
(652, 22, '12:00:12', '5:02:12AM', 4, 4, 22, 'Returned', '2017', 'Feb', '2017-02-13', 'Walk-in'),
(653, 23, '12:00:12', '5:02:12AM', 1, 1, 23, 'Returned', '2017', 'Feb', '2017-02-14', 'Walk-in'),
(654, 24, '12:00:12', '5:02:12AM', 1, 1, 24, 'Returned', '2017', 'Mar', '2017-03-03', 'Walk-in'),
(655, 25, '12:00:12', '5:02:12AM', 1, 1, 25, 'Returned', '2017', 'Mar', '2017-03-04', 'Walk-in'),
(656, 26, '12:00:12', '5:02:12AM', 2, 2, 26, 'Returned', '2017', 'Mar', '2017-03-05', 'Walk-in'),
(657, 27, '12:00:12', '5:02:12AM', 2, 2, 27, 'Returned', '2017', 'Mar', '2017-03-06', 'Walk-in'),
(658, 28, '12:00:12', '5:02:12AM', 2, 2, 28, 'Returned', '2017', 'Mar', '2017-03-07', 'Walk-in'),
(659, 29, '12:00:12', '5:02:12AM', 3, 3, 29, 'Returned', '2017', 'Mar', '2017-03-08', 'Walk-in'),
(660, 30, '12:00:12', '5:02:12AM', 3, 3, 30, 'Returned', '2017', 'Mar', '2017-03-09', 'Member'),
(661, 31, '12:00:12', '5:02:12AM', 3, 3, 31, 'Returned', '2017', 'Mar', '2017-03-10', 'Member'),
(662, 32, '12:00:12', '5:02:12AM', 4, 4, 32, 'Returned', '2017', 'Mar', '2017-03-11', 'Member'),
(663, 33, '12:00:12', '5:02:12AM', 4, 4, 33, 'Returned', '2017', 'Mar', '2017-03-12', 'Member'),
(664, 34, '12:00:12', '5:02:12AM', 1, 1, 34, 'Returned', '2017', 'Mar', '2017-03-13', 'Member'),
(665, 35, '12:00:12', '5:02:12AM', 1, 1, 35, 'Returned', '2017', 'Mar', '2017-03-14', 'Member'),
(666, 36, '12:00:12', '5:02:12AM', 1, 1, 36, 'Returned', '2017', 'Mar', '2017-03-15', 'Member'),
(667, 37, '12:00:12', '5:02:12AM', 2, 2, 37, 'Returned', '2017', 'Mar', '2017-03-16', 'Member'),
(668, 38, '12:00:12', '5:02:12AM', 2, 2, 38, 'Returned', '2017', 'Apr', '2017-04-04', 'Member'),
(669, 39, '12:00:12', '5:02:12AM', 2, 2, 39, 'Returned', '2017', 'Apr', '2017-04-05', 'Member'),
(670, 40, '12:00:12', '5:02:12AM', 3, 3, 40, 'Returned', '2017', 'Apr', '2017-04-06', 'Member'),
(671, 41, '12:00:12', '5:02:12AM', 3, 3, 41, 'Returned', '2017', 'Apr', '2017-04-07', 'Member'),
(672, 42, '12:00:12', '5:02:12AM', 3, 3, 42, 'Returned', '2017', 'Apr', '2017-04-08', 'Walk-in'),
(673, 43, '12:00:12', '5:02:12AM', 4, 4, 43, 'Returned', '2017', 'Apr', '2017-04-09', 'Walk-in'),
(674, 44, '12:00:12', '5:02:12AM', 4, 4, 44, 'Returned', '2017', 'Apr', '2017-04-10', 'Walk-in'),
(675, 45, '12:00:12', '5:02:12AM', 1, 1, 45, 'Returned', '2017', 'Apr', '2017-04-11', 'Walk-in'),
(676, 46, '12:00:12', '5:02:12AM', 1, 1, 46, 'Returned', '2017', 'Apr', '2017-04-12', 'Walk-in'),
(677, 47, '12:00:12', '5:02:12AM', 1, 1, 47, 'Returned', '2017', 'Apr', '2017-04-13', 'Walk-in'),
(678, 48, '12:00:12', '5:02:12AM', 2, 2, 48, 'Returned', '2017', 'Apr', '2017-04-14', 'Walk-in'),
(679, 49, '12:00:12', '5:02:12AM', 2, 2, 49, 'Returned', '2017', 'Apr', '2017-04-15', 'Walk-in'),
(680, 50, '12:00:12', '5:02:12AM', 2, 2, 50, 'Returned', '2017', 'Apr', '2017-04-16', 'Member'),
(681, 84, '12:00:12', '5:02:12AM', 3, 3, 51, 'Returned', '2017', 'May', '2017-05-05', 'Member'),
(682, 85, '12:00:12', '5:02:12AM', 3, 3, 52, 'Returned', '2017', 'May', '2017-05-06', 'Member'),
(683, 86, '12:00:12', '5:02:12AM', 3, 3, 53, 'Returned', '2017', 'May', '2017-05-07', 'Member'),
(684, 87, '12:00:12', '5:02:12AM', 4, 4, 54, 'Returned', '2017', 'May', '2017-05-08', 'Member'),
(685, 88, '12:00:12', '5:02:12AM', 4, 4, 55, 'Returned', '2017', 'May', '2017-05-09', 'Member'),
(686, 89, '12:00:12', '5:02:12AM', 1, 1, 56, 'Returned', '2017', 'May', '2017-05-10', 'Member'),
(687, 90, '12:00:12', '5:02:12AM', 1, 1, 57, 'Returned', '2017', 'May', '2017-05-11', 'Member'),
(688, 91, '12:00:12', '5:02:12AM', 1, 1, 58, 'Returned', '2017', 'May', '2017-05-12', 'Member'),
(689, 92, '12:00:12', '5:02:12AM', 2, 2, 59, 'Returned', '2017', 'May', '2017-05-13', 'Member'),
(690, 93, '12:00:12', '5:02:12AM', 2, 2, 60, 'Returned', '2017', 'May', '2017-05-14', 'Member'),
(691, 94, '12:00:12', '5:02:12AM', 2, 2, 61, 'Returned', '2017', 'May', '2017-05-15', 'Member'),
(692, 95, '12:00:12', '5:02:12AM', 3, 3, 62, 'Returned', '2017', 'May', '2017-05-16', 'Walk-in'),
(693, 96, '12:00:12', '5:02:12AM', 3, 3, 63, 'Returned', '2017', 'May', '2017-05-17', 'Walk-in'),
(694, 97, '12:00:12', '5:02:12AM', 3, 3, 64, 'Returned', '2017', 'May', '2017-05-18', 'Walk-in'),
(695, 98, '12:00:12', '5:02:12AM', 4, 4, 65, 'Returned', '2017', 'May', '2017-05-19', 'Walk-in'),
(696, 99, '12:00:12', '5:02:12AM', 4, 4, 66, 'Returned', '2017', 'May', '2017-05-20', 'Walk-in'),
(697, 100, '12:00:12', '5:02:12AM', 1, 1, 67, 'Returned', '2017', 'Jun', '2017-06-06', 'Walk-in'),
(698, 101, '12:00:12', '5:02:12AM', 1, 1, 68, 'Returned', '2017', 'Jun', '2017-06-07', 'Walk-in'),
(699, 102, '12:00:12', '5:02:12AM', 1, 1, 69, 'Returned', '2017', 'Jun', '2017-06-08', 'Walk-in'),
(700, 103, '12:00:12', '5:02:12AM', 2, 2, 70, 'Returned', '2017', 'Jun', '2017-06-09', 'Member'),
(701, 104, '12:00:12', '5:02:12AM', 2, 2, 71, 'Returned', '2017', 'Jun', '2017-06-10', 'Member'),
(702, 105, '12:00:12', '5:02:12AM', 2, 2, 72, 'Returned', '2017', 'Jun', '2017-06-11', 'Member'),
(703, 106, '12:00:12', '5:02:12AM', 3, 3, 73, 'Returned', '2017', 'Jun', '2017-06-12', 'Member'),
(704, 107, '12:00:12', '5:02:12AM', 3, 3, 74, 'Returned', '2017', 'Jun', '2017-06-13', 'Member'),
(705, 108, '12:00:12', '5:02:12AM', 3, 3, 75, 'Returned', '2017', 'Jun', '2017-06-14', 'Member'),
(706, 109, '12:00:12', '5:02:12AM', 4, 4, 76, 'Returned', '2017', 'Jul', '2017-07-07', 'Member'),
(707, 110, '12:00:12', '5:02:12AM', 4, 4, 77, 'Returned', '2017', 'Jul', '2017-07-08', 'Member'),
(708, 111, '12:00:12', '5:02:12AM', 1, 1, 78, 'Returned', '2017', 'Jul', '2017-07-09', 'Member'),
(709, 112, '12:00:12', '5:02:12AM', 1, 1, 79, 'Returned', '2017', 'Jul', '2017-07-10', 'Member'),
(710, 113, '12:00:12', '5:02:12AM', 1, 1, 80, 'Returned', '2017', 'Jul', '2017-07-11', 'Member'),
(711, 114, '12:00:12', '5:02:12AM', 2, 2, 81, 'Returned', '2017', 'Jul', '2017-07-12', 'Member'),
(712, 115, '12:00:12', '5:02:12AM', 2, 2, 82, 'Returned', '2017', 'Jul', '2017-07-13', 'Walk-in'),
(713, 116, '12:00:12', '5:02:12AM', 2, 2, 83, 'Returned', '2017', 'Jul', '2017-07-14', 'Walk-in'),
(714, 117, '12:00:12', '5:02:12AM', 3, 3, 84, 'Returned', '2017', 'Jul', '2017-07-15', 'Walk-in'),
(715, 118, '12:00:12', '5:02:12AM', 3, 3, 85, 'Returned', '2017', 'Jul', '2017-07-16', 'Walk-in'),
(716, 119, '12:00:12', '5:02:12AM', 3, 3, 86, 'Returned', '2017', 'Aug', '2017-08-08', 'Walk-in'),
(717, 120, '12:00:12', '5:02:12AM', 4, 4, 87, 'Returned', '2017', 'Aug', '2017-08-09', 'Walk-in'),
(718, 121, '12:00:12', '5:02:12AM', 4, 4, 88, 'Returned', '2017', 'Aug', '2017-08-10', 'Walk-in'),
(719, 122, '12:00:12', '5:02:12AM', 1, 1, 89, 'Returned', '2017', 'Aug', '2017-08-11', 'Walk-in'),
(720, 123, '12:00:12', '5:02:12AM', 1, 1, 90, 'Returned', '2017', 'Aug', '2017-08-12', 'Member'),
(721, 124, '12:00:12', '5:02:12AM', 1, 1, 91, 'Returned', '2017', 'Aug', '2017-08-13', 'Member'),
(722, 125, '12:00:12', '5:02:12AM', 2, 2, 92, 'Returned', '2017', 'Aug', '2017-08-14', 'Member'),
(723, 126, '12:00:12', '5:02:12AM', 2, 2, 93, 'Returned', '2017', 'Aug', '2017-08-15', 'Member'),
(724, 127, '12:00:12', '5:02:12AM', 2, 2, 94, 'Returned', '2017', 'Aug', '2017-08-16', 'Member'),
(725, 128, '12:00:12', '5:02:12AM', 3, 3, 95, 'Returned', '2017', 'Sep', '2017-09-09', 'Member'),
(726, 129, '12:00:12', '5:02:12AM', 3, 3, 96, 'Returned', '2017', 'Sep', '2017-09-10', 'Member'),
(727, 130, '12:00:12', '5:02:12AM', 3, 3, 97, 'Returned', '2017', 'Sep', '2017-09-11', 'Member'),
(728, 131, '12:00:12', '5:02:12AM', 4, 4, 98, 'Returned', '2017', 'Sep', '2017-09-12', 'Member'),
(729, 132, '12:00:12', '5:02:12AM', 4, 4, 99, 'Returned', '2017', 'Sep', '2017-09-13', 'Member'),
(730, 133, '12:00:12', '5:02:12AM', 1, 1, 100, 'Returned', '2017', 'Sep', '2017-09-14', 'Member'),
(731, 134, '12:00:12', '5:02:12AM', 1, 1, 101, 'Returned', '2017', 'Sep', '2017-09-15', 'Member'),
(732, 135, '12:00:12', '5:02:12AM', 1, 1, 102, 'Returned', '2017', 'Sep', '2017-09-16', 'Walk-in'),
(733, 136, '12:00:12', '5:02:12AM', 2, 2, 103, 'Returned', '2017', 'Sep', '2017-09-17', 'Walk-in'),
(734, 137, '12:00:12', '5:02:12AM', 2, 2, 104, 'Returned', '2017', 'Sep', '2017-09-18', 'Walk-in'),
(735, 138, '12:00:12', '5:02:12AM', 2, 2, 105, 'Returned', '2017', 'Oct', '2017-10-10', 'Walk-in'),
(736, 139, '12:00:12', '5:02:12AM', 3, 3, 106, 'Returned', '2017', 'Oct', '2017-10-11', 'Walk-in'),
(737, 140, '12:00:12', '5:02:12AM', 3, 3, 107, 'Returned', '2017', 'Oct', '2017-10-12', 'Walk-in'),
(738, 141, '12:00:12', '5:02:12AM', 3, 3, 108, 'Returned', '2017', 'Oct', '2017-10-13', 'Walk-in'),
(739, 142, '12:00:12', '5:02:12AM', 4, 4, 109, 'Returned', '2017', 'Oct', '2017-10-14', 'Walk-in'),
(740, 143, '12:00:12', '5:02:12AM', 4, 4, 110, 'Returned', '2017', 'Oct', '2017-10-15', 'Member'),
(741, 144, '12:00:12', '5:02:12AM', 1, 1, 111, 'Returned', '2017', 'Oct', '2017-10-16', 'Member'),
(742, 145, '12:00:12', '5:02:12AM', 1, 1, 112, 'Returned', '2017', 'Oct', '2017-10-17', 'Member'),
(743, 146, '12:00:12', '5:02:12AM', 1, 1, 113, 'Returned', '2017', 'Oct', '2017-10-18', 'Member'),
(744, 147, '12:00:12', '5:02:12AM', 2, 2, 114, 'Returned', '2017', 'Oct', '2017-10-19', 'Member'),
(745, 148, '12:00:12', '5:02:12AM', 2, 2, 115, 'Returned', '2017', 'Oct', '2017-10-20', 'Member'),
(746, 149, '12:00:12', '5:02:12AM', 2, 2, 116, 'Returned', '2017', 'Oct', '2017-10-21', 'Member'),
(747, 150, '12:00:12', '5:02:12AM', 3, 3, 117, 'Returned', '2017', 'Oct', '2017-10-22', 'Member'),
(748, 151, '12:00:12', '5:02:12AM', 3, 3, 118, 'Returned', '2017', 'Oct', '2017-10-23', 'Member'),
(749, 152, '10:00:11', '3:00:00AM', 3, 3, 119, 'Returned', '2017', 'Nov', '2017-11-11', 'Member'),
(750, 153, '10:00:11', '3:00:00AM', 4, 4, 120, 'Returned', '2017', 'Nov', '2017-11-12', 'Member'),
(751, 154, '10:00:11', '3:00:00AM', 4, 4, 121, 'Returned', '2017', 'Nov', '2017-11-13', 'Member'),
(752, 155, '10:00:11', '3:00:00AM', 1, 1, 122, 'Returned', '2017', 'Nov', '2017-11-14', 'Walk-in'),
(753, 156, '10:00:11', '3:00:00AM', 1, 1, 123, 'Returned', '2017', 'Nov', '2017-11-15', 'Walk-in'),
(754, 157, '10:00:11', '3:00:00AM', 1, 1, 124, 'Returned', '2017', 'Nov', '2017-11-16', 'Walk-in'),
(755, 158, '10:00:11', '3:00:00AM', 2, 2, 125, 'Returned', '2017', 'Nov', '2017-11-17', 'Walk-in'),
(756, 159, '10:00:11', '3:00:00AM', 2, 2, 126, 'Returned', '2017', 'Nov', '2017-11-18', 'Walk-in'),
(757, 160, '10:00:11', '3:00:00AM', 2, 2, 127, 'Returned', '2017', 'Nov', '2017-11-19', 'Walk-in'),
(758, 161, '10:00:11', '3:00:00AM', 3, 3, 128, 'Returned', '2017', 'Nov', '2017-11-20', 'Walk-in'),
(759, 162, '10:00:11', '3:00:00AM', 3, 3, 129, 'Returned', '2017', 'Nov', '2017-11-21', 'Walk-in'),
(760, 163, '10:00:11', '3:00:00AM', 3, 3, 130, 'Returned', '2017', 'Nov', '2017-11-22', 'Member'),
(761, 164, '10:00:11', '3:00:00AM', 4, 4, 131, 'Returned', '2017', 'Dec', '2017-12-12', 'Member'),
(762, 165, '10:00:11', '3:00:00AM', 4, 4, 132, 'Returned', '2017', 'Dec', '2017-12-13', 'Member'),
(763, 166, '10:00:11', '3:00:00AM', 1, 1, 133, 'Returned', '2017', 'Dec', '2017-12-14', 'Member'),
(764, 167, '10:00:11', '3:00:00AM', 1, 1, 134, 'Returned', '2017', 'Dec', '2017-12-15', 'Member'),
(765, 168, '10:00:11', '3:00:00AM', 1, 1, 135, 'Returned', '2017', 'Dec', '2017-12-16', 'Member'),
(766, 169, '10:00:11', '3:00:00AM', 2, 2, 136, 'Returned', '2017', 'Dec', '2017-12-17', 'Member'),
(767, 170, '10:00:11', '3:00:00AM', 2, 2, 137, 'Returned', '2017', 'Dec', '2017-12-18', 'Member'),
(768, 171, '10:00:11', '3:00:00AM', 2, 2, 138, 'Returned', '2017', 'Dec', '2017-12-19', 'Member'),
(769, 172, '10:00:11', '3:00:00AM', 3, 3, 139, 'Returned', '2017', 'Dec', '2017-12-20', 'Member'),
(770, 173, '10:00:11', '3:00:00AM', 3, 3, 140, 'Returned', '2017', 'Dec', '2017-12-21', 'Member'),
(771, 174, '10:00:11', '3:00:00AM', 3, 3, 141, 'Returned', '2017', 'Dec', '2017-12-22', 'Member'),
(772, 175, '10:00:11', '3:00:00AM', 4, 4, 142, 'Returned', '2017', 'Dec', '2017-12-23', 'Walk-in'),
(773, 176, '10:00:11', '3:00:00AM', 4, 4, 143, 'Returned', '2017', 'Dec', '2017-12-24', 'Walk-in'),
(774, 177, '10:00:11', '3:00:00AM', 1, 1, 144, 'Returned', '2017', 'Dec', '2017-12-25', 'Walk-in'),
(775, 178, '10:00:11', '3:00:00AM', 1, 1, 145, 'Returned', '2017', 'Dec', '2017-12-26', 'Walk-in'),
(776, 179, '10:00:11', '3:00:00AM', 1, 1, 146, 'Returned', '2017', 'Dec', '2017-12-27', 'Walk-in'),
(777, 180, '10:00:11', '3:00:00AM', 2, 2, 147, 'Returned', '2017', 'Dec', '2017-12-28', 'Walk-in'),
(778, 181, '10:00:11', '3:00:00AM', 2, 2, 148, 'Returned', '2017', 'Dec', '2017-12-29', 'Walk-in'),
(779, 182, '10:00:11', '3:00:00AM', 2, 2, 149, 'Returned', '2017', 'Dec', '2017-12-30', 'Walk-in'),
(780, 183, '10:00:11', '3:00:00AM', 3, 3, 150, 'Returned', '2017', 'Dec', '2017-12-31', 'Member'),
(781, 184, '10:00:11', '3:00:00AM', 3, 3, 151, 'Returned', '2017', 'Dec', '2018-01-01', 'Member'),
(782, 185, '10:00:11', '3:00:00AM', 3, 3, 152, 'Returned', '2017', 'Dec', '2018-01-02', 'Member'),
(783, 186, '10:00:11', '3:00:00AM', 4, 4, 153, 'Returned', '2017', 'Dec', '2018-01-03', 'Member'),
(784, 187, '10:00:11', '3:00:00AM', 4, 4, 154, 'Returned', '2018', 'Jan', '2018-01-01', 'Member'),
(785, 188, '10:00:11', '3:00:00AM', 1, 1, 155, 'Returned', '2018', 'Jan', '2018-01-02', 'Member'),
(786, 189, '10:00:11', '3:00:00AM', 1, 1, 156, 'Returned', '2018', 'Jan', '2018-01-03', 'Member'),
(787, 190, '10:00:11', '3:00:00AM', 1, 1, 157, 'Returned', '2018', 'Jan', '2018-01-04', 'Member'),
(788, 191, '10:00:11', '3:00:00AM', 2, 2, 158, 'Returned', '2018', 'Jan', '2018-01-05', 'Member'),
(789, 192, '10:00:11', '3:00:00AM', 2, 2, 159, 'Returned', '2018', 'Jan', '2018-01-06', 'Member'),
(790, 193, '10:00:11', '3:00:00AM', 2, 2, 160, 'Returned', '2018', 'Jan', '2018-01-07', 'Member'),
(791, 194, '10:00:11', '3:00:00AM', 3, 3, 161, 'Returned', '2018', 'Jan', '2018-01-08', 'Member'),
(792, 195, '10:00:11', '3:00:00AM', 3, 3, 162, 'Returned', '2018', 'Jan', '2018-01-09', 'Walk-in'),
(793, 196, '10:00:11', '3:00:00AM', 3, 3, 163, 'Returned', '2018', 'Jan', '2018-01-10', 'Walk-in'),
(794, 197, '10:00:11', '3:00:00AM', 4, 4, 164, 'Returned', '2018', 'Jan', '2018-01-11', 'Walk-in'),
(795, 198, '10:00:11', '3:00:00AM', 4, 4, 165, 'Returned', '2018', 'Jan', '2018-01-12', 'Walk-in'),
(796, 199, '10:00:11', '3:00:00AM', 1, 1, 166, 'Returned', '2018', 'Jan', '2018-01-13', 'Walk-in'),
(797, 200, '10:00:11', '3:00:00AM', 1, 1, 167, 'Returned', '2018', 'Jan', '2018-01-14', 'Walk-in'),
(798, 201, '10:00:11', '3:00:00AM', 1, 1, 168, 'Returned', '2018', 'Jan', '2018-01-15', 'Walk-in'),
(799, 202, '10:00:11', '3:00:00AM', 2, 2, 169, 'Returned', '2018', 'Jan', '2018-01-16', 'Walk-in'),
(800, 203, '10:00:11', '3:00:00AM', 2, 2, 170, 'Returned', '2018', 'Jan', '2018-01-17', 'Member'),
(801, 204, '10:00:11', '3:00:00AM', 2, 2, 171, 'Returned', '2018', 'Jan', '2018-01-18', 'Member'),
(802, 205, '10:00:11', '3:00:00AM', 3, 3, 172, 'Returned', '2018', 'Jan', '2018-01-19', 'Member'),
(803, 206, '10:00:11', '3:00:00AM', 3, 3, 173, 'Returned', '2018', 'Jan', '2018-01-20', 'Member'),
(804, 207, '10:00:11', '3:00:00AM', 3, 3, 174, 'Returned', '2018', 'Jan', '2018-01-21', 'Member'),
(805, 208, '10:00:11', '3:00:00AM', 4, 4, 175, 'Returned', '2018', 'Jan', '2018-01-22', 'Member'),
(806, 209, '10:00:11', '3:00:00AM', 4, 4, 176, 'Returned', '2018', 'Jan', '2018-01-23', 'Member'),
(807, 210, '10:00:11', '3:00:00AM', 1, 1, 177, 'Returned', '2018', 'Jan', '2018-01-24', 'Member'),
(808, 211, '10:00:11', '3:00:00AM', 1, 1, 178, 'Returned', '2018', 'Jan', '2018-01-25', 'Member'),
(809, 212, '10:00:11', '3:00:00AM', 1, 1, 179, 'Returned', '2018', 'Jan', '2018-01-26', 'Member'),
(810, 213, '10:00:11', '3:00:00AM', 2, 2, 180, 'Returned', '2018', 'Jan', '2018-01-27', 'Member'),
(811, 214, '10:00:11', '3:00:00AM', 2, 2, 181, 'Returned', '2018', 'Jan', '2018-01-28', 'Member'),
(812, 215, '10:00:11', '3:00:00AM', 2, 2, 182, 'Returned', '2018', 'Jan', '2018-01-29', 'Walk-in'),
(813, 216, '10:00:11', '3:00:00AM', 3, 3, 183, 'Returned', '2018', 'Jan', '2018-01-30', 'Walk-in'),
(814, 217, '10:00:11', '3:00:00AM', 3, 3, 184, 'Returned', '2018', 'Jan', '2018-01-31', 'Walk-in'),
(815, 218, '10:00:11', '3:00:00AM', 3, 3, 185, 'Returned', '2018', 'Jan', '2018-02-01', 'Walk-in'),
(816, 219, '10:00:11', '3:00:00AM', 4, 4, 186, 'Returned', '2018', 'Jan', '2018-02-02', 'Walk-in'),
(817, 220, '10:00:11', '3:00:00AM', 4, 4, 187, 'Returned', '2018', 'Jan', '2018-02-03', 'Walk-in'),
(818, 221, '10:00:11', '3:00:00AM', 1, 1, 188, 'Returned', '2018', 'Jan', '2018-02-04', 'Walk-in'),
(819, 222, '10:00:11', '3:00:00AM', 1, 1, 189, 'Returned', '2018', 'Jan', '2018-02-05', 'Walk-in'),
(820, 223, '10:00:11', '3:00:00AM', 1, 1, 190, 'Returned', '2018', 'Jan', '2018-02-06', 'Member'),
(821, 224, '10:00:11', '3:00:00AM', 2, 2, 191, 'Returned', '2018', 'Jan', '2018-02-07', 'Member'),
(822, 225, '10:00:11', '3:00:00AM', 2, 2, 192, 'Returned', '2018', 'Jan', '2018-02-08', 'Member'),
(823, 226, '10:00:11', '3:00:00AM', 2, 2, 193, 'Returned', '2018', 'Jan', '2018-02-09', 'Member'),
(824, 227, '10:00:11', '3:00:00AM', 3, 3, 194, 'Returned', '2018', 'Jan', '2018-02-10', 'Member'),
(825, 228, '10:00:11', '3:00:00AM', 3, 3, 195, 'Returned', '2018', 'Jan', '2018-02-11', 'Member'),
(826, 229, '10:00:11', '3:00:00AM', 3, 3, 196, 'Returned', '2018', 'Jan', '2018-02-12', 'Member'),
(827, 230, '10:00:11', '3:00:00AM', 4, 4, 197, 'Returned', '2018', 'Jan', '2018-02-13', 'Member'),
(828, 231, '10:00:11', '3:00:00AM', 4, 4, 198, 'Returned', '2018', 'Jan', '2018-02-14', 'Member'),
(829, 232, '10:00:11', '3:00:00AM', 1, 1, 199, 'Returned', '2018', 'Jan', '2018-02-15', 'Member'),
(830, 233, '10:00:11', '3:00:00AM', 1, 1, 200, 'Returned', '2018', 'Jan', '2018-02-16', 'Member'),
(831, 234, '10:00:11', '3:00:00AM', 1, 1, 201, 'Returned', '2018', 'Jan', '2018-02-17', 'Member'),
(832, 235, '10:00:11', '3:00:00AM', 2, 2, 202, 'Returned', '2018', 'Jan', '2018-02-18', 'Walk-in'),
(833, 236, '10:00:11', '3:00:00AM', 2, 2, 203, 'Returned', '2018', 'Jan', '2018-02-19', 'Walk-in'),
(834, 237, '10:00:11', '3:00:00AM', 2, 2, 204, 'Returned', '2018', 'Jan', '2018-02-20', 'Walk-in'),
(835, 238, '10:00:11', '3:00:00AM', 3, 3, 205, 'Returned', '2018', 'Jan', '2018-02-21', 'Walk-in'),
(836, 239, '10:00:11', '3:00:00AM', 3, 3, 206, 'Returned', '2018', 'Jan', '2018-02-22', 'Walk-in'),
(837, 240, '10:00:11', '3:00:00AM', 3, 3, 207, 'Returned', '2018', 'Jan', '2018-02-23', 'Walk-in'),
(838, 241, '10:00:11', '3:00:00AM', 4, 4, 208, 'Returned', '2018', 'Jan', '2018-02-24', 'Walk-in'),
(839, 242, '10:00:11', '3:00:00AM', 4, 4, 209, 'Returned', '2018', 'Jan', '2018-02-25', 'Walk-in'),
(840, 243, '10:00:11', '3:00:00AM', 1, 1, 210, 'Returned', '2018', 'Jan', '2018-02-26', 'Member'),
(841, 244, '10:00:11', '3:00:00AM', 1, 1, 211, 'Returned', '2018', 'Jan', '2018-02-27', 'Member'),
(842, 245, '10:00:11', '3:00:00AM', 1, 1, 212, 'Returned', '2018', 'Jan', '2018-02-28', 'Member'),
(843, 246, '10:00:11', '3:00:00AM', 2, 2, 213, 'Returned', '2018', 'Jan', '2018-03-01', 'Member'),
(844, 247, '10:00:11', '3:00:00AM', 2, 2, 214, 'Returned', '2018', 'Jan', '2018-03-02', 'Member'),
(845, 248, '10:00:11', '3:00:00AM', 2, 2, 215, 'Returned', '2018', 'Feb', '2018-02-02', 'Member'),
(846, 249, '10:00:11', '3:00:00AM', 3, 3, 216, 'Returned', '2018', 'Feb', '2018-02-03', 'Member'),
(847, 250, '10:00:11', '3:00:00AM', 3, 3, 217, 'Returned', '2018', 'Feb', '2018-02-04', 'Member'),
(848, 251, '10:00:11', '3:00:00AM', 3, 3, 218, 'Returned', '2018', 'Feb', '2018-02-05', 'Member'),
(849, 252, '10:00:11', '3:00:00AM', 4, 4, 219, 'Returned', '2018', 'Feb', '2018-02-06', 'Member'),
(850, 253, '10:00:11', '3:00:00AM', 4, 4, 220, 'Returned', '2018', 'Feb', '2018-02-07', 'Member'),
(851, 254, '10:00:11', '3:00:00AM', 1, 1, 221, 'Returned', '2018', 'Feb', '2018-02-08', 'Member'),
(852, 255, '10:00:11', '3:00:00AM', 1, 1, 222, 'Returned', '2018', 'Feb', '2018-02-09', 'Walk-in'),
(853, 256, '10:00:11', '3:00:00AM', 1, 1, 223, 'Returned', '2018', 'Feb', '2018-02-10', 'Walk-in'),
(854, 257, '10:00:11', '3:00:00AM', 2, 2, 224, 'Returned', '2018', 'Feb', '2018-02-11', 'Walk-in'),
(855, 258, '10:00:11', '3:00:00AM', 2, 2, 225, 'Returned', '2018', 'Feb', '2018-02-12', 'Walk-in'),
(856, 259, '10:00:11', '3:00:00AM', 2, 2, 226, 'Returned', '2018', 'Feb', '2018-02-13', 'Walk-in'),
(857, 260, '10:00:11', '3:00:00AM', 3, 3, 227, 'Returned', '2018', 'Feb', '2018-02-14', 'Walk-in'),
(858, 261, '10:00:11', '3:00:00AM', 3, 3, 228, 'Returned', '2018', 'Mar', '2018-03-03', 'Walk-in'),
(859, 262, '10:00:11', '3:00:00AM', 3, 3, 229, 'Returned', '2018', 'Mar', '2018-03-04', 'Walk-in'),
(860, 263, '10:00:11', '3:00:00AM', 4, 4, 230, 'Returned', '2018', 'Mar', '2018-03-05', 'Member'),
(861, 264, '10:00:11', '3:00:00AM', 4, 4, 231, 'Returned', '2018', 'Mar', '2018-03-06', 'Member'),
(862, 265, '10:00:11', '3:00:00AM', 1, 1, 232, 'Returned', '2018', 'Mar', '2018-03-07', 'Member'),
(863, 266, '10:00:11', '3:00:00AM', 1, 1, 233, 'Returned', '2018', 'Mar', '2018-03-08', 'Member'),
(864, 267, '10:00:11', '3:00:00AM', 1, 1, 234, 'Returned', '2018', 'Mar', '2018-03-09', 'Member'),
(865, 268, '10:00:11', '3:00:00AM', 2, 2, 235, 'Returned', '2018', 'Mar', '2018-03-10', 'Member'),
(866, 269, '10:00:11', '3:00:00AM', 2, 2, 236, 'Returned', '2018', 'Mar', '2018-03-11', 'Member'),
(867, 270, '10:00:11', '3:00:00AM', 2, 2, 237, 'Returned', '2018', 'Mar', '2018-03-12', 'Member'),
(868, 271, '10:00:11', '3:00:00AM', 3, 3, 238, 'Returned', '2018', 'Mar', '2018-03-13', 'Member'),
(869, 272, '10:00:11', '3:00:00AM', 3, 3, 239, 'Returned', '2018', 'Mar', '2018-03-14', 'Member'),
(870, 273, '10:00:11', '3:00:00AM', 3, 3, 240, 'Returned', '2018', 'Mar', '2018-03-15', 'Member'),
(871, 274, '10:00:11', '3:00:00AM', 4, 4, 241, 'Returned', '2018', 'Mar', '2018-03-16', 'Member'),
(872, 275, '10:00:11', '3:00:00AM', 4, 4, 242, 'Returned', '2018', 'Mar', '2018-03-17', 'Member'),
(873, 276, '10:00:11', '3:00:00AM', 1, 1, 243, 'Returned', '2018', 'Mar', '2018-03-18', 'Member'),
(874, 277, '10:00:11', '3:00:00AM', 1, 1, 244, 'Returned', '2018', 'Mar', '2018-03-19', 'Member'),
(875, 278, '10:00:11', '3:00:00AM', 1, 1, 245, 'Returned', '2018', 'Mar', '2018-03-20', 'Member'),
(876, 279, '10:00:11', '3:00:00AM', 2, 2, 246, 'Returned', '2018', 'Mar', '2018-03-21', 'Member'),
(877, 280, '10:00:11', '3:00:00AM', 2, 2, 247, 'Returned', '2018', 'Mar', '2018-03-22', 'Member'),
(878, 281, '10:00:11', '3:00:00AM', 2, 2, 248, 'Returned', '2018', 'Mar', '2018-03-23', 'Member'),
(879, 282, '10:00:11', '3:00:00AM', 3, 3, 249, 'Returned', '2018', 'Mar', '2018-03-24', 'Member'),
(880, 283, '10:00:11', '3:00:00AM', 3, 3, 250, 'Returned', '2018', 'Mar', '2018-03-25', 'Walk-in'),
(886, 1, '20:30:08', '20:30:18', 2, 2, 1, 'Returned', '2018', 'Mar', '2018-03-09', 'Member'),
(887, 1, '20:30:53', '20:31:15', 2, 2, 1, 'Returned', '2018', 'Mar', '2018-03-09', 'Member'),
(888, 1, '20:31:37', '20:31:46', 2, 2, 1, 'Returned', '2018', 'Mar', '2018-03-09', 'Member'),
(889, 1, '20:32:11', '20:32:20', 2, 2, 1, 'Returned', '2018', 'Mar', '2018-03-09', 'Member'),
(890, 3, '20:32:33', '20:32:43', 2, 2, 1, 'Returned', '2018', 'Mar', '2018-03-09', 'Member'),
(891, 1, '20:33:43', '20:33:49', 2, 2, 1, 'Returned', '2018', 'Mar', '2018-03-09', 'Member'),
(892, 1, '23:22:43', '23:24:11', 2, 2, 1, 'Returned', '2018', 'Mar', '2018-03-09', 'Member'),
(893, 1, '00:06:16', '', 2, 0, 1, '', '2018', 'Mar', '2018-03-14', 'Member'),
(894, 1, '07:43:54', '07:44:35', 2, 2, 2, 'Returned', '2018', 'Mar', '2018-03-15', 'Member'),
(895, 1, '07:44:53', '08:17:23', 4, 4, 2, 'Returned', '2018', 'Mar', '2018-03-15', 'Member'),
(896, 1, '16:50:04', '16:50:33', 4, 4, 1, 'Returned', '2018', 'Mar', '2018-03-15', 'Member'),
(897, 1, '17:24:38', '17:27:12', 3, 2, 1, 'Returned', '2018', 'Mar', '2018-03-15', 'Member'),
(898, 3, '17:32:33', '18:18:56', 2, 2, 6, 'Returned', '2018', 'Mar', '2018-03-15', 'Member'),
(899, 7, '18:22:14', '18:25:48', 4, 4, 1, 'Unreturned', '2018', 'Mar', '2018-03-15', 'Member'),
(900, 1, '18:25:14', '18:25:25', 3, 3, 2, 'Returned', '2018', 'Mar', '2018-03-15', 'Member'),
(901, 1, '19:04:21', '19:04:28', 2, 2, 1, 'Returned', '2018', 'Mar', '2018-03-15', 'Member'),
(902, 1, '19:13:46', '19:14:11', 2, 2, 10, 'Returned', '2018', 'Mar', '2018-03-15', 'Member'),
(903, 1, '22:28:25', '23:51:12', 999999999, 999999999, 1, 'Returned', '2018', 'Mar', '2018-03-15', 'Member'),
(904, 2, '22:28:48', '23:51:16', 4, 4, 2, 'Returned', '2018', 'Mar', '2018-03-15', 'Member'),
(905, 348, '22:58:43', '23:51:20', 3, 3, 3, 'Returned', '2018', 'Mar', '2018-03-15', 'Walk-in'),
(906, 3, '23:51:50', '23:52:14', 4, 4, 1, 'Returned', '2018', 'Mar', '2018-03-15', 'Member'),
(907, 1, '00:14:05', '00:18:58', 1, 1, 1, 'Returned', '2018', 'Mar', '2018-03-17', 'Member'),
(908, 2, '00:14:55', '00:18:54', 2, 2, 1, 'Returned', '2018', 'Mar', '2018-03-17', 'Member'),
(909, 3, '00:16:31', '00:18:50', 2, 2, 1, 'Returned', '2018', 'Mar', '2018-03-17', 'Member'),
(910, 1, '00:19:45', '00:27:23', 2, 2, 1, 'Returned', '2018', 'Mar', '2018-03-17', 'Member'),
(911, 2, '00:20:22', '00:27:28', 2, 2, 1, 'Returned', '2018', 'Mar', '2018-03-17', 'Member'),
(912, 3, '00:23:04', '00:27:31', 2, 2, 1, 'Returned', '2018', 'Mar', '2018-03-17', 'Member'),
(913, 9, '00:25:48', '00:27:35', 2, 2, 1, 'Returned', '2018', 'Mar', '2018-03-17', 'Member'),
(914, 8, '00:27:40', '', 2, 0, 12, '', '2018', 'Mar', '2018-03-17', 'Member'),
(915, 1, '00:36:07', '', 2, 0, 222, '', '2018', 'Mar', '2018-03-17', 'Member'),
(916, 7, '00:39:56', '', 2, 0, 16, '', '2018', 'Mar', '2018-03-17', 'Member'),
(917, 13, '00:51:14', '', 2, 0, 1, '', '2018', 'Mar', '2018-03-17', 'Member'),
(918, 1, '16:01:36', '16:09:51', 2, 2, 2, 'Returned', '2018', 'Mar', '2018-03-18', 'Member'),
(919, 1, '16:22:02', '', 2, 0, 1, '', '2018', 'Mar', '2018-03-18', 'Member'),
(920, 2, '16:22:58', '', 2, 0, 2, '', '2018', 'Mar', '2018-03-18', 'Member'),
(921, 7, '16:23:21', '', 3, 0, 3, '', '2018', 'Mar', '2018-03-18', 'Member'),
(922, 10, '16:23:51', '', 2, 0, 4, '', '2018', 'Mar', '2018-03-18', 'Member');

-- --------------------------------------------------------

--
-- Table structure for table `backuphistory`
--

CREATE TABLE `backuphistory` (
  `backup_id` int(8) NOT NULL,
  `backup_type` varchar(6) NOT NULL,
  `backup_date` date NOT NULL,
  `backup_time` time NOT NULL
) ENGINE=InnoDB DEFAULT CHARSET=latin1;

--
-- Dumping data for table `backuphistory`
--

INSERT INTO `backuphistory` (`backup_id`, `backup_type`, `backup_date`, `backup_time`) VALUES
(2, 'Export', '2018-01-27', '02:14:00'),
(3, 'Import', '2018-01-27', '02:19:00'),
(4, 'Export', '2018-01-27', '02:20:00'),
(5, 'Import', '2018-01-27', '02:49:00'),
(11, 'Export', '2018-01-27', '03:25:00'),
(12, 'Export', '2018-02-02', '07:51:00'),
(13, 'Import', '2018-02-06', '11:53:00'),
(14, 'Import', '2018-02-06', '11:53:00'),
(15, 'Export', '2018-02-06', '11:53:00'),
(16, 'Import', '2018-02-06', '05:01:00'),
(17, 'Import', '2018-02-06', '05:01:00'),
(18, 'Import', '2018-02-06', '08:00:00'),
(19, 'Import', '2018-03-19', '00:07:20'),
(20, 'Export', '2018-03-19', '00:13:36'),
(21, 'Export', '2018-03-19', '00:21:23');

-- --------------------------------------------------------

--
-- Table structure for table `client`
--

CREATE TABLE `client` (
  `CLIENT_ID` int(8) NOT NULL,
  `CLIENT_FirstName` text NOT NULL,
  `CLIENT_MiddleName` text NOT NULL,
  `CLIENT_LastName` text NOT NULL,
  `CLIENT_Gender` text NOT NULL,
  `CLIENT_Email` varchar(20) NOT NULL,
  `CLIENT_RegStatus` text NOT NULL,
  `CLIENT_StatusDuration` varchar(11) NOT NULL,
  `CLIENT_ContactNumber` text NOT NULL,
  `CLIENT_userAccount` text NOT NULL,
  `CLIENT_bday` date NOT NULL,
  `CLIENT_year` varchar(10) NOT NULL,
  `CLIENT_month` varchar(10) NOT NULL,
  `CLIENT_day` varchar(10) NOT NULL,
  `CLIENT_regDATE` varchar(11) NOT NULL,
  `month` char(3) NOT NULL,
  `year` char(4) NOT NULL
) ENGINE=InnoDB DEFAULT CHARSET=latin1;

--
-- Dumping data for table `client`
--

INSERT INTO `client` (`CLIENT_ID`, `CLIENT_FirstName`, `CLIENT_MiddleName`, `CLIENT_LastName`, `CLIENT_Gender`, `CLIENT_Email`, `CLIENT_RegStatus`, `CLIENT_StatusDuration`, `CLIENT_ContactNumber`, `CLIENT_userAccount`, `CLIENT_bday`, `CLIENT_year`, `CLIENT_month`, `CLIENT_day`, `CLIENT_regDATE`, `month`, `year`) VALUES
(1, 'Abigail', 'Castillo', 'Ball', 'Male', 'Abigail Ball@gmail.c', 'Member', '', '09371481926', '', '1984-08-10', '1984', '08', '10', '2013-08-15', 'Aug', '2013'),
(2, 'Aiza', 'Bell', 'College', 'Male', 'Aiza College@gmail.c', 'Member', '', '09737992613', '', '1990-04-15', '1990', '04', '15', '2011-02-01', 'Feb', '2011'),
(3, 'Alden', 'Smith', 'Mary', 'Male', 'Alden Mary@gmail.com', 'Member', '', '09659482157', '', '1996-05-30', '1996', '05', '30', '2011-04-29', 'Apr', '2011'),
(4, 'Amihan', 'Jones', 'Hayes', 'Male', 'Amihan Hayes@gmail.c', 'Member', '', '09691780421', '', '1999-05-11', '1999', '05', '11', '2006-03-19', 'Mar', '2006'),
(5, 'Amparo', 'Brown', 'Page', 'Male', 'Amparo Page@gmail.co', 'Member', '', '09353615042', '', '1988-09-20', '1988', '09', '20', '2016-09-24', 'Sep', '2016'),
(6, 'Apolinario', 'Johnson', 'Rose', 'Male', 'Apolinario Rose@gmai', 'Member', '', '09791359392', '', '2005-09-29', '2005', '09', '29', '2011-10-26', 'Oct', '2011'),
(7, 'Amado', 'Williams', 'Patterson', 'Male', 'Amado Patterson@gmai', 'Member', '', '09390787081', '', '1983-09-23', '1983', '09', '23', '2016-06-15', 'Jun', '2016'),
(8, 'Alejandro', 'Miller', 'Ann', 'Male', 'Alejandro Ann@gmail.', 'Member', '', '09708880925', '', '2004-11-10', '2004', '11', '10', '2015-06-20', 'Jun', '2015'),
(9, 'Andres', 'Taylor', 'Crawford', 'Male', 'Andres Crawford@gmai', 'Member', '', '09929659028', '', '2002-03-21', '2002', '03', '21', '2010-08-29', 'Aug', '2010'),
(10, 'Armando', 'Wilson', 'Arnold', 'Male', 'Armando Arnold@gmail', 'Member', '', '09507625599', '', '1995-03-20', '1995', '03', '20', '2007-07-05', 'Jul', '2007'),
(11, 'Angel', 'Davis', 'House', 'Male', 'Angel House@gmail.co', 'Member', '', '09370609024', '', '1987-09-16', '1987', '09', '16', '2007-03-26', 'Mar', '2007'),
(12, 'Antonio', 'White', 'Fletcher', 'Male', 'Antonio Fletcher@gma', 'Member', '', '09427705188', '', '1997-01-10', '1997', '01', '10', '2015-01-15', 'Jan', '2015'),
(13, 'Aquilino', 'Clark', 'Harvey', 'Male', 'Aquilino Harvey@gmai', 'Member', '', '09715926994', '', '2002-04-20', '2002', '04', '20', '2005-06-17', 'Jul', '2005'),
(14, 'Arnel', 'Hall', 'Fuller', 'Male', 'Arnel Fuller@gmail.c', 'Member', '', '09944723323', '', '2002-04-29', '2002', '04', '29', '2006-05-30', 'May', '2006'),
(15, 'Avelino', 'Thomas', 'Elliott', 'Male', 'Avelino Elliott@gmai', 'Member', '', '09499283209', '', '1991-01-13', '1991', '01', '13', '2016-10-29', 'Oct', '2016'),
(16, 'Aaron', 'Thompson', 'Carpenter', 'Male', 'Aaron Carpenter@gmai', 'Member', '', '09491266302', '', '1996-03-19', '1996', '03', '19', '2006-03-15', 'Mar', '2006'),
(17, 'Abigail', 'Moore', 'Perkins', 'Male', 'Abigail Perkins@gmai', 'Member', '', '09409696357', '', '2005-12-23', '2005', '12', '23', '2013-06-29', 'Jun', '2013'),
(18, 'Abraham', 'Hill', 'Morrison', 'Male', 'Abraham Morrison@gma', 'Member', '', '09633901659', '', '2004-07-19', '2004', '07', '19', '2007-02-06', 'Feb', '2007'),
(19, 'Adonis', 'Walker', 'Peterson', 'Male', 'Adonis Peterson@gmai', 'Member', '', '09939382893', '', '2005-02-17', '2005', '02', '17', '2010-01-30', 'Jan', '2010'),
(20, 'Adrian', 'Anderson', 'Davidson', 'Male', 'Adrian Davidson@gmai', 'Member', '', '09708120524', '', '1984-09-30', '1984', '09', '30', '2011-01-15', 'Jan', '2011'),
(21, 'Dalisay', 'Wright', 'Ferguson', 'Male', 'Dalisay Ferguson@gma', 'Member', '', '09444465535', '', '1990-01-23', '1990', '01', '23', '2006-08-07', 'Aug', '2006'),
(22, 'Danilo', 'Martin', 'Park', 'Male', 'Danilo Park@gmail.co', 'Member', '', '09590550552', '', '2003-11-29', '2003', '11', '29', '2009-11-04', 'Nov', '2009'),
(23, 'Divina', 'Wood', 'Myers', 'Male', 'Divina Myers@gmail.c', 'Member', '', '09835449302', '', '1992-04-19', '1992', '04', '19', '2009-05-05', 'May', '2009'),
(24, 'Daisy', 'Allen', 'Ryan', 'Male', 'Daisy Ryan@gmail.com', 'Member', '', '09393101629', '', '1988-09-19', '1988', '09', '19', '2016-05-05', 'May', '2016'),
(25, 'Damien', 'Robinson', 'Freeman', 'Male', 'Damien Freeman@gmail', 'Member', '', '09364648600', '', '2003-06-27', '2003', '06', '27', '2016-10-24', 'Oct', '2016'),
(26, 'Danica', 'Lewis', 'Pierce', 'Female', 'Danica Pierce@gmail.', 'Member', '', '09400809511', '', '2005-12-13', '2005', '12', '13', '2012-02-08', 'Feb', '2012'),
(27, 'Daniel', 'Scott', 'Fellows', 'Female', 'Daniel Fellows@gmail', 'Walk-in', '', '09457851001', '', '1993-05-30', '1993', '05', '30', '2007-07-21', 'Jul', '2007'),
(28, 'Daniela, Danielle', 'Young', 'Douglas', 'Female', 'Daniela, Danielle Do', 'Walk-in', '', '09567091921', '', '2002-05-25', '2002', '05', '25', '2011-07-10', 'Jul', '2011'),
(29, 'Danika', 'Jackson', 'Tucker', 'Female', 'Danika Tucker@gmail.', 'Walk-in', '', '09523142577', '', '1990-05-13', '1990', '05', '13', '2017-08-30', 'Aug', '2017'),
(30, 'Dante', 'Adams', 'Dixon', 'Female', 'Dante Dixon@gmail.co', 'Walk-in', '', '09926301688', '', '1996-04-19', '1996', '04', '19', '2012-02-15', 'Feb', '2012'),
(31, 'Daphne', 'Tryniski', 'Bradley', 'Female', 'Daphne Bradley@gmail', 'Walk-in', '', '09735399423', '', '2001-03-19', '2001', '03', '19', '2007-01-26', 'Jan', '2007'),
(32, 'Daria', 'Green', 'Hopkins', 'Female', 'Daria Hopkins@gmail.', 'Walk-in', '', '09396207172', '', '2004-03-20', '2004', '03', '20', '2005-10-11', 'Oct', '2005'),
(33, 'Darius', 'Evans', 'Potter', 'Female', 'Darius Potter@gmail.', 'Walk-in', '', '09965980473', '', '1997-06-17', '1997', '06', '17', '2011-12-22', 'Dec', '2011'),
(34, 'Darlene', 'King', 'Lloyd', 'Female', 'Darlene Lloyd@gmail.', 'Walk-in', '', '09412261059', '', '1999-11-19', '1999', '11', '19', '2011-04-26', 'Apr', '2011'),
(35, 'Darryl', 'Baker', 'Owen', 'Female', 'Darryl Owen@gmail.co', 'Walk-in', '', '09595939557', '', '2000-07-11', '2000', '07', '11', '2010-01-09', 'Jan', '2010'),
(36, 'Darwin', 'John', 'Payne', 'Female', 'Darwin Payne@gmail.c', 'Walk-in', '', '09529824616', '', '1979-08-12', '1979', '08', '12', '2017-02-16', 'Feb', '2017'),
(37, 'David', 'Harris', 'Curtis', 'Female', 'David Curtis@gmail.c', 'Walk-in', '', '09449666107', '', '1996-07-11', '1996', '07', '11', '2010-12-12', 'Dec', '2010'),
(38, 'Dean', 'Roberts', 'Newton', 'Female', 'Dean Newton@gmail.co', 'Walk-in', '', '09935668380', '', '1986-07-21', '1986', '07', '21', '2014-05-08', 'May', '2014'),
(39, 'Deither', 'Campbell', 'Woods', 'Female', 'Deither Woods@gmail.', 'Walk-in', '', '09454096138', '', '1993-04-13', '1993', '04', '13', '2014-11-15', 'Nov', '2014'),
(40, 'Delila', 'James', 'Carr', 'Female', 'Delila Carr@gmail.co', 'Walk-in', '', '09516039339', '', '1982-03-22', '1982', '03', '22', '2016-05-24', 'May', '2016'),
(41, 'Demetria', 'Stewart', 'Duncan', 'Female', 'Demetria Duncan@gmai', 'Walk-in', '', '09634371167', '', '1978-09-11', '1978', '09', '11', '2015-10-20', 'Oct', '2015'),
(42, 'Denis, Dennis', 'Lee', 'French', 'Female', 'Denis, Dennis French', 'Walk-in', '', '09464812233', '', '1978-03-30', '1978', '03', '30', '2015-05-31', 'May', '2015'),
(43, 'Denise', 'County', 'Baldwin', 'Female', 'Denise Baldwin@gmail', 'Walk-in', '', '09734494051', '', '1990-02-13', '1990', '02', '13', '2006-08-14', 'Aug', '2006'),
(44, 'Pablo', 'Turner', 'Field', 'Female', 'Pablo Field@gmail.co', 'Walk-in', '', '09660653609', '', '1989-09-13', '1989', '09', '13', '2013-02-22', 'Feb', '2013'),
(45, 'Paco', 'Parker', 'Bishop', 'Female', 'Paco Bishop@gmail.co', 'Walk-in', '', '09418806282', '', '1998-11-16', '1998', '11', '16', '2009-09-05', 'Sep', '2009'),
(46, 'Palma', 'Cook', 'Pearson', 'Female', 'Palma Pearson@gmail.', 'Walk-in', '', '09921192741', '', '1993-10-12', '1993', '10', '12', '2010-05-26', 'May', '2010'),
(47, 'Palmer', 'Mc', 'Brien', 'Female', 'Palmer Brien@gmail.c', 'Walk-in', '', '09817084254', '', '1997-08-28', '1997', '08', '28', '2015-06-19', 'Jun', '2015'),
(48, 'Paloma', 'Edwards', 'Williamson', 'Female', 'Paloma Williamson@gm', 'Walk-in', '', '09684663643', '', '1981-07-16', '1981', '07', '16', '2005-12-09', 'Dec', '2005'),
(49, 'Pamela', 'Morris', 'Nichols', 'Female', 'Pamela Nichols@gmail', 'Walk-in', '', '09633278399', '', '1989-09-22', '1989', '09', '22', '2012-08-28', 'Aug', '2012'),
(50, 'Pancho', 'Mitchell', 'Wilkinson', 'Female', 'Pancho Wilkinson@gma', 'Walk-in', '', '09844105713', '', '2001-10-29', '2001', '10', '29', '2005-07-19', 'Jul', '2005'),
(84, 'Bria', 'Fuller', 'Watson', 'Male', 'Bria@gmail.com', 'Walk-in', '', '9992898762', '', '1990-01-01', '1990', '01', '01', '2017-01-01', 'Jan', '2017'),
(85, 'Savanna', 'Walton', 'Jacobson', 'Female', 'Savanna@gmail.com', 'Walk-in', '', '9927654121', '', '1990-01-02', '1990', '01', '02', '2017-01-02', 'Jan', '2017'),
(86, 'Aedan', 'Ford', 'Burch', 'Female', 'Aedan@gmail.com', 'Walk-in', '', '9921317272', '', '1990-01-03', '1990', '01', '03', '2017-01-03', 'Jan', '2017'),
(87, 'Rishi', 'Hess', 'Jackson', 'Female', 'Rishi@gmail.com', 'Walk-in', '', '9875708562', '', '1990-01-04', '1990', '01', '04', '2017-01-04', 'Jan', '2017'),
(88, 'Angeline', 'Barajas', 'Hutchinson', 'Female', 'Angeline@gmail.com', 'Walk-in', '', '9839917817', '', '1990-01-05', '1990', '01', '05', '2017-01-05', 'Jan', '2017'),
(89, 'Mayra', 'Case', 'Parsons', 'Female', 'Mayra@gmail.com', 'Walk-in', '', '9804127072', '', '1990-01-06', '1990', '01', '06', '2017-01-06', 'Jan', '2017'),
(90, 'Reese', 'Waller', 'Salazar', 'Female', 'Reese@gmail.com', 'Walk-in', '', '9768336327', '', '1990-01-07', '1990', '01', '07', '2017-01-07', 'Jan', '2017'),
(91, 'Landin', 'Sparks', 'Carpenter', 'Female', 'Landin@gmail.com', 'Walk-in', '', '9732545582', '', '1990-01-08', '1990', '01', '08', '2017-01-08', 'Jan', '2017'),
(92, 'Makena', 'Preston', 'Ellis', 'Female', 'Makena@gmail.com', 'Walk-in', '', '9696754837', '', '1990-01-09', '1990', '01', '09', '2017-01-09', 'Jan', '2017'),
(93, 'Peter', 'Spence', 'Norton', 'Male', 'Peter@gmail.com', 'Walk-in', '', '9660964092', '', '1990-01-10', '1990', '01', '10', '2017-01-10', 'Jan', '2017'),
(94, 'Aleah', 'Owen', 'Bryan', 'Female', 'Aleah@gmail.com', 'Walk-in', '', '9625173347', '', '1990-01-11', '1990', '01', '11', '2017-01-11', 'Jan', '2017'),
(95, 'Elias', 'Benitez', 'Riley', 'Female', 'Elias@gmail.com', 'Walk-in', '', '9589382602', '', '1990-01-12', '1990', '01', '12', '2017-01-12', 'Jan', '2017'),
(96, 'Kamora', 'Brandt', 'Duke', 'Female', 'Kamora@gmail.com', 'Walk-in', '', '9553591857', '', '1990-01-13', '1990', '01', '13', '2017-01-13', 'Jan', '2017'),
(97, 'Luciana', 'Huber', 'Reyes', 'Female', 'Luciana@gmail.com', 'Walk-in', '', '9517801112', '', '1990-01-14', '1990', '01', '14', '2017-01-14', 'Jan', '2017'),
(98, 'Andres', 'Maynard', 'Shaffer', 'Male', 'Andres@gmail.com', 'Member', '', '9482010367', '', '1990-01-15', '1990', '01', '15', '2017-01-15', 'Jan', '2017'),
(99, 'Kristopher', 'Todd', 'Nguyen', 'Male', 'Kristopher@gmail.com', 'Member', '', '9446219622', '', '1990-01-16', '1990', '01', '16', '2017-02-01', 'Feb', '2017'),
(100, 'Ernesto', 'Kramer', 'Cooley', 'Male', 'Ernesto@gmail.com', 'Member', '', '9410428877', '', '1990-01-17', '1990', '01', '17', '2017-02-02', 'Feb', '2017'),
(101, 'Jerimiah', 'Webb', 'Faulkner', 'Male', 'Jerimiah@gmail.com', 'Member', '', '9374638132', '', '1990-01-18', '1990', '01', '18', '2017-02-03', 'Feb', '2017'),
(102, 'Gael', 'Klein', 'Harrell', 'Male', 'Gael@gmail.com', 'Member', '', '9338847387', '', '1990-01-19', '1990', '01', '19', '2017-02-04', 'Feb', '2017'),
(103, 'Rylan', 'Valdez', 'Freeman', 'Female', 'Rylan@gmail.com', 'Member', '', '9303056642', '', '1990-01-20', '1990', '01', '20', '2017-02-05', 'Feb', '2017'),
(104, 'Bridget', 'Combs', 'Hull', 'Female', 'Bridget@gmail.com', 'Member', '', '9267265897', '', '1990-01-21', '1990', '01', '21', '2017-02-06', 'Feb', '2017'),
(105, 'Ali', 'Nielsen', 'Franklin', 'Female', 'Ali@gmail.com', 'Member', '', '9231475152', '', '1990-01-22', '1990', '01', '22', '2017-02-07', 'Feb', '2017'),
(106, 'Madalyn', 'Figueroa', 'Long', 'Female', 'Madalyn@gmail.com', 'Member', '', '9195684407', '', '1990-01-23', '1990', '01', '23', '2017-02-08', 'Feb', '2017'),
(107, 'Giada', 'Barton', 'Whitney', 'Female', 'Giada@gmail.com', 'Member', '', '9159893662', '', '1990-01-24', '1990', '01', '24', '2017-02-09', 'Feb', '2017'),
(108, 'Emilia', 'Williams', 'Adams', 'Female', 'Emilia@gmail.com', 'Member', '', '9124102917', '', '1990-01-25', '1990', '01', '25', '2017-02-10', 'Feb', '2017'),
(109, 'Carmelo', 'Logan', 'Stuart', 'Male', 'Carmelo@gmail.com', 'Member', '', '9088312172', '', '1990-01-26', '1990', '01', '26', '2017-02-11', 'Feb', '2017'),
(110, 'Teresa', 'Goodwin', 'Merritt', 'Female', 'Teresa@gmail.com', 'Member', '', '9052521427', '', '1990-01-27', '1990', '01', '27', '2017-02-12', 'Feb', '2017'),
(111, 'Journey', 'Lester', 'Villarreal', 'Female', 'Journey@gmail.com', 'Member', '', '9016730682', '', '1990-01-28', '1990', '01', '28', '2017-02-13', 'Feb', '2017'),
(112, 'Aaden', 'Dennis', 'Daniel', 'Female', 'Aaden@gmail.com', 'Member', '', '9992898762', '', '1990-01-29', '1990', '01', '29', '2017-03-25', 'Mar', '2017'),
(113, 'Kamari', 'Henson', 'Mcintosh', 'Female', 'Kamari@gmail.com', 'Walk-in', '', '9927654121', '', '1990-01-30', '1990', '01', '30', '2017-03-26', 'Mar', '2017'),
(114, 'Macie', 'Pham', 'Quinn', 'Female', 'Macie@gmail.com', 'Walk-in', '', '9921317272', '', '1990-01-31', '1990', '01', '31', '2017-03-27', 'Mar', '2017'),
(115, 'Deacon', 'Velazquez', 'Melendez', 'Female', 'Deacon@gmail.com', 'Walk-in', '', '9875708562', '', '1990-02-01', '1990', '02', '01', '2017-03-28', 'Mar', '2017'),
(116, 'Kiera', 'Huff', 'Gilbert', 'Female', 'Kiera@gmail.com', 'Walk-in', '', '9839917817', '', '1990-02-02', '1990', '02', '02', '2017-03-29', 'Mar', '2017'),
(117, 'Jaylynn', 'Montgomery', 'Bender', 'Female', 'Jaylynn@gmail.com', 'Walk-in', '', '9804127072', '', '1990-02-03', '1990', '02', '03', '2017-03-30', 'Mar', '2017'),
(118, 'Matthew', 'Mathis', 'Mccall', 'Male', 'Matthew@gmail.com', 'Walk-in', '', '9768336327', '', '1990-02-04', '1990', '02', '04', '2017-03-31', 'Mar', '2017'),
(119, 'Nevaeh', 'Floyd', 'Maynard', 'Female', 'Nevaeh@gmail.com', 'Walk-in', '', '9732545582', '', '1990-02-05', '1990', '02', '05', '2017-04-01', 'Apr', '2017'),
(120, 'Jaida', 'Schaefer', 'Travis', 'Female', 'Jaida@gmail.com', 'Walk-in', '', '9696754837', '', '1990-02-06', '1990', '02', '06', '2017-04-02', 'Apr', '2017'),
(121, 'Dominick', 'Duncan', 'Yates', 'Male', 'Dominick@gmail.com', 'Walk-in', '', '9660964092', '', '1990-02-07', '1990', '02', '07', '2017-04-03', 'Apr', '2017'),
(122, 'Jaydin', 'Shea', 'Hayes', 'Female', 'Jaydin@gmail.com', 'Walk-in', '', '9625173347', '', '1990-02-08', '1990', '02', '08', '2017-05-05', 'May', '2017'),
(123, 'Emery', 'Reed', 'Larson', 'Female', 'Emery@gmail.com', 'Walk-in', '', '9589382602', '', '1990-02-09', '1990', '02', '09', '2017-05-06', 'May', '2017'),
(124, 'Haley', 'Sanchez', 'Tyler', 'Female', 'Haley@gmail.com', 'Walk-in', '', '9553591857', '', '1990-02-10', '1990', '02', '10', '2017-05-07', 'May', '2017'),
(125, 'Presley', 'Brock', 'Trevino', 'Female', 'Presley@gmail.com', 'Walk-in', '', '9517801112', '', '1990-02-11', '1990', '02', '11', '2017-05-08', 'May', '2017'),
(126, 'Maryjane', 'Torres', 'Lester', 'Female', 'Maryjane@gmail.com', 'Walk-in', '', '9482010367', '', '1990-02-12', '1990', '02', '12', '2017-05-09', 'May', '2017'),
(127, 'Darian', 'Baldwin', 'Paul', 'Male', 'Darian@gmail.com', 'Member', '', '9446219622', '', '1990-02-13', '1990', '02', '13', '2017-05-10', 'May', '2017'),
(128, 'Brooke', 'Duke', 'Love', 'Male', 'Brooke@gmail.com', 'Member', '', '9410428877', '', '1990-02-14', '1990', '02', '14', '2017-05-11', 'May', '2017'),
(129, 'Liam', 'Hampton', 'Blair', 'Male', 'Liam@gmail.com', 'Member', '', '9374638132', '', '1990-02-15', '1990', '02', '15', '2017-05-12', 'May', '2017'),
(130, 'Jeremiah', 'Newton', 'Mendoza', 'Male', 'Jeremiah@gmail.com', 'Member', '', '9338847387', '', '1990-02-16', '1990', '02', '16', '2017-05-13', 'May', '2017'),
(131, 'Aria', 'Bailey', 'Brooks', 'Male', 'Aria@gmail.com', 'Member', '', '9303056642', '', '1990-02-17', '1990', '02', '17', '2017-05-14', 'May', '2017'),
(132, 'Landen', 'Holland', 'Sexton', 'Male', 'Landen@gmail.com', 'Member', '', '9267265897', '', '1990-02-18', '1990', '02', '18', '2017-05-15', 'May', '2017'),
(133, 'Noel', 'Kent', 'Dougherty', 'Male', 'Noel@gmail.com', 'Member', '', '9231475152', '', '1990-02-19', '1990', '02', '19', '2017-05-16', 'May', '2017'),
(134, 'Eileen', 'Hernandez', 'Nichols', 'Male', 'Eileen@gmail.com', 'Member', '', '9195684407', '', '1990-02-20', '1990', '02', '20', '2017-05-17', 'May', '2017'),
(135, 'Yosef', 'Roberson', 'Snow', 'Male', 'Yosef@gmail.com', 'Member', '', '9159893662', '', '1990-02-21', '1990', '02', '21', '2017-05-18', 'May', '2017'),
(136, 'Dominique', 'Bass', 'Fernandez', 'Male', 'Dominique@gmail.com', 'Member', '', '9124102917', '', '1990-02-22', '1990', '02', '22', '2017-06-24', 'Jun', '2017'),
(137, 'Rylee', 'Grant', 'Delgado', 'Male', 'Rylee@gmail.com', 'Member', '', '9088312172', '', '1990-02-23', '1990', '02', '23', '2017-06-25', 'Jun', '2017'),
(138, 'Alyssa', 'Harmon', 'Rosales', 'Female', 'Alyssa@gmail.com', 'Member', '', '9052521427', '', '1990-02-24', '1990', '02', '24', '2017-06-26', 'Jun', '2017'),
(139, 'Gunnar', 'Reid', 'Roth', 'Female', 'Gunnar@gmail.com', 'Member', '', '9016730682', '', '1990-02-25', '1990', '02', '25', '2017-06-27', 'Jun', '2017'),
(140, 'Andy', 'Buck', 'Webster', 'Male', 'Andy@gmail.com', 'Member', '', '9992898762', '', '1990-02-26', '1990', '02', '26', '2017-06-28', 'Jun', '2017'),
(141, 'Casey', 'Morse', 'Buckley', 'Female', 'Casey@gmail.com', 'Member', '', '9927654121', '', '1990-02-27', '1990', '02', '27', '2017-06-29', 'Jun', '2017'),
(142, 'Kiana', 'Velez', 'Ayala', 'Female', 'Kiana@gmail.com', 'Walk-in', '', '9921317272', '', '1990-02-28', '1990', '02', '28', '2017-06-30', 'Jun', '2017'),
(143, 'Zoey', 'Foster', 'Donaldson', 'Female', 'Zoey@gmail.com', 'Walk-in', '', '9875708562', '', '1990-03-01', '1990', '03', '01', '2017-07-01', 'Jul', '2017'),
(144, 'Payton', 'Barnes', 'Fry', 'Female', 'Payton@gmail.com', 'Walk-in', '', '9839917817', '', '1990-03-02', '1990', '03', '02', '2017-07-02', 'Jul', '2017'),
(145, 'Kaylee', 'Irwin', 'Miller', 'Female', 'Kaylee@gmail.com', 'Walk-in', '', '9804127072', '', '1990-03-03', '1990', '03', '03', '2017-07-03', 'Jul', '2017'),
(146, 'Brent', 'Ryan', 'Hunt', 'Male', 'Brent@gmail.com', 'Walk-in', '', '9768336327', '', '1990-03-04', '1990', '03', '04', '2017-07-04', 'Jul', '2017'),
(147, 'Griffin', 'Cuevas', 'Bass', 'Male', 'Griffin@gmail.com', 'Walk-in', '', '9732545582', '', '1990-03-05', '1990', '03', '05', '2017-07-05', 'Jul', '2017'),
(148, 'Quincy', 'Ferguson', 'Collier', 'Female', 'Quincy@gmail.com', 'Walk-in', '', '9696754837', '', '1990-03-06', '1990', '03', '06', '2017-07-06', 'Jul', '2017'),
(149, 'Kenya', 'Tapia', 'Owens', 'Female', 'Kenya@gmail.com', 'Walk-in', '', '9660964092', '', '1990-03-07', '1990', '03', '07', '2017-07-07', 'Jul', '2017'),
(150, 'Bo', 'Ashley', 'Alvarez', 'Female', 'Bo@gmail.com', 'Walk-in', '', '9625173347', '', '1990-03-08', '1990', '03', '08', '2017-07-08', 'Jul', '2017'),
(151, 'Mariam', 'Clements', 'Snyder', 'Female', 'Mariam@gmail.com', 'Walk-in', '', '9589382602', '', '1990-03-09', '1990', '03', '09', '2017-07-09', 'Jul', '2017'),
(152, 'Jayla', 'Tyler', 'Macias', 'Female', 'Jayla@gmail.com', 'Walk-in', '', '9553591857', '', '1990-03-10', '1990', '03', '10', '2017-08-03', 'Aug', '2017'),
(153, 'Chelsea', 'Porter', 'Dunlap', 'Female', 'Chelsea@gmail.com', 'Walk-in', '', '9517801112', '', '1990-03-11', '1990', '03', '11', '2017-08-04', 'Aug', '2017'),
(154, 'Daniel', 'Boyle', 'Gallegos', 'Male', 'Daniel@gmail.com', 'Walk-in', '', '9482010367', '', '1990-03-12', '1990', '03', '12', '2017-08-05', 'Aug', '2017'),
(155, 'Zara', 'Haas', 'Tanner', 'Female', 'Zara@gmail.com', 'Walk-in', '', '9446219622', '', '1990-03-13', '1990', '03', '13', '2017-08-06', 'Aug', '2017'),
(156, 'Elise', 'Gardner', 'Glover', 'Female', 'Elise@gmail.com', 'Member', '', '9410428877', '', '1990-03-14', '1990', '03', '14', '2017-08-07', 'Aug', '2017'),
(157, 'Shyanne', 'Davidson', 'Dunn', 'Female', 'Shyanne@gmail.com', 'Member', '', '9374638132', '', '1990-03-15', '1990', '03', '15', '2017-08-08', 'Aug', '2017'),
(158, 'Richard', 'Green', 'Jenkins', 'Male', 'Richard@gmail.com', 'Member', '', '9338847387', '', '1990-03-16', '1990', '03', '16', '2017-08-09', 'Aug', '2017'),
(159, 'Vincent', 'Quinn', 'Kerr', 'Male', 'Vincent@gmail.com', 'Member', '', '9303056642', '', '1990-03-17', '1990', '03', '17', '2017-08-10', 'Aug', '2017'),
(160, 'Roger', 'Peterson', 'Mercado', 'Male', 'Roger@gmail.com', 'Member', '', '9267265897', '', '1990-03-18', '1990', '03', '18', '2017-08-11', 'Aug', '2017'),
(161, 'Lizbeth', 'Moreno', 'Guzman', 'Female', 'Lizbeth@gmail.com', 'Member', '', '9231475152', '', '1990-03-19', '1990', '03', '19', '2017-08-12', 'Aug', '2017'),
(162, 'Nikhil', 'Stewart', 'Marks', 'Female', 'Nikhil@gmail.com', 'Member', '', '9195684407', '', '1990-03-20', '1990', '03', '20', '2017-08-13', 'Aug', '2017'),
(163, 'Sadie', 'Mata', 'Archer', 'Female', 'Sadie@gmail.com', 'Member', '', '9159893662', '', '1990-03-21', '1990', '03', '21', '2017-09-01', 'Sep', '2017'),
(164, 'Baylee', 'Graham', 'Galloway', 'Female', 'Baylee@gmail.com', 'Member', '', '9124102917', '', '1990-03-22', '1990', '03', '22', '2017-09-02', 'Sep', '2017'),
(165, 'Tyler', 'Joseph', 'Esparza', 'Female', 'Tyler@gmail.com', 'Member', '', '9088312172', '', '1990-03-23', '1990', '03', '23', '2017-09-03', 'Sep', '2017'),
(166, 'Brandon', 'Baxter', 'Mora', 'Male', 'Brandon@gmail.com', 'Member', '', '9052521427', '', '1990-03-24', '1990', '03', '24', '2017-09-04', 'Sep', '2017'),
(167, 'Brett', 'Lawson', 'Durham', 'Male', 'Brett@gmail.com', 'Member', '', '9016730682', '', '1990-03-25', '1990', '03', '25', '2017-09-05', 'Sep', '2017'),
(168, 'Jayce', 'Stanton', 'Pruitt', 'Male', 'Jayce@gmail.com', 'Member', '', '9992898762', '', '1990-03-26', '1990', '03', '26', '2017-09-06', 'Sep', '2017'),
(169, 'Nicole', 'Rush', 'Martinez', 'Female', 'Nicole@gmail.com', 'Member', '', '9927654121', '', '1990-03-27', '1990', '03', '27', '2017-09-07', 'Sep', '2017'),
(170, 'Cecilia', 'Poole', 'Webb', 'Female', 'Cecilia@gmail.com', 'Member', '', '9921317272', '', '1990-03-28', '1990', '03', '28', '2017-09-08', 'Sep', '2017'),
(171, 'Cannon', 'Mendez', 'Lopez', 'Female', 'Cannon@gmail.com', 'Walk-in', '', '9875708562', '', '1990-03-29', '1990', '03', '29', '2017-09-09', 'Sep', '2017'),
(172, 'Fisher', 'Fowler', 'Valdez', 'Female', 'Fisher@gmail.com', 'Walk-in', '', '9839917817', '', '1990-03-30', '1990', '03', '30', '2017-09-10', 'Sep', '2017'),
(173, 'Aditya', 'Craig', 'Payne', 'Female', 'Aditya@gmail.com', 'Walk-in', '', '9804127072', '', '1990-03-31', '1990', '03', '31', '2017-09-11', 'Sep', '2017'),
(174, 'Zayne', 'Olson', 'Palmer', 'Female', 'Zayne@gmail.com', 'Walk-in', '', '9768336327', '', '1990-04-01', '1990', '04', '01', '2017-09-12', 'Sep', '2017'),
(175, 'Steven', 'Rasmussen', 'Harrington', 'Male', 'Steven@gmail.com', 'Walk-in', '', '9732545582', '', '1990-04-02', '1990', '04', '02', '2017-09-13', 'Sep', '2017'),
(176, 'Jayden', 'Rogers', 'Adkins', 'Female', 'Jayden@gmail.com', 'Walk-in', '', '9696754837', '', '1990-04-03', '1990', '04', '03', '2017-09-14', 'Sep', '2017'),
(177, 'Camryn', 'Alexander', 'Hatfield', 'Male', 'Camryn@gmail.com', 'Walk-in', '', '9660964092', '', '1990-04-04', '1990', '04', '04', '2017-09-15', 'Sep', '2017'),
(178, 'Kendrick', 'Lyons', 'Cochran', 'Male', 'Kendrick@gmail.com', 'Walk-in', '', '9625173347', '', '1990-04-05', '1990', '04', '05', '2017-10-03', 'Oct', '2017'),
(179, 'Jade', 'Briggs', 'Rosario', 'Female', 'Jade@gmail.com', 'Walk-in', '', '9589382602', '', '1990-04-06', '1990', '04', '06', '2017-10-04', 'Oct', '2017'),
(180, 'Elisabeth', 'Owens', 'Frey', 'Female', 'Elisabeth@gmail.com', 'Walk-in', '', '9553591857', '', '1990-04-07', '1990', '04', '07', '2017-10-05', 'Oct', '2017'),
(181, 'August', 'Frederick', 'Olsen', 'Female', 'August@gmail.com', 'Walk-in', '', '9517801112', '', '1990-04-08', '1990', '04', '08', '2017-10-06', 'Oct', '2017'),
(182, 'Jazmin', 'Sampson', 'Michael', 'Female', 'Jazmin@gmail.com', 'Walk-in', '', '9482010367', '', '1990-04-09', '1990', '04', '09', '2017-10-07', 'Oct', '2017'),
(183, 'Adison', 'Jensen', 'Morrison', 'Female', 'Adison@gmail.com', 'Walk-in', '', '9446219622', '', '1990-04-10', '1990', '04', '10', '2017-10-08', 'Oct', '2017'),
(184, 'Cora', 'Ayers', 'Pugh', 'Female', 'Cora@gmail.com', 'Walk-in', '', '9410428877', '', '1990-04-11', '1990', '04', '11', '2017-10-09', 'Oct', '2017'),
(185, 'Haylee', 'Lucero', 'Booker', 'Female', 'Haylee@gmail.com', 'Member', '', '9374638132', '', '1990-04-12', '1990', '04', '12', '2017-10-10', 'Oct', '2017'),
(186, 'Harley', 'Anderson', 'Mcdowell', 'Female', 'Harley@gmail.com', 'Member', '', '9338847387', '', '1990-04-13', '1990', '04', '13', '2017-10-11', 'Oct', '2017'),
(187, 'Colby', 'Willis', 'Dodson', 'Female', 'Colby@gmail.com', 'Member', '', '9303056642', '', '1990-04-14', '1990', '04', '14', '2017-10-12', 'Oct', '2017'),
(188, 'Layne', 'Daniel', 'Hendrix', 'Female', 'Layne@gmail.com', 'Member', '', '9267265897', '', '1990-04-15', '1990', '04', '15', '2017-10-13', 'Oct', '2017'),
(189, 'Aliana', 'Osborn', 'Huff', 'Female', 'Aliana@gmail.com', 'Member', '', '9231475152', '', '1990-04-16', '1990', '04', '16', '2017-10-14', 'Oct', '2017'),
(190, 'Jacey', 'Olsen', 'Sims', 'Male', 'Jacey@gmail.com', 'Member', '', '9195684407', '', '1990-04-17', '1990', '04', '17', '2017-11-01', 'Nov', '2017'),
(191, 'Savannah', 'Khan', 'Cannon', 'Female', 'Savannah@gmail.com', 'Member', '', '9159893662', '', '1990-04-18', '1990', '04', '18', '2017-11-02', 'Nov', '2017'),
(192, 'Lina', 'Sims', 'Ford', 'Female', 'Lina@gmail.com', 'Member', '', '9124102917', '', '1990-04-19', '1990', '04', '19', '2017-11-03', 'Nov', '2017'),
(193, 'Regina', 'Benjamin', 'Hardy', 'Female', 'Regina@gmail.com', 'Member', '', '9088312172', '', '1990-04-20', '1990', '04', '20', '2017-11-04', 'Nov', '2017'),
(194, 'Catalina', 'Johns', 'Orr', 'Female', 'Catalina@gmail.com', 'Member', '', '9052521427', '', '1990-04-21', '1990', '04', '21', '2017-11-05', 'Nov', '2017'),
(195, 'Enrique', 'Terry', 'Blake', 'Male', 'Enrique@gmail.com', 'Member', '', '9016730682', '', '1990-04-22', '1990', '04', '22', '2017-11-06', 'Nov', '2017'),
(196, 'Roy', 'Jimenez', 'Ellison', 'Male', 'Roy@gmail.com', 'Member', '', '9992898762', '', '1990-04-23', '1990', '04', '23', '2017-11-07', 'Nov', '2017'),
(197, 'Hailey', 'Glass', 'Costa', 'Female', 'Hailey@gmail.com', 'Member', '', '9927654121', '', '1990-04-24', '1990', '04', '24', '2017-11-08', 'Nov', '2017'),
(198, 'Salma', 'Valentine', 'Wallace', 'Female', 'Salma@gmail.com', 'Member', '', '9921317272', '', '1990-04-25', '1990', '04', '25', '2017-11-09', 'Nov', '2017'),
(199, 'Karter', 'Anthony', 'Shelton', 'Female', 'Karter@gmail.com', 'Member', '', '9875708562', '', '1990-04-26', '1990', '04', '26', '2017-11-10', 'Nov', '2017'),
(200, 'Bryanna', 'Luna', 'Cordova', 'Female', 'Bryanna@gmail.com', 'Walk-in', '', '9839917817', '', '1990-04-27', '1990', '04', '27', '2017-11-11', 'Nov', '2017'),
(201, 'Arthur', 'Hodges', 'Schaefer', 'Male', 'Arthur@gmail.com', 'Walk-in', '', '9804127072', '', '1990-04-28', '1990', '04', '28', '2017-11-12', 'Nov', '2017'),
(202, 'Jillian', 'Donaldson', 'Kelly', 'Female', 'Jillian@gmail.com', 'Walk-in', '', '9768336327', '', '1990-04-29', '1990', '04', '29', '2017-12-01', 'Dec', '2017'),
(203, 'Sonia', 'Carey', 'Schneider', 'Female', 'Sonia@gmail.com', 'Walk-in', '', '9732545582', '', '1990-04-30', '1990', '04', '30', '2017-12-02', 'Dec', '2017'),
(204, 'Serenity', 'Patel', 'Mays', 'Female', 'Serenity@gmail.com', 'Walk-in', '', '9696754837', '', '1990-05-01', '1990', '05', '01', '2017-12-03', 'Dec', '2017'),
(205, 'Tyree', 'Cortez', 'Lawrence', 'Female', 'Tyree@gmail.com', 'Walk-in', '', '9660964092', '', '1990-05-02', '1990', '05', '02', '2017-12-04', 'Dec', '2017'),
(206, 'Niko', 'Haney', 'Miranda', 'Male', 'Niko@gmail.com', 'Walk-in', '', '9625173347', '', '1990-05-03', '1990', '05', '03', '2017-12-05', 'Dec', '2017'),
(207, 'Kaylen', 'Miranda', 'Parrish', 'Female', 'Kaylen@gmail.com', 'Walk-in', '', '9589382602', '', '1990-05-04', '1990', '05', '04', '2017-12-06', 'Dec', '2017'),
(208, 'Cassandra', 'Ramsey', 'Lambert', 'Female', 'Cassandra@gmail.com', 'Walk-in', '', '9553591857', '', '1990-05-05', '1990', '05', '05', '2017-12-07', 'Dec', '2017'),
(209, 'Bernard', 'Shah', 'Baker', 'Female', 'Bernard@gmail.com', 'Walk-in', '', '9517801112', '', '1990-05-06', '1990', '05', '06', '2017-12-08', 'Dec', '2017'),
(210, 'Peyton', 'Blake', 'Farmer', 'Male', 'Peyton@gmail.com', 'Walk-in', '', '9482010367', '', '1990-05-07', '1990', '05', '07', '2017-12-09', 'Dec', '2017'),
(211, 'Tyler', 'Maldonado', 'Mcneil', 'Male', 'Tyler@gmail.com', 'Walk-in', '', '9446219622', '', '1990-05-08', '1990', '05', '08', '2017-12-10', 'Dec', '2017'),
(212, 'Sammy', 'Chen', 'Jarvis', 'Male', 'Sammy@gmail.com', 'Walk-in', '', '9410428877', '', '1990-05-09', '1990', '05', '09', '2017-12-11', 'Dec', '2017'),
(213, 'Anahi', 'Barry', 'Turner', 'Male', 'Anahi@gmail.com', 'Walk-in', '', '9374638132', '', '1990-05-10', '1990', '05', '10', '2017-12-12', 'Dec', '2017'),
(214, 'Jamari', 'Perkins', 'Novak', 'Male', 'Jamari@gmail.com', 'Member', '', '9338847387', '', '1990-05-11', '1990', '05', '11', '2017-12-13', 'Dec', '2017'),
(215, 'Leandro', 'Morrow', 'Patrick', 'Male', 'Leandro@gmail.com', 'Member', '', '9303056642', '', '1990-05-12', '1990', '05', '12', '2018-01-01', 'Jan', '2018'),
(216, 'Liliana', 'Colon', 'Mccann', 'Female', 'Liliana@gmail.com', 'Member', '', '9267265897', '', '1990-05-13', '1990', '05', '13', '2018-01-02', 'Jan', '2018'),
(217, 'Kaya', 'Glenn', 'Cowan', 'Female', 'Kaya@gmail.com', 'Member', '', '9231475152', '', '1990-05-14', '1990', '05', '14', '2018-01-03', 'Jan', '2018'),
(218, 'Lilah', 'Little', 'Rodriguez', 'Female', 'Lilah@gmail.com', 'Member', '', '9195684407', '', '1990-05-15', '1990', '05', '15', '2018-01-04', 'Jan', '2018'),
(219, 'Mareli', 'Lewis', 'Stephenson', 'Female', 'Mareli@gmail.com', 'Member', '', '9159893662', '', '1990-05-16', '1990', '05', '16', '2018-01-05', 'Jan', '2018'),
(220, 'Alfred', 'Wang', 'Vincent', 'Male', 'Alfred@gmail.com', 'Member', '', '9124102917', '', '1990-05-17', '1990', '05', '17', '2018-01-06', 'Jan', '2018'),
(221, 'Sawyer', 'Phelps', 'Pena', 'Male', 'Sawyer@gmail.com', 'Member', '', '9088312172', '', '1990-05-18', '1990', '05', '18', '2018-01-07', 'Jan', '2018'),
(222, 'Spencer', 'Thompson', 'Wilcox', 'Male', 'Spencer@gmail.com', 'Member', '', '9052521427', '', '1990-05-19', '1990', '05', '19', '2018-01-08', 'Jan', '2018'),
(223, 'Esther', 'Shaffer', 'Baird', 'Female', 'Esther@gmail.com', 'Member', '', '9016730682', '', '1990-05-20', '1990', '05', '20', '2018-01-09', 'Jan', '2018'),
(224, 'Kareem', 'Crane', 'Cantrell', 'Female', 'Kareem@gmail.com', 'Member', '', '9992898762', '', '1990-05-21', '1990', '05', '21', '2018-01-10', 'Jan', '2018'),
(225, 'Chana', 'Dickerson', 'Cline', 'Female', 'Chana@gmail.com', 'Member', '', '9927654121', '', '1990-05-22', '1990', '05', '22', '2018-01-11', 'Jan', '2018'),
(226, 'Benjamin', 'Roberts', 'Davila', 'Male', 'Benjamin@gmail.com', 'Member', '', '9921317272', '', '1990-05-23', '1990', '05', '23', '2018-01-12', 'Jan', '2018'),
(227, 'Saniya', 'Grimes', 'Macdonald', 'Female', 'Saniya@gmail.com', 'Member', '', '9875708562', '', '1990-05-24', '1990', '05', '24', '2018-01-13', 'Jan', '2018'),
(228, 'Kristina', 'Knox', 'Bray', 'Female', 'Kristina@gmail.com', 'Member', '', '9839917817', '', '1990-05-25', '1990', '05', '25', '2018-01-14', 'Jan', '2018'),
(229, 'Haiden', 'Saunders', 'Castaneda', 'Female', 'Haiden@gmail.com', 'Walk-in', '', '9804127072', '', '1990-05-26', '1990', '05', '26', '2018-01-15', 'Jan', '2018'),
(230, 'Miriam', 'Richmond', 'Boyer', 'Female', 'Miriam@gmail.com', 'Walk-in', '', '9768336327', '', '1990-05-27', '1990', '05', '27', '2018-01-16', 'Jan', '2018'),
(231, 'Brenden', 'Avery', 'Diaz', 'Female', 'Brenden@gmail.com', 'Walk-in', '', '9732545582', '', '1990-05-28', '1990', '05', '28', '2018-01-17', 'Jan', '2018'),
(232, 'Lauryn', 'Mathews', 'Marquez', 'Female', 'Lauryn@gmail.com', 'Walk-in', '', '9696754837', '', '1990-05-29', '1990', '05', '29', '2018-01-18', 'Jan', '2018'),
(233, 'Kinley', 'Kane', 'Mckee', 'Female', 'Kinley@gmail.com', 'Walk-in', '', '9660964092', '', '1990-05-30', '1990', '05', '30', '2018-01-19', 'Jan', '2018'),
(234, 'Jane', 'Duffy', 'Jennings', 'Female', 'Jane@gmail.com', 'Walk-in', '', '9625173347', '', '1990-05-31', '1990', '05', '31', '2018-01-20', 'Jan', '2018'),
(235, 'Miya', 'Jackson', 'Steele', 'Female', 'Miya@gmail.com', 'Walk-in', '', '9589382602', '', '1990-06-01', '1990', '06', '01', '2018-01-21', 'Jan', '2018'),
(236, 'Shamar', 'Aguilar', 'Mcclain', 'Female', 'Shamar@gmail.com', 'Walk-in', '', '9553591857', '', '1990-06-02', '1990', '06', '02', '2018-01-22', 'Jan', '2018'),
(237, 'Naomi', 'Mckee', 'Bishop', 'Female', 'Naomi@gmail.com', 'Walk-in', '', '9517801112', '', '1990-06-03', '1990', '06', '03', '2018-01-23', 'Jan', '2018'),
(238, 'Joslyn', 'Golden', 'Little', 'Female', 'Joslyn@gmail.com', 'Walk-in', '', '9482010367', '', '1990-06-04', '1990', '06', '04', '2018-01-24', 'Jan', '2018'),
(239, 'Zion', 'Thornton', 'Peterson', 'Male', 'Zion@gmail.com', 'Walk-in', '', '9446219622', '', '1990-06-05', '1990', '06', '05', '2018-01-25', 'Jan', '2018'),
(240, 'Madalynn', 'Freeman', 'Bowers', 'Female', 'Madalynn@gmail.com', 'Walk-in', '', '9410428877', '', '1990-06-06', '1990', '06', '06', '2018-01-26', 'Jan', '2018'),
(241, 'Joel', 'Bird', 'Carroll', 'Male', 'Joel@gmail.com', 'Walk-in', '', '9374638132', '', '1990-06-07', '1990', '06', '07', '2018-01-27', 'Jan', '2018'),
(242, 'Casey', 'Dickson', 'Edwards', 'Female', 'Casey@gmail.com', 'Walk-in', '', '9338847387', '', '1990-06-08', '1990', '06', '08', '2018-01-28', 'Jan', '2018'),
(243, 'Leland', 'Mcgee', 'Alvarado', 'Female', 'Leland@gmail.com', 'Member', '', '9303056642', '', '1990-06-09', '1990', '06', '09', '2018-01-29', 'Jan', '2018'),
(244, 'Francisco', 'Pugh', 'Russo', 'Male', 'Francisco@gmail.com', 'Member', '', '9267265897', '', '1990-06-10', '1990', '06', '10', '2018-01-30', 'Jan', '2018'),
(245, 'Marlee', 'Norris', 'Villa', 'Female', 'Marlee@gmail.com', 'Member', '', '9231475152', '', '1990-06-11', '1990', '06', '11', '2018-01-31', 'Jan', '2018'),
(246, 'Dominick', 'Mcfarland', 'Burnett', 'Male', 'Dominick@gmail.com', 'Member', '', '9195684407', '', '1990-06-12', '1990', '06', '12', '2018-02-01', 'Feb', '2018'),
(247, 'Donna', 'Bennett', 'Floyd', 'Male', 'Donna@gmail.com', 'Member', '', '9159893662', '', '1990-06-13', '1990', '06', '13', '2018-02-02', 'Feb', '2018'),
(248, 'Melvin', 'Everett', 'Whitaker', 'Male', 'Melvin@gmail.com', 'Member', '', '9124102917', '', '1990-06-14', '1990', '06', '14', '2018-02-03', 'Feb', '2018'),
(249, 'Karlee', 'Fritz', 'Hood', 'Female', 'Karlee@gmail.com', 'Member', '', '9088312172', '', '1990-06-15', '1990', '06', '15', '2018-02-04', 'Feb', '2018'),
(250, 'Jacqueline', 'Huerta', 'Francis', 'Female', 'Jacqueline@gmail.com', 'Member', '', '9052521427', '', '1990-06-16', '1990', '06', '16', '2018-02-05', 'Feb', '2018'),
(251, 'Nayeli', 'Compton', 'Dalton', 'Female', 'Nayeli@gmail.com', 'Member', '', '9016730682', '', '1990-06-17', '1990', '06', '17', '2018-02-06', 'Feb', '2018'),
(252, 'Brody', 'Collins', 'Kaiser', 'Male', 'Brody@gmail.com', 'Member', '', '9992898762', '', '1990-06-18', '1990', '06', '18', '2018-02-07', 'Feb', '2018'),
(253, 'Teresa', 'Macdonald', 'Chaney', 'Female', 'Teresa@gmail.com', 'Member', '', '9927654121', '', '1990-06-19', '1990', '06', '19', '2018-02-08', 'Feb', '2018'),
(254, 'Bailey', 'Griffin', 'Murray', 'Female', 'Bailey@gmail.com', 'Member', '', '9921317272', '', '1990-06-20', '1990', '06', '20', '2018-02-09', 'Feb', '2018'),
(255, 'Cash', 'Foley', 'Salas', 'Female', 'Cash@gmail.com', 'Member', '', '9875708562', '', '1990-06-21', '1990', '06', '21', '2018-02-10', 'Feb', '2018'),
(256, 'Kamari', 'Zamora', 'Garrison', 'Female', 'Kamari@gmail.com', 'Member', '', '9839917817', '', '1990-06-22', '1990', '06', '22', '2018-02-11', 'Feb', '2018'),
(257, 'Amira', 'Oneal', 'Mahoney', 'Female', 'Amira@gmail.com', 'Member', '', '9804127072', '', '1990-06-23', '1990', '06', '23', '2018-02-12', 'Feb', '2018'),
(258, 'Micaela', 'Nelson', 'Montoya', 'Female', 'Micaela@gmail.com', 'Walk-in', '', '9768336327', '', '1990-06-24', '1990', '06', '24', '2018-02-13', 'Feb', '2018'),
(259, 'Cali', 'Tanner', 'Sherman', 'Female', 'Cali@gmail.com', 'Walk-in', '', '9732545582', '', '1990-06-25', '1990', '06', '25', '2018-02-14', 'Feb', '2018'),
(260, 'Jaydon', 'Riddle', 'Lindsey', 'Male', 'Jaydon@gmail.com', 'Walk-in', '', '9696754837', '', '1990-06-26', '1990', '06', '26', '2018-02-15', 'Feb', '2018'),
(261, 'Marley', 'Crawford', 'Horne', 'Male', 'Marley@gmail.com', 'Walk-in', '', '9660964092', '', '1990-06-27', '1990', '06', '27', '2018-02-16', 'Feb', '2018'),
(262, 'Mckenna', 'Mccarthy', 'Mccarthy', 'Female', 'Mckenna@gmail.com', 'Walk-in', '', '9625173347', '', '1990-06-28', '1990', '06', '28', '2018-02-17', 'Feb', '2018'),
(263, 'Paris', 'Chaney', 'Goodman', 'Female', 'Paris@gmail.com', 'Walk-in', '', '9589382602', '', '1990-06-29', '1990', '06', '29', '2018-02-18', 'Feb', '2018'),
(264, 'Frida', 'Sosa', 'Velez', 'Female', 'Frida@gmail.com', 'Walk-in', '', '9553591857', '', '1990-06-30', '1990', '06', '30', '2018-02-19', 'Feb', '2018'),
(265, 'Bethany', 'Gay', 'Atkins', 'Female', 'Bethany@gmail.com', 'Walk-in', '', '9517801112', '', '1990-07-01', '1990', '07', '01', '2018-02-20', 'Feb', '2018'),
(266, 'Keyon', 'Wallace', 'Landry', 'Female', 'Keyon@gmail.com', 'Walk-in', '', '9482010367', '', '1990-07-02', '1990', '07', '02', '2018-02-21', 'Feb', '2018'),
(267, 'Jaylyn', 'Pena', 'Gomez', 'Female', 'Jaylyn@gmail.com', 'Walk-in', '', '9446219622', '', '1990-07-03', '1990', '07', '03', '2018-02-22', 'Feb', '2018'),
(268, 'Alexa', 'Rocha', 'Watts', 'Female', 'Alexa@gmail.com', 'Walk-in', '', '9410428877', '', '1990-07-04', '1990', '07', '04', '2018-02-23', 'Feb', '2018'),
(269, 'John', 'Nash', 'Garcia', 'Male', 'John@gmail.com', 'Walk-in', '', '9374638132', '', '1990-07-05', '1990', '07', '05', '2018-02-24', 'Feb', '2018'),
(270, 'Jaden', 'Dudley', 'Nash', 'Male', 'Jaden@gmail.com', 'Walk-in', '', '9338847387', '', '1990-07-06', '1990', '07', '06', '2018-02-25', 'Feb', '2018'),
(271, 'Ruby', 'Mcclure', 'Herrera', 'Female', 'Ruby@gmail.com', 'Walk-in', '', '9303056642', '', '1990-07-07', '1990', '07', '07', '2018-02-26', 'Feb', '2018'),
(272, 'Aubrey', 'Burch', 'Yang', 'Female', 'Aubrey@gmail.com', 'Member', '', '9267265897', '', '1990-07-08', '1990', '07', '08', '2018-02-27', 'Feb', '2018'),
(273, 'Derek', 'Johnson', 'Greer', 'Male', 'Derek@gmail.com', 'Member', '', '9231475152', '', '1990-07-09', '1990', '07', '09', '2018-02-28', 'Feb', '2018'),
(274, 'Nina', 'Daugherty', 'Davidson', 'Female', 'Nina@gmail.com', 'Member', '', '9195684407', '', '1990-07-10', '1990', '07', '10', '2018-03-01', 'Mar', '2018'),
(275, 'Gia', 'Wong', 'Martin', 'Female', 'Gia@gmail.com', 'Member', '', '9159893662', '', '1990-07-11', '1990', '07', '11', '2018-03-02', 'Mar', '2018'),
(276, 'Kayla', 'Alvarez', 'Butler', 'Female', 'Kayla@gmail.com', 'Member', '', '9124102917', '', '1990-07-12', '1990', '07', '12', '2018-03-03', 'Mar', '2018'),
(277, 'Alayna', 'Trujillo', 'Valenzuela', 'Female', 'Alayna@gmail.com', 'Member', '', '9088312172', '', '1990-07-13', '1990', '07', '13', '2018-03-04', 'Mar', '2018'),
(278, 'Taliyah', 'Oconnell', 'Hunter', 'Female', 'Taliyah@gmail.com', 'Member', '', '9052521427', '', '1990-07-14', '1990', '07', '14', '2018-03-05', 'Mar', '2018'),
(279, 'Yasmine', 'Camacho', 'Petty', 'Female', 'Yasmine@gmail.com', 'Member', '', '9016730682', '', '1990-07-15', '1990', '07', '15', '2018-03-06', 'Mar', '2018'),
(280, 'Marlene', 'Li', 'Patterson', 'Female', 'Marlene@gmail.com', 'Member', '', '9088312172', '', '1990-07-16', '1990', '07', '16', '2018-03-07', 'Mar', '2018'),
(281, 'Karma', 'Hawkins', 'Osborne', 'Female', 'Karma@gmail.com', 'Member', '', '9052521427', '', '1990-07-17', '1990', '07', '17', '2018-03-08', 'Mar', '2018'),
(282, 'Jagger', 'Montoya', 'Richardson', 'Male', 'Jagger@gmail.com', 'Member', '', '9016730682', '', '1990-07-18', '1990', '07', '18', '2018-03-09', 'Mar', '2018'),
(283, 'Faith', 'Yang', 'Pennington', 'Female', 'Faith@gmail.com', 'Member', '', '9016730682', '', '1990-07-19', '1990', '07', '19', '2018-03-09', 'Mar', '2018'),
(339, 'ivan', 'ray', 'maple', 'Female', 'ivan@gmail.com', 'Walk-in', '', '09123131', '', '1954-09-08', '1954', '09', '08', '2018-03-09', 'Mar', '2018'),
(340, 'ray', 'ray', 'ray', 'Male', 'ray@gmail.com', 'Walk-in', '', '0912321321', '', '1953-07-09', '1953', '07', '09', '2018-03-14', 'Mar', '2018'),
(341, 'Ivan', 'aaa', 'Buglosa', 'Female', 'aaa@gmail.com', 'Member', '', '09123131223', '', '1956-06-09', '1956', '06', '09', '2018-03-14', 'Mar', '2018'),
(342, 'mico', 'catibog', 'catibog', 'Male', 'mico@gmail.com', 'Member', '', '0912313122', '', '1956-09-09', '1956', '09', '09', '2018-03-14', 'Mar', '2018'),
(343, 'name', 'name', 'name', 'Male', 'name@gmail.com', 'Member', '', '09123232321', '', '1954-09-09', '1954', '09', '09', '2018-03-14', 'Mar', '2018'),
(344, 'Brix', 'aaa', 'Nessia', 'Male', 'asdasdasd@gmail.com', 'Member', '', '2312313213', '', '1954-09-09', '1954', '09', '09', '2018-03-14', 'Mar', '2018'),
(345, 'sample123', 'sample123', 'sample123', 'Male', 'sample@gmail.com', 'Member', '', '09993808723', '', '1953-07-07', '1953', '07', '07', '2018-03-15', 'Mar', '2018'),
(346, 'Mico Hubert ', 'Lastima', 'Catibog', 'Male', 'micozaki@gmail.com', 'Walk-in', '', '09055409350', '', '1994-05-13', '1994', '05', '13', '2018-03-15', 'Mar', '2018'),
(347, 'dasdas', 'dsadasd', 'dasdasd', 'Male', 'dasdsa!dasdsa@fdsa.c', 'Walk-in', '', '12312', '', '0000-00-00', '- Year -', '02', '30', '2018-03-15', 'Mar', '2018'),
(348, 'lady marie ann', 'Bornes', 'Devecais', 'Male', 'lady@gmail.com', 'Walk-in', '', '099937986623', '', '1993-07-10', '1993', '07', '10', '2018-03-15', 'Mar', '2018'),
(349, 'sss', 'ss', 'ss', 'Female', 'ss@gmai.com', 'Member', '', '213132', '', '1952-07-06', '1952', '07', '06', '2018-03-18', 'Mar', '2018'),
(350, 'dd', 'd', 'd', 'Female', 'd@gmail.com', 'Member', '', '231231', '', '1954-09-08', '1954', '09', '08', '2018-03-18', 'Mar', '2018');

-- --------------------------------------------------------

--
-- Table structure for table `clientassignment`
--

CREATE TABLE `clientassignment` (
  `CA_Code` int(8) NOT NULL,
  `CLIENT_ID` int(8) NOT NULL,
  `SCS_Code` int(8) NOT NULL,
  `CA_RegDate` date NOT NULL,
  `CA_Remaining` int(2) NOT NULL,
  `month` char(3) NOT NULL,
  `year` char(4) NOT NULL
) ENGINE=InnoDB DEFAULT CHARSET=latin1;

--
-- Dumping data for table `clientassignment`
--

INSERT INTO `clientassignment` (`CA_Code`, `CLIENT_ID`, `SCS_Code`, `CA_RegDate`, `CA_Remaining`, `month`, `year`) VALUES
(110, 68, 45, '2018-02-07', 36, 'Feb', '2018'),
(111, 69, 45, '2018-02-09', 36, 'Feb', '2018'),
(112, 70, 45, '2018-02-09', 36, 'Feb', '2018'),
(114, 69, 50, '2018-02-10', 38, 'Feb', '2018'),
(115, 68, 51, '2018-02-10', 4, 'Feb', '2018'),
(122, 1, 1, '2017-01-01', 20, 'Jan', '2017'),
(123, 2, 2, '2017-01-02', 31, 'Jan', '2017'),
(124, 3, 3, '2017-01-03', 22, 'Jan', '2017'),
(125, 4, 4, '2017-01-04', 31, 'Jan', '2017'),
(126, 5, 5, '2017-01-05', 20, 'Jan', '2017'),
(127, 6, 6, '2017-01-06', 31, 'Jan', '2017'),
(129, 8, 8, '2017-01-08', 31, 'Jan', '2017'),
(130, 9, 9, '2017-01-09', 20, 'Jan', '2017'),
(131, 10, 10, '2017-01-10', 31, 'Jan', '2017'),
(132, 11, 11, '2017-02-02', 22, 'Feb', '2017'),
(133, 12, 12, '2017-02-03', 31, 'Feb', '2017'),
(134, 13, 13, '2017-02-04', 20, 'Feb', '2017'),
(135, 14, 14, '2017-02-05', 31, 'Feb', '2017'),
(136, 15, 15, '2017-02-06', 22, 'Feb', '2017'),
(137, 16, 16, '2017-02-07', 31, 'Feb', '2017'),
(138, 17, 17, '2017-02-08', 20, 'Feb', '2017'),
(139, 18, 18, '2017-02-09', 31, 'Feb', '2017'),
(140, 19, 19, '2017-02-10', 22, 'Feb', '2017'),
(141, 20, 20, '2017-02-11', 31, 'Feb', '2017'),
(142, 21, 21, '2017-02-12', 37, 'Feb', '2017'),
(143, 22, 22, '2017-02-13', 31, 'Feb', '2017'),
(144, 23, 23, '2017-02-14', 22, 'Feb', '2017'),
(145, 24, 24, '2017-03-03', 31, 'Mar', '2017'),
(146, 25, 25, '2017-03-04', 20, 'Mar', '2017'),
(147, 26, 26, '2017-03-05', 31, 'Mar', '2017'),
(148, 27, 27, '2017-03-06', 22, 'Mar', '2017'),
(149, 28, 28, '2017-03-07', 31, 'Mar', '2017'),
(150, 29, 29, '2017-03-08', 20, 'Mar', '2017'),
(151, 30, 30, '2017-03-09', 31, 'Mar', '2017'),
(152, 31, 31, '2017-03-10', 22, 'Mar', '2017'),
(153, 32, 32, '2017-03-11', 31, 'Mar', '2017'),
(154, 33, 33, '2017-03-12', 20, 'Mar', '2017'),
(155, 34, 34, '2017-03-13', 31, 'Mar', '2017'),
(156, 35, 35, '2017-03-14', 22, 'Mar', '2017'),
(157, 36, 36, '2017-03-15', 31, 'Mar', '2017'),
(158, 37, 37, '2017-03-16', 20, 'Mar', '2017'),
(159, 38, 38, '2017-04-04', 31, 'Apr', '2017'),
(160, 39, 39, '2017-04-05', 22, 'Apr', '2017'),
(161, 40, 40, '2017-04-06', 31, 'Apr', '2017'),
(162, 41, 41, '2017-04-07', 20, 'Apr', '2017'),
(163, 42, 42, '2017-04-08', 31, 'Apr', '2017'),
(164, 43, 43, '2017-04-09', 22, 'Apr', '2017'),
(165, 44, 44, '2017-04-10', 31, 'Apr', '2017'),
(166, 45, 45, '2017-04-11', 20, 'Apr', '2017'),
(167, 46, 46, '2017-04-12', 31, 'Apr', '2017'),
(168, 47, 47, '2017-04-13', 22, 'Apr', '2017'),
(169, 48, 48, '2017-04-14', 31, 'Apr', '2017'),
(170, 49, 49, '2017-04-15', 20, 'Apr', '2017'),
(171, 50, 50, '2017-04-16', 31, 'Apr', '2017'),
(172, 84, 51, '2017-05-05', 22, 'May', '2017'),
(173, 85, 52, '2017-05-06', 31, 'May', '2017'),
(174, 86, 53, '2017-05-07', 20, 'May', '2017'),
(175, 87, 54, '2017-05-08', 31, 'May', '2017'),
(176, 88, 55, '2017-05-09', 22, 'May', '2017'),
(177, 89, 56, '2017-05-10', 31, 'May', '2017'),
(178, 90, 57, '2017-05-11', 20, 'May', '2017'),
(179, 91, 58, '2017-05-12', 31, 'May', '2017'),
(180, 92, 59, '2017-05-13', 22, 'May', '2017'),
(181, 93, 60, '2017-05-14', 31, 'May', '2017'),
(182, 94, 61, '2017-05-15', 20, 'May', '2017'),
(183, 95, 62, '2017-05-16', 31, 'May', '2017'),
(184, 96, 63, '2017-05-17', 22, 'May', '2017'),
(185, 97, 64, '2017-05-18', 31, 'May', '2017'),
(186, 98, 65, '2017-05-19', 20, 'May', '2017'),
(187, 99, 66, '2017-05-20', 31, 'May', '2017'),
(188, 100, 67, '2017-06-06', 22, 'Jun', '2017'),
(189, 101, 68, '2017-06-07', 31, 'Jun', '2017'),
(190, 102, 69, '2017-06-08', 20, 'Jun', '2017'),
(191, 103, 70, '2017-06-09', 31, 'Jun', '2017'),
(192, 104, 71, '2017-06-10', 22, 'Jun', '2017'),
(193, 105, 72, '2017-06-11', 31, 'Jun', '2017'),
(194, 106, 73, '2017-06-12', 20, 'Jun', '2017'),
(195, 107, 74, '2017-06-13', 31, 'Jun', '2017'),
(196, 108, 75, '2017-06-14', 22, 'Jun', '2017'),
(197, 109, 76, '2017-07-07', 31, 'Jul', '2017'),
(198, 110, 77, '2017-07-08', 20, 'Jul', '2017'),
(199, 111, 78, '2017-07-09', 31, 'Jul', '2017'),
(200, 112, 79, '2017-07-10', 22, 'Jul', '2017'),
(201, 113, 80, '2017-07-11', 31, 'Jul', '2017'),
(202, 114, 81, '2017-07-12', 20, 'Jul', '2017'),
(203, 115, 82, '2017-07-13', 31, 'Jul', '2017'),
(204, 116, 83, '2017-07-14', 22, 'Jul', '2017'),
(205, 117, 84, '2017-07-15', 31, 'Jul', '2017'),
(206, 118, 85, '2017-07-16', 20, 'Jul', '2017'),
(207, 119, 86, '2017-08-08', 31, 'Aug', '2017'),
(208, 120, 87, '2017-08-09', 22, 'Aug', '2017'),
(209, 121, 88, '2017-08-10', 31, 'Aug', '2017'),
(210, 122, 89, '2017-08-11', 20, 'Aug', '2017'),
(211, 123, 90, '2017-08-12', 31, 'Aug', '2017'),
(212, 124, 91, '2017-08-13', 22, 'Aug', '2017'),
(213, 125, 92, '2017-08-14', 31, 'Aug', '2017'),
(214, 126, 93, '2017-08-15', 20, 'Aug', '2017'),
(215, 127, 94, '2017-08-16', 31, 'Aug', '2017'),
(216, 128, 95, '2017-09-09', 22, 'Sep', '2017'),
(217, 129, 96, '2017-09-10', 31, 'Sep', '2017'),
(218, 130, 97, '2017-09-11', 20, 'Sep', '2017'),
(219, 131, 98, '2017-09-12', 31, 'Sep', '2017'),
(220, 132, 99, '2017-09-13', 22, 'Sep', '2017'),
(221, 133, 100, '2017-09-14', 31, 'Sep', '2017'),
(222, 134, 101, '2017-09-15', 20, 'Sep', '2017'),
(223, 135, 102, '2017-09-16', 31, 'Sep', '2017'),
(224, 136, 103, '2017-09-17', 22, 'Sep', '2017'),
(225, 137, 104, '2017-09-18', 31, 'Sep', '2017'),
(226, 138, 105, '2017-10-10', 20, 'Oct', '2017'),
(227, 139, 106, '2017-10-11', 31, 'Oct', '2017'),
(228, 140, 107, '2017-10-12', 22, 'Oct', '2017'),
(229, 141, 108, '2017-10-13', 31, 'Oct', '2017'),
(230, 142, 109, '2017-10-14', 20, 'Oct', '2017'),
(231, 143, 110, '2017-10-15', 31, 'Oct', '2017'),
(232, 144, 111, '2017-10-16', 22, 'Oct', '2017'),
(233, 145, 112, '2017-10-17', 31, 'Oct', '2017'),
(234, 146, 113, '2017-10-18', 20, 'Oct', '2017'),
(235, 147, 114, '2017-10-19', 31, 'Oct', '2017'),
(236, 148, 115, '2017-10-20', 22, 'Oct', '2017'),
(237, 149, 116, '2017-10-21', 31, 'Oct', '2017'),
(238, 150, 117, '2017-10-22', 20, 'Oct', '2017'),
(239, 151, 118, '2017-10-23', 31, 'Oct', '2017'),
(240, 152, 119, '2017-11-11', 22, 'Nov', '2017'),
(241, 153, 120, '2017-11-12', 31, 'Nov', '2017'),
(242, 154, 121, '2017-11-13', 20, 'Nov', '2017'),
(243, 155, 122, '2017-11-14', 31, 'Nov', '2017'),
(244, 156, 123, '2017-11-15', 22, 'Nov', '2017'),
(245, 157, 124, '2017-11-16', 31, 'Nov', '2017'),
(246, 158, 125, '2017-11-17', 20, 'Nov', '2017'),
(247, 159, 126, '2017-11-18', 31, 'Nov', '2017'),
(248, 160, 127, '2017-11-19', 22, 'Nov', '2017'),
(249, 161, 128, '2017-11-20', 31, 'Nov', '2017'),
(250, 162, 129, '2017-11-21', 20, 'Nov', '2017'),
(251, 163, 130, '2017-11-22', 31, 'Nov', '2017'),
(252, 164, 131, '2017-12-12', 22, 'Dec', '2017'),
(253, 165, 132, '2017-12-13', 31, 'Dec', '2017'),
(254, 166, 133, '2017-12-14', 20, 'Dec', '2017'),
(255, 167, 134, '2017-12-15', 31, 'Dec', '2017'),
(256, 168, 135, '2017-12-16', 22, 'Dec', '2017'),
(257, 169, 136, '2017-12-17', 31, 'Dec', '2017'),
(258, 170, 137, '2017-12-18', 20, 'Dec', '2017'),
(259, 171, 138, '2017-12-19', 31, 'Dec', '2017'),
(260, 172, 139, '2017-12-20', 22, 'Dec', '2017'),
(261, 173, 140, '2017-12-21', 31, 'Dec', '2017'),
(262, 174, 141, '2017-12-22', 20, 'Dec', '2017'),
(263, 175, 142, '2017-12-23', 31, 'Dec', '2017'),
(264, 176, 143, '2017-12-24', 22, 'Dec', '2017'),
(265, 177, 144, '2017-12-25', 31, 'Dec', '2017'),
(266, 178, 145, '2017-12-26', 20, 'Dec', '2017'),
(267, 179, 146, '2017-12-27', 31, 'Dec', '2017'),
(268, 180, 147, '2017-12-28', 22, 'Dec', '2017'),
(269, 181, 148, '2017-12-29', 31, 'Dec', '2017'),
(270, 182, 149, '2017-12-30', 20, 'Dec', '2017'),
(271, 183, 150, '2017-12-31', 31, 'Dec', '2017'),
(272, 184, 151, '2018-01-01', 22, 'Dec', '2018'),
(273, 185, 152, '2018-01-02', 31, 'Dec', '2018'),
(274, 186, 153, '2018-01-03', 20, 'Dec', '2018'),
(275, 187, 154, '2018-01-01', 31, 'Jan', '2018'),
(276, 188, 155, '2018-01-02', 22, 'Jan', '2018'),
(277, 189, 156, '2018-01-03', 31, 'Jan', '2018'),
(278, 190, 157, '2018-01-04', 20, 'Jan', '2018'),
(279, 191, 158, '2018-01-05', 31, 'Jan', '2018'),
(280, 192, 159, '2018-01-06', 22, 'Jan', '2018'),
(281, 193, 160, '2018-01-07', 31, 'Jan', '2018'),
(282, 194, 161, '2018-01-08', 20, 'Jan', '2018'),
(283, 195, 162, '2018-01-09', 31, 'Jan', '2018'),
(284, 196, 163, '2018-01-10', 22, 'Jan', '2018'),
(285, 197, 164, '2018-01-11', 31, 'Jan', '2018'),
(286, 198, 165, '2018-01-12', 20, 'Jan', '2018'),
(287, 199, 166, '2018-01-13', 31, 'Jan', '2018'),
(288, 200, 167, '2018-01-14', 22, 'Jan', '2018'),
(289, 201, 168, '2018-01-15', 31, 'Jan', '2018'),
(290, 202, 169, '2018-01-16', 20, 'Jan', '2018'),
(291, 203, 170, '2018-01-17', 31, 'Jan', '2018'),
(292, 204, 171, '2018-01-18', 22, 'Jan', '2018'),
(293, 205, 172, '2018-01-19', 31, 'Jan', '2018'),
(294, 206, 173, '2018-01-20', 20, 'Jan', '2018'),
(295, 207, 174, '2018-01-21', 31, 'Jan', '2018'),
(296, 208, 175, '2018-01-22', 22, 'Jan', '2018'),
(297, 209, 176, '2018-01-23', 31, 'Jan', '2018'),
(298, 210, 177, '2018-01-24', 20, 'Jan', '2018'),
(299, 211, 178, '2018-01-25', 31, 'Jan', '2018'),
(300, 212, 179, '2018-01-26', 22, 'Jan', '2018'),
(301, 213, 180, '2018-01-27', 31, 'Jan', '2018'),
(302, 214, 181, '2018-01-28', 20, 'Jan', '2018'),
(303, 215, 182, '2018-01-29', 31, 'Jan', '2018'),
(304, 216, 183, '2018-01-30', 22, 'Jan', '2018'),
(305, 217, 184, '2018-01-31', 31, 'Jan', '2018'),
(306, 218, 185, '2018-02-01', 20, 'Feb', '2018'),
(307, 219, 186, '2018-02-02', 31, 'Feb', '2018'),
(308, 220, 187, '2018-02-03', 22, 'Feb', '2018'),
(309, 221, 188, '2018-02-04', 31, 'Feb', '2018'),
(310, 222, 189, '2018-02-05', 20, 'Feb', '2018'),
(311, 223, 190, '2018-02-06', 31, 'Feb', '2018'),
(312, 224, 191, '2018-02-07', 22, 'Feb', '2018'),
(313, 225, 192, '2018-02-08', 31, 'Feb', '2018'),
(314, 226, 193, '2018-02-09', 20, 'Feb', '2018'),
(315, 227, 194, '2018-02-10', 31, 'Feb', '2018'),
(316, 228, 195, '2018-02-11', 22, 'Feb', '2018'),
(317, 229, 196, '2018-02-12', 31, 'Feb', '2018'),
(318, 230, 197, '2018-02-13', 20, 'Feb', '2018'),
(319, 231, 198, '2018-02-14', 31, 'Feb', '2018'),
(320, 232, 199, '2018-02-15', 22, 'Feb', '2018'),
(321, 233, 200, '2018-02-16', 31, 'Feb', '2018'),
(322, 234, 201, '2018-02-17', 20, 'Feb', '2018'),
(323, 235, 202, '2018-02-18', 31, 'Feb', '2018'),
(324, 236, 203, '2018-02-19', 22, 'Feb', '2018'),
(325, 237, 204, '2018-01-31', 31, 'Jan', '2018'),
(326, 238, 205, '2018-02-01', 20, 'Feb', '2018'),
(327, 239, 206, '2018-02-02', 31, 'Feb', '2018'),
(328, 240, 207, '2018-02-03', 22, 'Feb', '2018'),
(329, 241, 208, '2018-02-04', 31, 'Feb', '2018'),
(330, 242, 209, '2018-02-05', 20, 'Feb', '2018'),
(331, 243, 210, '2018-02-06', 31, 'Feb', '2018'),
(332, 244, 211, '2018-02-07', 22, 'Feb', '2018'),
(333, 245, 212, '2018-02-08', 31, 'Feb', '2018'),
(334, 246, 213, '2018-02-09', 20, 'Feb', '2018'),
(335, 247, 214, '2018-02-10', 31, 'Feb', '2018'),
(336, 248, 215, '2018-02-11', 22, 'Feb', '2018'),
(337, 249, 216, '2018-02-12', 31, 'Feb', '2018'),
(338, 250, 217, '2018-02-13', 20, 'Feb', '2018'),
(339, 251, 218, '2018-02-14', 31, 'Feb', '2018'),
(340, 252, 219, '2018-02-15', 22, 'Feb', '2018'),
(341, 253, 220, '2018-02-16', 31, 'Feb', '2018'),
(342, 254, 221, '2018-02-17', 20, 'Feb', '2018'),
(343, 255, 222, '2018-02-18', 31, 'Feb', '2018'),
(344, 256, 223, '2018-02-19', 22, 'Feb', '2018'),
(345, 257, 224, '2018-01-31', 31, 'Jan', '2018'),
(346, 258, 225, '2018-02-01', 20, 'Feb', '2018'),
(347, 259, 226, '2018-02-02', 31, 'Feb', '2018'),
(348, 260, 227, '2018-02-03', 22, 'Feb', '2018'),
(349, 261, 228, '2018-02-04', 31, 'Feb', '2018'),
(350, 262, 229, '2018-02-05', 20, 'Feb', '2018'),
(351, 263, 230, '2018-02-06', 31, 'Feb', '2018'),
(352, 264, 231, '2018-02-07', 22, 'Feb', '2018'),
(353, 265, 232, '2018-02-08', 31, 'Feb', '2018'),
(354, 266, 233, '2018-02-09', 20, 'Feb', '2018'),
(355, 267, 234, '2018-02-10', 31, 'Feb', '2018'),
(356, 268, 235, '2018-02-11', 22, 'Feb', '2018'),
(357, 269, 236, '2018-02-12', 31, 'Feb', '2018'),
(358, 270, 237, '2018-02-13', 20, 'Feb', '2018'),
(359, 271, 238, '2018-02-14', 31, 'Feb', '2018'),
(360, 272, 239, '2018-02-15', 22, 'Feb', '2018'),
(361, 273, 240, '2018-02-16', 31, 'Feb', '2018'),
(362, 274, 241, '2018-02-17', 20, 'Feb', '2018'),
(363, 275, 242, '2018-02-18', 31, 'Feb', '2018'),
(364, 276, 243, '2018-02-19', 22, 'Feb', '2018'),
(365, 277, 244, '2018-01-31', 31, 'Jan', '2018'),
(366, 278, 245, '2018-02-01', 20, 'Feb', '2018'),
(367, 279, 246, '2018-02-02', 31, 'Feb', '2018'),
(368, 280, 247, '2018-02-03', 22, 'Feb', '2018'),
(369, 281, 248, '2018-02-04', 31, 'Feb', '2018'),
(370, 282, 249, '2018-02-05', 20, 'Feb', '2018'),
(371, 283, 250, '2018-02-06', 31, 'Feb', '2018'),
(372, 263, 251, '2018-02-07', 22, 'Feb', '2018'),
(373, 264, 252, '2018-02-08', 31, 'Feb', '2018'),
(374, 265, 253, '2018-02-09', 20, 'Feb', '2018'),
(375, 266, 254, '2018-02-10', 31, 'Feb', '2018'),
(376, 267, 255, '2018-02-11', 22, 'Feb', '2018'),
(377, 268, 256, '2018-02-12', 31, 'Feb', '2018'),
(378, 269, 257, '2018-02-13', 20, 'Feb', '2018'),
(379, 270, 258, '2018-02-14', 31, 'Feb', '2018'),
(380, 271, 259, '2018-02-15', 22, 'Feb', '2018'),
(381, 272, 260, '2018-02-16', 31, 'Feb', '2018'),
(382, 273, 261, '2018-02-17', 20, 'Feb', '2018'),
(383, 274, 262, '2018-02-18', 31, 'Feb', '2018'),
(384, 275, 263, '2018-02-19', 22, 'Feb', '2018'),
(385, 276, 264, '2018-02-12', 31, 'Feb', '2018'),
(386, 277, 265, '2018-02-13', 20, 'Feb', '2018'),
(387, 278, 266, '2018-02-14', 31, 'Feb', '2018'),
(388, 279, 267, '2018-02-15', 22, 'Feb', '2018'),
(389, 280, 268, '2018-02-16', 31, 'Feb', '2018'),
(390, 281, 269, '2018-02-17', 20, 'Feb', '2018'),
(391, 282, 270, '2018-02-18', 31, 'Feb', '2018'),
(392, 283, 271, '2018-02-19', 22, 'Feb', '2018'),
(393, 263, 272, '2018-02-20', 31, 'Feb', '2018'),
(394, 264, 273, '2018-02-21', 20, 'Feb', '2018'),
(395, 265, 274, '2018-02-22', 31, 'Feb', '2018'),
(396, 266, 275, '2018-02-23', 22, 'Feb', '2018'),
(397, 267, 276, '2018-02-24', 31, 'Feb', '2018'),
(398, 268, 277, '2018-02-25', 20, 'Feb', '2018'),
(399, 269, 278, '2018-02-26', 31, 'Feb', '2018'),
(400, 270, 279, '2018-02-27', 22, 'Feb', '2018'),
(401, 271, 280, '2018-02-28', 31, 'Feb', '2018'),
(402, 272, 281, '2018-02-14', 20, 'Feb', '2018'),
(403, 273, 282, '2018-02-15', 31, 'Feb', '2018'),
(404, 274, 283, '2018-02-16', 22, 'Feb', '2018'),
(405, 275, 284, '2018-02-17', 31, 'Feb', '2018'),
(406, 276, 285, '2018-02-18', 20, 'Feb', '2018'),
(407, 277, 286, '2018-02-19', 31, 'Feb', '2018'),
(408, 278, 287, '2018-02-20', 22, 'Feb', '2018'),
(409, 279, 288, '2018-02-21', 31, 'Feb', '2018'),
(410, 280, 289, '2018-02-22', 20, 'Feb', '2018'),
(411, 281, 290, '2018-02-23', 31, 'Feb', '2018'),
(412, 282, 291, '2018-02-24', 22, 'Feb', '2018'),
(413, 283, 292, '2018-02-25', 31, 'Feb', '2018'),
(414, 263, 293, '2018-02-26', 20, 'Feb', '2018'),
(415, 264, 294, '2018-02-27', 31, 'Feb', '2018'),
(416, 265, 295, '2018-02-28', 22, 'Feb', '2018'),
(417, 266, 296, '2018-02-14', 31, 'Feb', '2018'),
(418, 267, 297, '2018-02-15', 20, 'Feb', '2018'),
(419, 268, 298, '2018-02-16', 31, 'Feb', '2018'),
(420, 269, 299, '2018-02-17', 22, 'Feb', '2018'),
(421, 270, 300, '2018-02-18', 31, 'Feb', '2018'),
(422, 271, 301, '2018-02-19', 20, 'Feb', '2018'),
(423, 272, 302, '2018-02-20', 31, 'Feb', '2018'),
(424, 273, 303, '2018-02-21', 22, 'Feb', '2018'),
(425, 274, 304, '2018-02-22', 31, 'Feb', '2018'),
(426, 275, 305, '2018-02-23', 20, 'Feb', '2018'),
(427, 276, 306, '2018-02-24', 31, 'Feb', '2018'),
(428, 277, 307, '2018-02-25', 22, 'Feb', '2018'),
(429, 278, 308, '2018-02-26', 31, 'Feb', '2018'),
(430, 279, 309, '2018-02-27', 20, 'Feb', '2018'),
(431, 280, 310, '2018-02-28', 31, 'Feb', '2018'),
(432, 281, 311, '2018-02-07', 22, 'Feb', '2018'),
(433, 282, 312, '2018-02-08', 31, 'Feb', '2018'),
(434, 283, 313, '2018-02-09', 20, 'Feb', '2018'),
(435, 263, 314, '2018-02-10', 31, 'Feb', '2018'),
(436, 264, 315, '2018-02-11', 22, 'Feb', '2018'),
(437, 265, 316, '2018-02-12', 31, 'Feb', '2018'),
(438, 266, 317, '2018-02-13', 20, 'Feb', '2018'),
(439, 267, 318, '2018-02-14', 31, 'Feb', '2018'),
(440, 268, 319, '2018-02-15', 22, 'Feb', '2018'),
(441, 269, 320, '2018-03-03', 31, 'Mar', '2018'),
(442, 270, 321, '2018-03-04', 20, 'Mar', '2018'),
(443, 271, 322, '2018-03-05', 31, 'Mar', '2018'),
(444, 272, 323, '2018-03-06', 22, 'Mar', '2018'),
(445, 273, 324, '2018-03-07', 31, 'Mar', '2018'),
(446, 274, 325, '2018-03-08', 20, 'Mar', '2018'),
(447, 275, 326, '2018-03-09', 31, 'Mar', '2018'),
(448, 276, 327, '2018-03-09', 22, 'Mar', '2018'),
(449, 277, 328, '2018-03-09', 31, 'Mar', '2018'),
(450, 278, 329, '2018-03-09', 20, 'Mar', '2018'),
(451, 279, 330, '2018-03-09', 31, 'Mar', '2018'),
(452, 280, 331, '2018-03-09', 22, 'Mar', '2018'),
(455, 2, 332, '2018-03-14', 8, 'Mar', '2018'),
(457, 11, 21, '2018-03-15', 37, 'Mar', '2018'),
(459, 7, 337, '2018-03-15', 9, 'Mar', '2018'),
(462, 1, 7, '2018-03-18', 6, 'Mar', '2018'),
(463, 4, 7, '2018-03-18', 6, 'Mar', '2018'),
(464, 7, 7, '2018-03-18', 6, 'Mar', '2018'),
(465, 11, 7, '2018-03-18', 6, 'Mar', '2018');

-- --------------------------------------------------------

--
-- Table structure for table `coach`
--

CREATE TABLE `coach` (
  `COACH_ID` int(8) NOT NULL,
  `Coach_LastName` text NOT NULL,
  `Coach_FirstName` text NOT NULL,
  `Coach_Gender` text NOT NULL,
  `Coach_ContactNumber` varchar(13) NOT NULL,
  `Coach_EmailAddress` varchar(50) NOT NULL,
  `Coach_Specialty` text NOT NULL,
  `Coach_Type` text NOT NULL,
  `userID` int(11) NOT NULL
) ENGINE=InnoDB DEFAULT CHARSET=latin1;

--
-- Dumping data for table `coach`
--

INSERT INTO `coach` (`COACH_ID`, `Coach_LastName`, `Coach_FirstName`, `Coach_Gender`, `Coach_ContactNumber`, `Coach_EmailAddress`, `Coach_Specialty`, `Coach_Type`, `userID`) VALUES
(38, 'Ang', 'Minmin', 'Female', '09993898752', 'minmin@gmail.com', 'Spinning Coach', 'Senior', 1),
(39, 'Uy', 'Jan Nicole', 'Female', '0999876253', 'jannicole@gmail.com', 'Spinning Coach', 'Senior', 2),
(40, 'Arellano', 'Nelson', 'Male', '09998276312', 'arellano@gmail.com', 'Boxing Coach', 'Senior', 3),
(41, 'Morales', 'Rey', 'Male', '09992763123', 'rey@gmail.com', 'Boxing Coach', 'Junior', 4),
(42, 'Fernandez', 'Samryl', 'Male', '0999281231', 'samryl@gmail.com', 'Fitness Coach', 'Junior', 5),
(43, 'Pilalpi', 'Michelle', 'Female', '0999231231', 'michelle@gmail.com', 'Fitness Coach', 'Senior', 6),
(44, 'Benjamin', 'Angelo', 'Male', '0999872631', 'angelo@gmail.com', 'Fitness Coach', 'Junior', 7),
(45, 'Magbanua', 'Henrel', 'Male', '09992371232', 'Henrel@gmail.com', 'Fitness Coach', 'Senior', 8),
(46, 'Prado', 'Ivan', 'Male', '09928327122', 'ivan@gmail.com', 'Fitness Coach', 'Junior', 9),
(47, 'Divinagracia', 'Jay', 'Male', '0999281723', 'jay@gmail.com', 'Fitness Coach', 'Senior', 10),
(48, 'Larry', 'Bril', 'Male', '09992731232', 'bril@gmail.com', 'Mad Dog Spinning', 'Senior', 11),
(49, 'Menosa', 'Keeward', 'Male', '09993892761', 'keeward@gmail.com', 'Boxing Instructor', 'Senior', 12),
(50, 'Olis', 'Keiven', 'Male', '099276351232', 'keiven@gmail.com', 'Fitness Coach', 'Junior', 13),
(51, 'Legislador', 'Hans', 'Male', '09123131222', 'hans@gmail.com', 'fitness coach', 'Senior', 107);

-- --------------------------------------------------------

--
-- Table structure for table `equipment`
--

CREATE TABLE `equipment` (
  `E_Code` int(8) NOT NULL,
  `E_Type` text NOT NULL,
  `E_Model` varchar(15) NOT NULL
) ENGINE=InnoDB DEFAULT CHARSET=latin1;

--
-- Dumping data for table `equipment`
--

INSERT INTO `equipment` (`E_Code`, `E_Type`, `E_Model`) VALUES
(1, 'SQR001', 'SQUAT RACK'),
(2, 'BB001', 'BARBELLS'),
(3, 'BP001', 'BENCH PRESS'),
(4, 'IBP001', 'INCLINE BENCH P'),
(5, 'HSM001', 'HAMMER STRENGTH'),
(6, 'CP001', 'CABLES AND PULL'),
(7, 'DB001', 'DUMBBELLS'),
(8, 'PB001', 'PULLUP BAR'),
(9, 'LPD001', 'LAT PULLDOWN MA'),
(10, 'LEM001', 'LEG EXTENSION M'),
(11, 'LGM001', 'LEG CURL MACHIN'),
(12, 'SQR002', 'SQUAT RACK'),
(13, 'BB002', 'BARBELLS'),
(14, 'BP002', 'BENCH PRESS'),
(15, 'IBP002', 'INCLINE BENCH P'),
(16, 'HSM002', 'HAMMER STRENGTH'),
(17, 'CP002', 'CABLES AND PULL'),
(18, 'DB002', 'DUMBBELLS'),
(19, 'PB002', 'PULLUP BAR'),
(20, 'LPD002', 'LAT PULLDOWN MA'),
(21, 'LEM002', 'LEG EXTENSION M'),
(22, 'LGM002', 'LEG CURL MACHIN'),
(23, 'HEB001', 'HYPER EXTENSION'),
(24, 'DP001', 'DIPPING BARS'),
(25, 'SM001', 'SMITH MACHINE'),
(26, 'PRB001', 'PREACHER BENCH'),
(27, 'ABB001', 'ABDOMINAL BENCH'),
(28, 'LPM001', 'LEG PRESS MACHI'),
(29, 'HSQM001', 'HACK SQUAT MACH'),
(30, 'CM001', 'CALF MACHINE'),
(31, 'LAM001', 'LEG ADDUCTION M'),
(32, 'KB001', 'KETTLEBELLS'),
(33, 'WB001', 'WALL BALL'),
(34, 'FR001', 'FOAM ROLLER'),
(35, 'SB001', 'STABILITY BALL'),
(36, 'HEB002', 'HYPER EXTENSION'),
(37, 'DP002', 'DIPPING BARS'),
(38, 'SM002', 'SMITH MACHINE'),
(40, 'DUMBBELLS', 'du002'),
(41, 'LAT PULLDOWN MACHINE', 'LAT001');

-- --------------------------------------------------------

--
-- Table structure for table `equipmentinventory`
--

CREATE TABLE `equipmentinventory` (
  `EI_Code` int(8) NOT NULL,
  `E_Code` int(8) NOT NULL,
  `EI_Quantity` int(4) NOT NULL,
  `EI_DeliveryDate` date NOT NULL,
  `EI_DeliveryTime` time NOT NULL,
  `EI_Activity` text NOT NULL,
  `month` char(3) NOT NULL,
  `year` char(4) NOT NULL
) ENGINE=InnoDB DEFAULT CHARSET=latin1;

--
-- Dumping data for table `equipmentinventory`
--

INSERT INTO `equipmentinventory` (`EI_Code`, `E_Code`, `EI_Quantity`, `EI_DeliveryDate`, `EI_DeliveryTime`, `EI_Activity`, `month`, `year`) VALUES
(1, 1, 13, '2007-12-14', '08:54:33', 'Restock', 'Dec', '2017'),
(2, 2, 10, '2008-09-30', '06:10:39', 'Restock', 'Sep', '2008'),
(3, 3, 9, '2016-09-29', '08:13:19', 'Restock', 'Sep', '2016'),
(4, 4, 13, '2010-11-09', '08:41:47', 'Restock', 'Nov', '2010'),
(5, 5, 13, '2016-04-27', '08:13:38', 'Restock', 'Apr', '2016'),
(6, 6, 14, '2007-08-28', '08:38:17', 'Restock', 'Aug', '2007'),
(7, 7, 12, '2017-01-10', '08:10:48', 'Restock', 'Jan', '2017'),
(8, 8, 10, '2010-02-11', '08:41:08', 'Restock', 'Feb', '2010'),
(9, 9, 14, '2011-06-28', '06:38:13', 'Restock', 'Jun', '2011'),
(10, 10, 12, '2005-08-19', '07:35:49', 'Restock', 'Aug', '2005'),
(11, 11, 8, '2006-06-22', '07:45:02', 'Restock', 'Jun', '2006'),
(12, 12, 14, '2016-05-10', '06:01:55', 'Restock', 'May', '2016'),
(13, 13, 6, '2007-11-07', '06:30:23', 'Restock', 'Nov', '2007'),
(14, 14, 11, '2008-07-17', '08:15:24', 'Restock', 'Jul', '2008'),
(15, 15, 7, '2017-01-16', '07:37:17', 'Restock', 'Jan', '2017'),
(16, 16, 7, '2014-08-25', '06:31:40', 'Restock', 'Aug', '2014'),
(17, 17, 7, '2009-02-10', '07:03:28', 'Restock', 'Feb', '2009'),
(18, 18, 10, '2011-08-14', '08:42:53', 'Restock', 'Aug', '2011'),
(19, 19, 6, '2008-01-01', '06:05:08', 'Restock', 'Jan', '2008'),
(20, 20, 5, '2013-07-04', '07:22:31', 'Restock', 'Jul', '2013'),
(21, 21, 14, '2016-06-04', '06:49:04', 'Restock', 'Jun', '2016'),
(22, 22, 10, '2008-11-02', '08:26:45', 'Restock', 'Nov', '2008'),
(23, 23, 5, '2018-02-10', '07:55:10', 'Restock', 'Feb', '2018'),
(24, 24, 8, '2005-05-22', '07:57:30', 'Restock', 'May', '2005'),
(25, 25, 15, '2014-07-08', '08:28:42', 'Restock', 'Jul', '2014'),
(26, 26, 12, '2012-06-04', '06:47:43', 'Restock', 'Jun', '2012'),
(27, 27, 8, '2012-07-29', '08:44:44', 'Restock', 'Jul', '2012'),
(28, 28, 9, '2011-07-28', '06:31:50', 'Restock', 'Jul', '2011'),
(29, 29, 15, '2014-10-07', '06:11:10', 'Restock', 'Oct', '2014'),
(30, 30, 6, '2008-04-13', '07:42:29', 'Restock', 'Apr', '2008'),
(31, 31, 14, '2010-03-24', '06:54:13', 'Restock', 'Mar', '2010'),
(32, 32, 10, '2007-11-05', '07:55:13', 'Restock', 'Nov', '2007'),
(33, 33, 8, '2008-08-24', '06:41:42', 'Restock', 'Aug', '2008'),
(34, 34, 7, '2011-03-31', '06:13:28', 'Restock', 'Mar', '2011'),
(35, 35, 5, '2015-03-15', '06:20:17', 'Restock', 'Mar', '2015'),
(36, 36, 8, '2010-02-04', '07:50:49', 'Restock', 'Feb', '2010'),
(37, 37, 14, '2014-05-12', '08:57:23', 'Restock', 'May', '2014'),
(38, 38, 8, '2011-07-29', '06:48:48', 'Restock', 'Jul', '2011'),
(39, 39, 12, '2014-08-01', '07:33:24', 'Restock', 'Aug', '2014'),
(40, 40, 8, '2016-08-05', '07:27:04', 'Restock', 'Aug', '2016'),
(41, 10, 7, '2007-07-26', '08:24:16', 'Restock', 'Jul', '2007'),
(42, 9, 11, '2015-03-04', '06:58:31', 'Restock', 'Mar', '2015'),
(43, 24, 8, '2006-11-22', '07:21:49', 'Restock', 'Nov', '2006'),
(44, 32, 15, '2007-09-02', '06:32:22', 'Restock', 'Sep', '2007'),
(45, 3, 7, '2015-08-29', '06:26:59', 'Restock', 'Aug', '2015'),
(46, 34, 10, '2006-01-31', '06:36:16', 'Restock', 'Jan', '2006'),
(47, 24, 14, '2012-11-12', '07:51:09', 'Restock', 'Nov', '2012'),
(48, 3, 5, '2010-10-01', '06:14:55', 'Restock', 'Oct', '2010'),
(49, 27, 6, '2011-02-18', '07:10:42', 'Restock', 'Feb', '2011'),
(50, 39, 9, '2009-12-11', '06:05:23', 'Restock', 'Dec', '2009'),
(51, 41, 100, '2018-03-15', '16:03:00', 'Restock', 'Mar', '2018'),
(52, 41, 100, '2018-03-16', '14:01:00', 'Restock', 'Mar', '2018'),
(53, 41, 50, '2018-03-17', '14:02:00', 'Discard', 'Mar', '2018'),
(54, 27, 3, '2018-03-15', '13:01:00', 'Restock', 'Mar', '2018'),
(55, 27, 5, '2018-03-23', '14:00:00', 'Discard', 'Mar', '2018');

-- --------------------------------------------------------

--
-- Table structure for table `log`
--

CREATE TABLE `log` (
  `log_id` int(11) NOT NULL,
  `userID` int(11) DEFAULT NULL,
  `log_activity` varchar(100) NOT NULL,
  `log_description` varchar(100) NOT NULL,
  `log_date` date NOT NULL,
  `log_time` time NOT NULL
) ENGINE=InnoDB DEFAULT CHARSET=latin1;

--
-- Dumping data for table `log`
--

INSERT INTO `log` (`log_id`, `userID`, `log_activity`, `log_description`, `log_date`, `log_time`) VALUES
(32, 65, 'Client Time-in', ' Armando Arnold has been timed in', '2018-03-18', '16:23:51'),
(33, 65, 'Client Time out', ' sss ss has been registered ', '2018-03-18', '16:32:21'),
(34, 65, 'Membership Registration', ' Aaden Daniel\'s profile has been modified', '2018-03-18', '16:35:46'),
(35, 0, 'Transaction Checkout', ' \'s transaction has been checked out', '2018-03-18', '23:41:24'),
(36, 65, 'Transaction Checkout', ' Abigail Ball\'s transaction has been checked out', '2018-03-18', '23:41:47'),
(37, 65, 'Membership Registration', ' sss ss has been enrolled to membership', '2018-03-18', '16:50:41'),
(38, 65, 'Client Registration', '  has been registered ', '2018-03-18', '16:50:45'),
(39, 65, 'Client Registration', ' dd has been registered ', '2018-03-18', '16:54:42'),
(40, 65, 'Membership Registration', ' dd d has been enrolled to membership', '2018-03-18', '16:54:50'),
(41, 65, 'Personal Training Registration', ' dd d has been enrolled to personal training ', '2018-03-18', '16:54:53'),
(42, 65, 'Studio Class Schedule Modification', ' Patterson session schedule has been modified', '2018-03-18', '17:33:09'),
(43, 65, 'Studio Class Schedule Modification', ' Yoga session schedule has been modified', '2018-03-18', '17:34:39'),
(44, 65, 'Transaction Checkout', ' Amado Patterson\'s transaction has been checked out', '2018-03-18', '00:39:18'),
(45, 65, 'Studio Class Participant', '  session has been registered for a studio class session', '2018-03-18', '17:39:39'),
(46, 65, 'Studio Class Participant', '  has been registered for a studio class session', '2018-03-18', '17:40:31'),
(47, 65, 'Studio Class Participant', ' Angel House has been registered for a studio class session', '2018-03-18', '17:40:53'),
(48, 65, 'Personal Training Measurement ', ' dd d\'s has been measured', '2018-03-18', '17:48:42'),
(49, 65, 'Personal Training Measurement ', ' dd d\'s has been measured', '2018-03-18', '17:48:57'),
(50, 65, 'Personal Training Health Condition', ' dd d\'s  health condition added', '2018-03-18', '18:00:37'),
(51, 65, 'Personal Training Session', 'A personal training session has been added ', '2018-03-18', '18:16:09'),
(52, 65, 'Personal Training Initial Measurement Modification ', ' dd d\'s measurements has been modified ', '2018-03-18', '18:16:23'),
(53, 65, 'Personal Training Final Measurement Modification ', ' dd d\'s measurements has been modified ', '2018-03-18', '18:16:36'),
(54, 65, 'Backup and Restore', 'An Import database has been initiated', '2018-03-19', '00:07:20'),
(55, 65, 'Backup and Restore', 'An Export database has been initiated', '2018-03-19', '00:13:36'),
(56, 65, 'Backup and Restore', 'An Export database has been initiated', '2018-03-19', '00:21:23');

-- --------------------------------------------------------

--
-- Table structure for table `measurements`
--

CREATE TABLE `measurements` (
  `M_Code` int(11) NOT NULL,
  `TL_Code` int(11) DEFAULT NULL,
  `M_Weight` float DEFAULT NULL,
  `M_SkeletalMass` float DEFAULT NULL,
  `M_BodyFatMass` float DEFAULT NULL,
  `M_FatFreeMass` float DEFAULT NULL,
  `M_BodyMassIndex` float DEFAULT NULL,
  `M_PercentBodyFat` float DEFAULT NULL,
  `M_WaistHipRatio` float DEFAULT NULL,
  `M_BasalMetabolicRate` float DEFAULT NULL,
  `M_LeftUpperArm` float DEFAULT NULL,
  `M_RightUpperArm` float DEFAULT NULL,
  `M_Chest` float DEFAULT NULL,
  `M_Waist` float DEFAULT NULL,
  `M_Hips` float DEFAULT NULL,
  `M_LeftUpperThigh` float DEFAULT NULL,
  `M_RightUpperThigh` float DEFAULT NULL,
  `M_RestingHR` float DEFAULT NULL,
  `M_DateMeasured` date DEFAULT NULL,
  `M_MeasurementType` text,
  `M_Classification` text NOT NULL,
  `month` text NOT NULL,
  `year` int(4) NOT NULL,
  `M_Height` float NOT NULL
) ENGINE=InnoDB DEFAULT CHARSET=latin1;

--
-- Dumping data for table `measurements`
--

INSERT INTO `measurements` (`M_Code`, `TL_Code`, `M_Weight`, `M_SkeletalMass`, `M_BodyFatMass`, `M_FatFreeMass`, `M_BodyMassIndex`, `M_PercentBodyFat`, `M_WaistHipRatio`, `M_BasalMetabolicRate`, `M_LeftUpperArm`, `M_RightUpperArm`, `M_Chest`, `M_Waist`, `M_Hips`, `M_LeftUpperThigh`, `M_RightUpperThigh`, `M_RestingHR`, `M_DateMeasured`, `M_MeasurementType`, `M_Classification`, `month`, `year`, `M_Height`) VALUES
(1232, 223, 40, 6, 9, 0, 5, 5, 7, 70, 6, 138, 113, 61, 71, 186, 153, 10, '2017-01-01', 'Initial', 'Class III obesity', 'Jan', 2017, 198),
(1233, 223, 56, 5, 6, 0, 9, 5, 5, 196, 6, 163, 155, 189, 200, 54, 185, 7, '2017-02-01', 'Final', 'Class III obesity', 'Jan', 2017, 60),
(1234, 224, 62, 5, 6, 0, 8, 5, 6, 197, 8, 141, 179, 164, 105, 76, 134, 5, '2017-03-01', 'Initial', 'Class III obesity', 'Jan', 2017, 93),
(1235, 224, 34, 5, 5, 0, 6, 8, 5, 108, 7, 68, 142, 54, 121, 52, 195, 8, '2017-04-01', 'Final', 'Class I obesity', 'Jan', 2017, 100),
(1236, 225, 19, 10, 8, 0, 6, 5, 7, 97, 6, 121, 114, 176, 131, 52, 81, 5, '2017-05-01', 'Initial', 'Normal Weight', 'Jan', 2017, 59),
(1237, 225, 41, 8, 9, 0, 9, 10, 9, 175, 6, 177, 86, 151, 143, 51, 182, 7, '2017-06-01', 'Final', 'Class III obesity', 'Jan', 2017, 97),
(1238, 226, 31, 8, 7, 0, 9, 5, 10, 171, 5, 132, 199, 143, 97, 86, 92, 9, '2017-07-01', 'Initial', 'Class I obesity', 'Jan', 2017, 162),
(1239, 226, 28, 6, 7, 0, 8, 5, 7, 158, 8, 70, 121, 192, 162, 133, 175, 8, '2017-08-01', 'Final', 'Overweight', 'Jan', 2017, 112),
(1240, 227, 71, 5, 10, 0, 8, 5, 10, 153, 10, 176, 57, 71, 89, 115, 156, 7, '2017-09-01', 'Initial', 'Class III obesity', 'Jan', 2017, 102),
(1241, 227, 87, 6, 6, 0, 5, 9, 5, 86, 5, 200, 161, 53, 140, 63, 171, 5, '2017-10-01', 'Final', 'Class III obesity', 'Jan', 2017, 127),
(1242, 228, 65, 10, 9, 0, 6, 8, 10, 144, 7, 123, 69, 73, 158, 122, 173, 9, '2017-02-02', 'Initial', 'Class III obesity', 'Feb', 2017, 144),
(1243, 228, 53, 7, 10, 0, 9, 10, 6, 55, 10, 191, 105, 177, 60, 155, 141, 6, '2017-03-02', 'Initial', 'Class III obesity', 'Feb', 2017, 111),
(1244, 229, 54, 5, 9, 0, 10, 10, 6, 200, 10, 50, 186, 91, 69, 115, 176, 10, '2017-04-02', 'Final', 'Class III obesity', 'Feb', 2017, 187),
(1245, 229, 34, 7, 9, 0, 10, 10, 7, 67, 10, 80, 162, 100, 85, 110, 64, 8, '2017-05-02', 'Initial', 'Class I obesity', 'Feb', 2017, 117),
(1246, 230, 38, 9, 8, 0, 6, 10, 6, 94, 9, 94, 64, 186, 66, 68, 148, 6, '2017-06-02', 'Final', 'Class II obesity', 'Feb', 2017, 190),
(1247, 230, 22, 6, 10, 0, 6, 10, 6, 175, 6, 108, 69, 110, 184, 197, 142, 9, '2017-07-02', 'Initial', 'Overweight', 'Feb', 2017, 52),
(1248, 231, 52, 6, 6, 0, 9, 6, 6, 171, 5, 130, 137, 87, 127, 54, 152, 10, '2017-08-02', 'Final', 'Class III obesity', 'Feb', 2017, 89),
(1249, 231, 84, 8, 10, 0, 10, 6, 7, 176, 9, 183, 175, 56, 115, 187, 189, 7, '2017-09-02', 'Initial', 'Class III obesity', 'Feb', 2017, 74),
(1250, 232, 77, 6, 5, 0, 9, 7, 9, 175, 5, 133, 61, 106, 146, 161, 64, 9, '2017-10-02', 'Final', 'Class III obesity', 'Feb', 2017, 140),
(1251, 232, 83, 6, 7, 0, 9, 8, 8, 193, 6, 185, 165, 83, 58, 111, 121, 10, '2017-11-02', 'Initial', 'Class III obesity', 'Feb', 2017, 60),
(1252, 233, 75, 7, 9, 0, 10, 9, 6, 66, 5, 155, 196, 176, 152, 86, 107, 9, '2017-12-02', 'Final', 'Class III obesity', 'Feb', 2017, 125),
(1253, 233, 45, 10, 6, 0, 10, 7, 9, 108, 10, 97, 166, 109, 198, 122, 199, 8, '0000-00-00', 'Initial', 'Class III obesity', 'Feb', 2017, 133),
(1254, 234, 22, 9, 8, 0, 6, 10, 10, 93, 9, 154, 113, 59, 154, 196, 72, 6, '0000-00-00', 'Initial', 'Normal Weight', 'Feb', 2017, 134),
(1255, 234, 25, 9, 6, 0, 8, 8, 8, 119, 10, 81, 102, 169, 137, 111, 64, 5, '2017-03-03', 'Final', 'Overweight', 'Mar', 2017, 60),
(1256, 233, 18, 10, 9, 0, 9, 8, 10, 170, 8, 126, 70, 128, 112, 182, 192, 9, '2017-04-03', 'Initial', 'Underweight', 'Mar', 2017, 169),
(1257, 233, 65, 8, 7, 0, 8, 5, 10, 54, 5, 63, 62, 177, 193, 147, 126, 5, '2017-05-03', 'Final', 'Class III obesity', 'Mar', 2017, 172),
(1258, 235, 28, 5, 8, 0, 5, 8, 6, 150, 8, 93, 188, 81, 193, 100, 186, 6, '2017-06-03', 'Initial', 'Class I obesity', 'Mar', 2017, 200),
(1259, 235, 86, 10, 8, 0, 10, 7, 10, 111, 9, 52, 52, 134, 173, 100, 141, 7, '2017-07-03', 'Final', 'Class III obesity', 'Mar', 2017, 187),
(1260, 236, 71, 7, 10, 0, 9, 10, 10, 69, 5, 135, 110, 88, 142, 85, 87, 6, '2017-08-03', 'Initial', 'Class III obesity', 'Mar', 2017, 182),
(1261, 236, 29, 5, 5, 0, 8, 6, 10, 106, 6, 51, 67, 52, 78, 113, 187, 5, '2017-09-03', 'Final', 'Class I obesity', 'Mar', 2017, 72),
(1262, 237, 53, 10, 9, 0, 8, 10, 9, 199, 9, 91, 105, 148, 74, 120, 145, 6, '2017-10-03', 'Initial', 'Class III obesity', 'Mar', 2017, 122),
(1263, 237, 50, 7, 8, 0, 7, 5, 7, 117, 7, 105, 85, 126, 75, 128, 160, 7, '2017-11-03', 'Final', 'Class III obesity', 'Mar', 2017, 74),
(1264, 238, 83, 6, 5, 0, 9, 9, 7, 151, 5, 133, 82, 64, 161, 134, 125, 7, '2017-12-03', 'Initial', 'Class III obesity', 'Mar', 2017, 92),
(1265, 238, 47, 7, 7, 0, 9, 6, 9, 141, 9, 192, 52, 171, 186, 186, 119, 8, '0000-00-00', 'Initial', 'Class III obesity', 'Mar', 2017, 122),
(1266, 239, 84, 7, 10, 0, 8, 9, 8, 72, 10, 82, 69, 105, 99, 84, 69, 6, '0000-00-00', 'Final', 'Class III obesity', 'Mar', 2017, 58),
(1267, 239, 32, 6, 9, 0, 6, 10, 6, 198, 10, 196, 63, 107, 123, 187, 80, 6, '0000-00-00', 'Initial', 'Class I obesity', 'Mar', 2017, 188),
(1268, 240, 22, 5, 7, 0, 9, 9, 5, 69, 8, 65, 61, 77, 193, 200, 68, 10, '0000-00-00', 'Final', 'Class I obesity', 'Mar', 2017, 53),
(1269, 240, 53, 6, 10, 0, 7, 9, 6, 184, 8, 182, 64, 144, 150, 200, 173, 6, '2017-04-04', 'Initial', 'Class III obesity', 'Apr', 2017, 196),
(1270, 241, 86, 8, 5, 0, 6, 10, 6, 192, 7, 148, 118, 114, 114, 198, 130, 7, '2017-05-04', 'Final', 'Class III obesity', 'Apr', 2017, 95),
(1271, 241, 39, 7, 10, 0, 9, 10, 7, 153, 7, 100, 199, 75, 65, 120, 69, 10, '2017-06-04', 'Initial', 'Class I obesity', 'Apr', 2017, 92),
(1272, 242, 65, 5, 6, 0, 6, 10, 6, 156, 10, 138, 190, 59, 186, 56, 83, 6, '2017-07-04', 'Final', 'Class III obesity', 'Apr', 2017, 127),
(1273, 242, 81, 6, 6, 0, 10, 6, 5, 113, 9, 149, 192, 96, 50, 92, 102, 8, '2017-08-04', 'Initial', 'Class III obesity', 'Apr', 2017, 147),
(1274, 243, 56, 5, 10, 0, 10, 8, 7, 72, 6, 153, 70, 111, 163, 164, 63, 9, '2017-09-04', 'Final', 'Class III obesity', 'Apr', 2017, 99),
(1275, 243, 36, 5, 8, 0, 10, 6, 9, 177, 7, 130, 83, 184, 100, 132, 165, 7, '2017-10-04', 'Initial', 'Class I obesity', 'Apr', 2017, 71),
(1276, 244, 63, 7, 7, 0, 6, 8, 10, 180, 10, 93, 167, 83, 52, 149, 178, 9, '2017-11-04', 'Initial', 'Class III obesity', 'Apr', 2017, 113),
(1277, 244, 79, 9, 10, 0, 6, 10, 9, 76, 6, 54, 107, 130, 128, 54, 119, 6, '2017-12-04', 'Final', 'Class III obesity', 'Apr', 2017, 150),
(1278, 245, 49, 10, 6, 0, 7, 8, 7, 86, 10, 183, 149, 148, 127, 91, 80, 5, '0000-00-00', 'Initial', 'Class III obesity', 'Apr', 2017, 167),
(1279, 245, 90, 6, 10, 0, 10, 7, 6, 151, 6, 195, 82, 94, 73, 142, 78, 9, '0000-00-00', 'Final', 'Class III obesity', 'Apr', 2017, 122),
(1280, 246, 50, 5, 9, 0, 7, 5, 10, 137, 7, 104, 146, 127, 88, 133, 91, 5, '0000-00-00', 'Initial', 'Class III obesity', 'Apr', 2017, 86),
(1281, 246, 42, 10, 5, 0, 6, 6, 5, 92, 7, 71, 52, 116, 54, 72, 171, 6, '0000-00-00', 'Final', 'Class III obesity', 'Apr', 2017, 127),
(1282, 247, 30, 5, 8, 0, 8, 7, 9, 129, 10, 67, 82, 92, 76, 197, 124, 9, '2017-05-05', 'Initial', 'Class I obesity', 'May', 2017, 106),
(1283, 247, 35, 5, 8, 0, 8, 10, 5, 113, 5, 67, 123, 113, 60, 58, 141, 8, '2017-06-05', 'Final', 'Class I obesity', 'May', 2017, 121),
(1284, 248, 67, 10, 10, 0, 6, 5, 5, 180, 8, 100, 133, 122, 98, 87, 124, 5, '2017-07-05', 'Initial', 'Class III obesity', 'May', 2017, 71),
(1285, 248, 80, 6, 8, 0, 7, 6, 5, 131, 5, 198, 137, 167, 72, 168, 190, 7, '2017-08-05', 'Final', 'Class III obesity', 'May', 2017, 151),
(1286, 249, 74, 6, 6, 0, 10, 5, 6, 161, 9, 175, 117, 164, 87, 93, 109, 5, '2017-09-05', 'Initial', 'Class III obesity', 'May', 2017, 79),
(1287, 249, 24, 10, 10, 0, 8, 9, 7, 121, 6, 78, 99, 72, 195, 134, 145, 8, '2017-10-05', 'Initial', 'Class I obesity', 'May', 2017, 72),
(1288, 250, 90, 5, 6, 0, 6, 5, 9, 169, 5, 189, 118, 192, 103, 56, 166, 7, '2017-11-05', 'Final', 'Class III obesity', 'May', 2017, 55),
(1289, 250, 17, 5, 9, 0, 7, 6, 6, 141, 7, 84, 91, 97, 54, 56, 197, 10, '2017-12-05', 'Initial', 'Class I obesity', 'May', 2017, 52),
(1290, 251, 21, 6, 7, 0, 10, 9, 6, 81, 6, 187, 113, 172, 113, 177, 80, 5, '0000-00-00', 'Final', 'Class I obesity', 'May', 2017, 110),
(1291, 251, 51, 6, 8, 0, 10, 5, 10, 109, 9, 64, 154, 126, 176, 120, 191, 8, '0000-00-00', 'Initial', 'Class III obesity', 'May', 2017, 60),
(1292, 252, 30, 5, 5, 0, 9, 9, 9, 127, 7, 143, 128, 118, 91, 58, 193, 7, '0000-00-00', 'Final', 'Class I obesity', 'May', 2017, 199),
(1293, 252, 73, 10, 6, 0, 5, 9, 5, 174, 6, 174, 100, 149, 157, 187, 97, 10, '0000-00-00', 'Initial', 'Class III obesity', 'May', 2017, 198),
(1294, 253, 32, 7, 9, 0, 7, 5, 5, 133, 9, 179, 148, 78, 111, 53, 113, 7, '0000-00-00', 'Final', 'Class I obesity', 'May', 2017, 98),
(1295, 253, 53, 6, 8, 0, 5, 7, 8, 86, 6, 181, 182, 75, 147, 56, 83, 9, '0000-00-00', 'Initial', 'Class III obesity', 'May', 2017, 73),
(1296, 254, 50, 5, 6, 0, 7, 7, 9, 80, 7, 100, 79, 121, 175, 146, 97, 6, '0000-00-00', 'Final', 'Class III obesity', 'May', 2017, 50),
(1297, 254, 31, 6, 10, 0, 10, 10, 10, 120, 9, 55, 194, 108, 186, 59, 56, 9, '0000-00-00', 'Initial', 'Class I obesity', 'May', 2017, 168),
(1298, 255, 39, 5, 8, 0, 9, 7, 10, 182, 10, 75, 188, 179, 104, 103, 77, 8, '2017-06-06', 'Initial', 'Class I obesity', 'Jun', 2017, 193),
(1299, 255, 39, 5, 6, 0, 7, 10, 10, 50, 9, 119, 93, 165, 80, 165, 153, 10, '2017-07-06', 'Final', 'Class I obesity', 'Jun', 2017, 63),
(1300, 256, 83, 9, 5, 0, 10, 7, 8, 93, 7, 88, 82, 115, 147, 149, 174, 6, '2017-08-06', 'Initial', 'Class III obesity', 'Jun', 2017, 191),
(1301, 256, 64, 6, 10, 0, 8, 9, 10, 61, 5, 98, 143, 109, 118, 54, 93, 10, '2017-09-06', 'Final', 'Class III obesity', 'Jun', 2017, 77),
(1302, 257, 55, 10, 8, 0, 9, 8, 9, 116, 7, 94, 116, 88, 104, 148, 178, 5, '2017-10-06', 'Initial', 'Class III obesity', 'Jun', 2017, 184),
(1303, 257, 61, 9, 9, 0, 7, 5, 5, 152, 5, 152, 143, 106, 105, 108, 120, 5, '2017-11-06', 'Final', 'Class III obesity', 'Jun', 2017, 128),
(1304, 258, 44, 8, 8, 0, 10, 9, 10, 129, 7, 180, 50, 164, 77, 198, 113, 9, '2017-12-06', 'Initial', 'Class III obesity', 'Jun', 2017, 90),
(1305, 258, 66, 10, 7, 0, 10, 9, 6, 59, 8, 52, 104, 200, 100, 194, 134, 6, '0000-00-00', 'Final', 'Class III obesity', 'Jun', 2017, 160),
(1306, 259, 83, 8, 10, 0, 7, 8, 6, 52, 6, 87, 165, 140, 105, 105, 187, 9, '0000-00-00', 'Initial', 'Class III obesity', 'Jun', 2017, 114),
(1307, 259, 76, 8, 9, 0, 5, 10, 6, 193, 9, 91, 113, 92, 56, 117, 178, 10, '2017-07-07', 'Final', 'Class III obesity', 'Jul', 2017, 132),
(1308, 260, 76, 7, 5, 0, 7, 6, 10, 58, 7, 145, 158, 51, 118, 95, 53, 9, '2017-08-07', 'Initial', 'Class III obesity', 'Jul', 2017, 50),
(1309, 260, 35, 10, 6, 0, 9, 9, 8, 94, 9, 72, 152, 55, 77, 56, 60, 8, '2017-09-07', 'Initial', 'Class I obesity', 'Jul', 2017, 144),
(1310, 261, 45, 9, 6, 0, 8, 5, 5, 60, 9, 103, 85, 133, 72, 135, 100, 10, '2017-10-07', 'Final', 'Class III obesity', 'Jul', 2017, 83),
(1311, 261, 15, 10, 9, 0, 10, 9, 10, 185, 10, 128, 166, 112, 128, 105, 50, 8, '2017-11-07', 'Initial', 'Class I obesity', 'Jul', 2017, 146),
(1312, 262, 79, 7, 8, 0, 10, 8, 10, 67, 9, 147, 65, 146, 64, 168, 113, 5, '2017-12-07', 'Final', 'Class III obesity', 'Jul', 2017, 158),
(1313, 262, 73, 8, 9, 0, 7, 10, 7, 61, 6, 76, 52, 61, 150, 161, 70, 8, '0000-00-00', 'Initial', 'Class III obesity', 'Jul', 2017, 139),
(1314, 263, 83, 7, 8, 0, 6, 10, 8, 90, 7, 146, 86, 138, 163, 192, 62, 6, '0000-00-00', 'Final', 'Class III obesity', 'Jul', 2017, 182),
(1315, 263, 64, 8, 7, 0, 8, 6, 6, 97, 10, 183, 136, 127, 138, 114, 163, 8, '0000-00-00', 'Initial', 'Class III obesity', 'Jul', 2017, 182),
(1316, 264, 26, 7, 9, 0, 10, 7, 7, 100, 5, 138, 191, 166, 72, 95, 63, 9, '0000-00-00', 'Final', 'Class I obesity', 'Jul', 2017, 125),
(1317, 264, 33, 7, 6, 0, 7, 5, 10, 62, 6, 173, 133, 51, 69, 160, 128, 10, '2017-08-08', 'Initial', 'Class I obesity', 'Aug', 2017, 170),
(1318, 265, 86, 7, 7, 0, 7, 10, 9, 143, 9, 90, 91, 78, 152, 160, 109, 7, '2017-09-08', 'Final', 'Class III obesity', 'Aug', 2017, 70),
(1319, 265, 88, 9, 9, 0, 7, 10, 5, 139, 7, 111, 198, 167, 157, 135, 63, 7, '2017-10-08', 'Initial', 'Class III obesity', 'Aug', 2017, 108),
(1320, 266, 21, 5, 5, 0, 8, 7, 8, 63, 8, 130, 102, 124, 111, 164, 84, 5, '2017-11-08', 'Initial', 'Class I obesity', 'Aug', 2017, 71),
(1321, 266, 61, 5, 9, 0, 5, 10, 10, 141, 9, 181, 114, 196, 71, 67, 161, 5, '2017-12-08', 'Final', 'Class III obesity', 'Aug', 2017, 113),
(1322, 267, 90, 5, 5, 0, 8, 7, 7, 67, 6, 151, 181, 124, 144, 172, 53, 7, '0000-00-00', 'Initial', 'Class III obesity', 'Aug', 2017, 141),
(1323, 267, 82, 9, 6, 0, 8, 10, 10, 52, 9, 156, 118, 139, 115, 157, 105, 6, '0000-00-00', 'Final', 'Class III obesity', 'Aug', 2017, 132),
(1324, 268, 38, 5, 8, 0, 6, 7, 5, 145, 5, 88, 81, 182, 152, 138, 178, 6, '0000-00-00', 'Initial', 'Class I obesity', 'Aug', 2017, 128),
(1325, 268, 87, 6, 10, 0, 9, 5, 7, 199, 5, 182, 124, 80, 144, 51, 77, 8, '0000-00-00', 'Final', 'Class III obesity', 'Aug', 2017, 143),
(1326, 269, 65, 7, 6, 0, 8, 6, 6, 160, 6, 124, 81, 177, 79, 79, 131, 8, '2017-09-09', 'Initial', 'Class III obesity', 'Sep', 2017, 153),
(1327, 269, 20, 8, 10, 0, 8, 10, 8, 141, 8, 165, 123, 68, 102, 88, 174, 7, '2017-10-09', 'Final', 'Class I obesity', 'Sep', 2017, 101),
(1328, 270, 76, 6, 9, 0, 7, 6, 7, 75, 9, 159, 161, 144, 122, 184, 50, 5, '2017-11-09', 'Initial', 'Class III obesity', 'Sep', 2017, 182),
(1329, 270, 89, 6, 6, 0, 7, 7, 8, 95, 7, 194, 179, 76, 60, 63, 121, 8, '2017-12-09', 'Final', 'Class III obesity', 'Sep', 2017, 113),
(1330, 271, 33, 10, 9, 0, 8, 5, 5, 186, 6, 107, 200, 124, 120, 82, 97, 9, '0000-00-00', 'Initial', 'Class I obesity', 'Sep', 2017, 196),
(1331, 271, 25, 8, 9, 0, 8, 9, 5, 94, 5, 134, 198, 182, 96, 132, 53, 10, '0000-00-00', 'Initial', 'Class I obesity', 'Sep', 2017, 104),
(1332, 272, 61, 8, 5, 0, 10, 5, 8, 192, 8, 87, 199, 195, 183, 72, 68, 10, '0000-00-00', 'Final', 'Class III obesity', 'Sep', 2017, 144),
(1333, 272, 57, 7, 9, 0, 7, 9, 7, 75, 7, 167, 162, 63, 96, 166, 70, 10, '0000-00-00', 'Initial', 'Class III obesity', 'Sep', 2017, 108),
(1334, 273, 56, 7, 7, 0, 6, 6, 7, 73, 10, 147, 173, 106, 189, 132, 144, 8, '0000-00-00', 'Final', 'Class III obesity', 'Sep', 2017, 175),
(1335, 273, 40, 9, 7, 0, 8, 8, 5, 52, 5, 104, 186, 59, 56, 171, 112, 8, '0000-00-00', 'Initial', 'Class I obesity', 'Sep', 2017, 180),
(1336, 274, 64, 9, 6, 0, 9, 9, 5, 75, 5, 92, 113, 124, 67, 198, 189, 5, '2017-10-10', 'Final', 'Class III obesity', 'Oct', 2017, 84),
(1337, 274, 79, 8, 9, 0, 9, 10, 9, 174, 10, 152, 196, 179, 193, 155, 172, 8, '2017-11-10', 'Initial', 'Class III obesity', 'Oct', 2017, 53),
(1338, 275, 77, 6, 10, 0, 10, 8, 7, 189, 8, 138, 90, 187, 133, 71, 82, 10, '2017-12-10', 'Final', 'Class III obesity', 'Oct', 2017, 139),
(1339, 275, 82, 5, 9, 0, 8, 8, 8, 68, 10, 146, 82, 62, 129, 134, 196, 9, '0000-00-00', 'Initial', 'Class III obesity', 'Oct', 2017, 100),
(1340, 276, 55, 6, 9, 0, 10, 9, 6, 67, 6, 120, 183, 105, 104, 140, 75, 10, '0000-00-00', 'Final', 'Class III obesity', 'Oct', 2017, 130),
(1341, 276, 26, 6, 10, 0, 7, 7, 10, 149, 8, 106, 169, 185, 89, 136, 143, 7, '0000-00-00', 'Initial', 'Class I obesity', 'Oct', 2017, 90),
(1342, 277, 56, 5, 10, 0, 10, 9, 7, 122, 10, 77, 73, 116, 161, 174, 155, 5, '0000-00-00', 'Initial', 'Class III obesity', 'Oct', 2017, 182),
(1343, 277, 38, 5, 8, 0, 8, 9, 6, 139, 10, 97, 87, 157, 90, 56, 185, 8, '0000-00-00', 'Final', 'Class I obesity', 'Oct', 2017, 153),
(1344, 278, 52, 9, 6, 0, 10, 10, 6, 183, 6, 158, 152, 76, 125, 61, 197, 9, '0000-00-00', 'Initial', 'Class III obesity', 'Oct', 2017, 181),
(1345, 278, 31, 8, 5, 0, 6, 10, 8, 148, 7, 172, 143, 161, 52, 193, 125, 7, '0000-00-00', 'Final', 'Class I obesity', 'Oct', 2017, 193),
(1346, 279, 68, 10, 5, 0, 10, 7, 5, 150, 6, 139, 135, 114, 51, 69, 79, 7, '0000-00-00', 'Initial', 'Class III obesity', 'Oct', 2017, 197),
(1347, 279, 81, 7, 10, 0, 10, 5, 8, 123, 7, 57, 126, 81, 98, 69, 109, 5, '0000-00-00', 'Final', 'Class III obesity', 'Oct', 2017, 178),
(1348, 280, 85, 9, 10, 0, 9, 10, 9, 72, 9, 146, 150, 135, 86, 136, 74, 5, '0000-00-00', 'Initial', 'Class III obesity', 'Oct', 2017, 61),
(1349, 280, 76, 10, 8, 0, 10, 10, 9, 168, 8, 167, 167, 125, 83, 96, 74, 9, '0000-00-00', 'Final', 'Class III obesity', 'Oct', 2017, 135),
(1350, 281, 65, 5, 5, 0, 7, 5, 8, 184, 9, 155, 133, 66, 150, 118, 60, 6, '2017-11-11', 'Initial', 'Class III obesity', 'Nov', 2017, 123),
(1351, 281, 57, 10, 10, 0, 5, 8, 9, 193, 7, 137, 61, 115, 191, 71, 125, 5, '2017-12-11', 'Final', 'Class III obesity', 'Nov', 2017, 163),
(1352, 282, 28, 9, 10, 0, 6, 8, 8, 197, 10, 154, 105, 154, 194, 50, 119, 5, '0000-00-00', 'Initial', 'Class I obesity', 'Nov', 2017, 162),
(1353, 282, 74, 10, 8, 0, 5, 8, 7, 132, 8, 76, 77, 136, 142, 97, 120, 6, '0000-00-00', 'Initial', 'Class III obesity', 'Nov', 2017, 94),
(1354, 283, 69, 6, 5, 0, 9, 7, 6, 175, 10, 121, 65, 53, 173, 190, 157, 10, '0000-00-00', 'Final', 'Class III obesity', 'Nov', 2017, 194),
(1355, 283, 27, 9, 5, 0, 10, 7, 6, 61, 7, 116, 60, 58, 117, 144, 57, 10, '0000-00-00', 'Initial', 'Class I obesity', 'Nov', 2017, 81),
(1356, 284, 64, 9, 6, 0, 6, 8, 5, 92, 8, 139, 66, 70, 59, 200, 73, 10, '0000-00-00', 'Final', 'Class III obesity', 'Nov', 2017, 200),
(1357, 284, 85, 5, 5, 0, 7, 6, 6, 71, 6, 127, 134, 129, 51, 200, 136, 9, '0000-00-00', 'Initial', 'Class III obesity', 'Nov', 2017, 119),
(1358, 285, 77, 9, 6, 0, 10, 9, 5, 183, 7, 140, 132, 134, 163, 194, 178, 6, '0000-00-00', 'Final', 'Class III obesity', 'Nov', 2017, 106),
(1359, 285, 47, 10, 6, 0, 8, 9, 5, 179, 6, 130, 54, 50, 60, 200, 177, 9, '0000-00-00', 'Initial', 'Class III obesity', 'Nov', 2017, 192),
(1360, 286, 34, 5, 5, 0, 9, 5, 10, 58, 8, 92, 69, 83, 98, 143, 121, 7, '0000-00-00', 'Final', 'Class I obesity', 'Nov', 2017, 182),
(1361, 286, 83, 6, 8, 0, 8, 7, 5, 171, 9, 66, 199, 76, 150, 134, 151, 7, '0000-00-00', 'Initial', 'Class III obesity', 'Nov', 2017, 143),
(1362, 287, 44, 6, 8, 0, 9, 5, 7, 185, 10, 101, 196, 83, 68, 123, 66, 9, '2017-12-12', 'Final', 'Class III obesity', 'Dec', 2017, 101),
(1363, 287, 44, 5, 7, 0, 7, 7, 10, 181, 10, 118, 90, 162, 192, 84, 151, 9, '0000-00-00', 'Initial', 'Class III obesity', 'Dec', 2017, 119),
(1364, 288, 58, 5, 7, 0, 10, 9, 8, 134, 5, 123, 150, 106, 108, 126, 168, 8, '0000-00-00', 'Initial', 'Class III obesity', 'Dec', 2017, 111),
(1365, 288, 37, 7, 5, 0, 10, 7, 6, 57, 9, 82, 195, 128, 144, 118, 120, 9, '0000-00-00', 'Final', 'Class I obesity', 'Dec', 2017, 106),
(1366, 289, 22, 5, 8, 0, 10, 9, 8, 90, 5, 134, 166, 102, 88, 165, 111, 8, '0000-00-00', 'Initial', 'Class I obesity', 'Dec', 2017, 140),
(1367, 289, 46, 7, 8, 0, 10, 9, 7, 109, 6, 175, 161, 150, 63, 160, 127, 7, '0000-00-00', 'Final', 'Class III obesity', 'Dec', 2017, 80),
(1368, 290, 23, 5, 8, 0, 10, 7, 9, 146, 6, 119, 151, 191, 162, 52, 171, 9, '0000-00-00', 'Initial', 'Class I obesity', 'Dec', 2017, 111),
(1369, 290, 45, 5, 10, 0, 10, 6, 5, 62, 8, 193, 127, 134, 50, 98, 150, 6, '0000-00-00', 'Final', 'Class III obesity', 'Dec', 2017, 167),
(1370, 291, 31, 5, 8, 0, 8, 10, 5, 85, 5, 129, 186, 162, 187, 90, 82, 9, '0000-00-00', 'Initial', 'Class I obesity', 'Dec', 2017, 153),
(1371, 291, 75, 8, 6, 0, 6, 7, 9, 110, 8, 165, 191, 114, 167, 197, 148, 10, '0000-00-00', 'Final', 'Class III obesity', 'Dec', 2017, 99),
(1372, 292, 55, 7, 10, 0, 7, 6, 7, 51, 9, 50, 109, 54, 54, 145, 110, 7, '0000-00-00', 'Initial', 'Class III obesity', 'Dec', 2017, 96),
(1373, 292, 34, 8, 6, 0, 7, 5, 7, 106, 9, 132, 76, 80, 142, 67, 197, 10, '0000-00-00', 'Final', 'Class I obesity', 'Dec', 2017, 157),
(1374, 293, 15, 6, 7, 0, 9, 7, 8, 172, 10, 199, 54, 93, 179, 67, 189, 6, '0000-00-00', 'Initial', 'Class I obesity', 'Dec', 2017, 95),
(1375, 293, 56, 7, 7, 0, 8, 5, 8, 166, 10, 121, 149, 100, 140, 63, 194, 9, '0000-00-00', 'Initial', 'Class III obesity', 'Dec', 2017, 112),
(1376, 294, 60, 10, 7, 0, 7, 5, 9, 67, 6, 122, 109, 179, 125, 193, 58, 6, '0000-00-00', 'Final', 'Class III obesity', 'Dec', 2017, 167),
(1377, 294, 36, 6, 6, 0, 6, 10, 8, 66, 5, 126, 149, 160, 127, 156, 73, 6, '0000-00-00', 'Initial', 'Class I obesity', 'Dec', 2017, 141),
(1378, 295, 78, 9, 9, 0, 9, 5, 5, 111, 8, 82, 180, 129, 58, 137, 177, 9, '0000-00-00', 'Final', 'Class III obesity', 'Dec', 2017, 166),
(1379, 295, 63, 7, 7, 0, 7, 8, 8, 77, 10, 67, 163, 95, 78, 100, 111, 7, '0000-00-00', 'Initial', 'Class III obesity', 'Dec', 2017, 177),
(1380, 296, 86, 5, 5, 0, 8, 7, 5, 73, 5, 168, 66, 175, 99, 67, 179, 6, '0000-00-00', 'Final', 'Class III obesity', 'Dec', 2017, 178),
(1381, 296, 56, 6, 6, 0, 7, 5, 6, 131, 8, 86, 75, 170, 173, 179, 97, 6, '0000-00-00', 'Initial', 'Class III obesity', 'Dec', 2017, 140),
(1382, 297, 57, 8, 5, 0, 6, 9, 10, 107, 5, 181, 107, 102, 129, 151, 103, 5, '2018-01-01', 'Final', 'Class III obesity', 'Dec', 2017, 161),
(1383, 297, 69, 5, 8, 0, 8, 7, 6, 132, 7, 137, 190, 61, 57, 125, 100, 7, '2018-02-01', 'Initial', 'Class III obesity', 'Dec', 2017, 148),
(1384, 298, 31, 10, 8, 0, 6, 9, 5, 112, 8, 87, 90, 135, 194, 191, 102, 7, '2018-03-01', 'Final', 'Class I obesity', 'Dec', 2017, 51),
(1385, 298, 70, 5, 9, 0, 10, 6, 9, 132, 5, 115, 158, 132, 168, 182, 114, 5, '2018-01-01', 'Initial', 'Class III obesity', 'Jan', 2018, 58),
(1386, 299, 29, 8, 7, 0, 5, 5, 8, 107, 9, 107, 75, 100, 111, 171, 107, 8, '2018-02-01', 'Initial', 'Class I obesity', 'Jan', 2018, 137),
(1387, 299, 15, 8, 5, 0, 7, 7, 5, 130, 10, 97, 160, 76, 135, 88, 197, 7, '2018-03-01', 'Final', 'Class I obesity', 'Jan', 2018, 114),
(1388, 300, 90, 9, 9, 0, 10, 8, 5, 64, 10, 88, 191, 140, 172, 137, 164, 8, '2018-04-01', 'Initial', 'Class III obesity', 'Jan', 2018, 106),
(1389, 300, 54, 5, 5, 0, 6, 5, 7, 137, 8, 64, 193, 158, 134, 148, 120, 7, '2018-05-01', 'Final', 'Class III obesity', 'Jan', 2018, 122),
(1390, 301, 51, 9, 5, 0, 9, 9, 10, 195, 9, 61, 87, 80, 131, 116, 156, 7, '2018-06-01', 'Initial', 'Class III obesity', 'Jan', 2018, 199),
(1391, 301, 16, 7, 9, 0, 0.000416493, 60, 8, 173, 10, 143, 54, 55, 191, 113, 52, 9, '2018-07-01', 'Final', 'Underweight', 'Jan', 2018, 196),
(1392, 302, 78, 6, 7, 0, 6, 5, 8, 115, 9, 98, 146, 172, 141, 68, 127, 10, '2018-08-01', 'Initial', 'Class III obesity', 'Jan', 2018, 75),
(1393, 302, 37, 9, 9, 0, 8, 5, 8, 128, 7, 99, 107, 99, 97, 100, 132, 8, '2018-09-01', 'Final', 'Class I obesity', 'Jan', 2018, 199),
(1394, 303, 44, 8, 9, 0, 9, 7, 8, 166, 10, 162, 192, 157, 124, 178, 159, 10, '2018-10-01', 'Initial', 'Class III obesity', 'Jan', 2018, 129),
(1395, 303, 75, 7, 6, 0, 5, 10, 9, 92, 9, 105, 63, 167, 83, 64, 135, 5, '2018-11-01', 'Final', 'Class III obesity', 'Jan', 2018, 63),
(1396, 304, 17, 5, 6, 0, 9, 9, 7, 69, 9, 98, 178, 137, 117, 180, 168, 8, '2018-12-01', 'Initial', 'Class I obesity', 'Jan', 2018, 108),
(1397, 304, 64, 10, 5, 0, 7, 7, 5, 92, 9, 117, 185, 64, 89, 108, 92, 7, '0000-00-00', 'Initial', 'Class III obesity', 'Jan', 2018, 94),
(1398, 305, 47, 6, 5, 0, 10, 7, 5, 151, 5, 71, 131, 139, 188, 161, 56, 9, '0000-00-00', 'Final', 'Class III obesity', 'Jan', 2018, 132),
(1399, 305, 54, 8, 7, 0, 7, 9, 6, 89, 7, 85, 68, 173, 130, 140, 110, 7, '0000-00-00', 'Initial', 'Class III obesity', 'Jan', 2018, 120),
(1400, 306, 21, 9, 5, 0, 9, 5, 8, 195, 8, 89, 175, 65, 145, 88, 112, 10, '0000-00-00', 'Final', 'Class I obesity', 'Jan', 2018, 172),
(1401, 306, 22, 8, 8, 0, 10, 8, 10, 62, 5, 174, 127, 80, 139, 152, 147, 10, '0000-00-00', 'Initial', 'Class I obesity', 'Jan', 2018, 198),
(1402, 307, 40, 10, 7, 0, 8, 7, 10, 86, 9, 64, 159, 195, 147, 84, 122, 5, '0000-00-00', 'Final', 'Class I obesity', 'Jan', 2018, 104),
(1403, 307, 87, 10, 6, 0, 10, 7, 8, 110, 6, 95, 97, 177, 74, 57, 73, 5, '0000-00-00', 'Initial', 'Class III obesity', 'Jan', 2018, 113),
(1404, 308, 70, 7, 6, 0, 7, 5, 5, 197, 5, 76, 74, 131, 90, 105, 79, 7, '0000-00-00', 'Final', 'Class III obesity', 'Jan', 2018, 136),
(1405, 308, 27, 9, 6, 0, 10, 5, 9, 108, 8, 60, 196, 93, 150, 98, 115, 9, '0000-00-00', 'Initial', 'Class I obesity', 'Jan', 2018, 65),
(1406, 309, 22, 8, 9, 0, 7, 9, 5, 73, 9, 170, 56, 81, 111, 151, 146, 5, '0000-00-00', 'Final', 'Class I obesity', 'Jan', 2018, 84),
(1407, 309, 37, 7, 8, 0, 8, 8, 9, 93, 9, 51, 50, 132, 60, 101, 114, 7, '0000-00-00', 'Initial', 'Class I obesity', 'Jan', 2018, 100),
(1408, 310, 63, 5, 10, 0, 10, 8, 5, 132, 7, 55, 159, 68, 195, 123, 70, 10, '0000-00-00', 'Initial', 'Class III obesity', 'Jan', 2018, 171),
(1409, 310, 74, 7, 5, 0, 6, 5, 7, 198, 7, 199, 169, 143, 145, 62, 155, 9, '0000-00-00', 'Final', 'Class III obesity', 'Jan', 2018, 144),
(1410, 311, 17, 7, 10, 0, 9, 5, 9, 182, 6, 77, 159, 167, 146, 59, 107, 6, '0000-00-00', 'Initial', 'Class I obesity', 'Jan', 2018, 138),
(1411, 311, 88, 7, 8, 0, 7, 8, 10, 147, 6, 74, 145, 83, 151, 110, 112, 5, '0000-00-00', 'Final', 'Class III obesity', 'Jan', 2018, 171),
(1412, 312, 20, 10, 7, 0, 5, 6, 7, 190, 8, 153, 150, 77, 137, 50, 200, 10, '0000-00-00', 'Initial', 'Class I obesity', 'Jan', 2018, 125),
(1413, 312, 72, 5, 9, 0, 9, 9, 9, 84, 10, 122, 197, 171, 164, 74, 158, 10, '0000-00-00', 'Final', 'Class III obesity', 'Jan', 2018, 196),
(1414, 313, 48, 7, 10, 0, 5, 5, 5, 64, 9, 185, 155, 176, 128, 118, 132, 9, '0000-00-00', 'Initial', 'Class III obesity', 'Jan', 2018, 102),
(1415, 313, 53, 7, 5, 0, 7, 10, 10, 69, 6, 117, 91, 87, 177, 187, 63, 6, '0000-00-00', 'Final', 'Class III obesity', 'Jan', 2018, 136),
(1416, 314, 44, 10, 7, 0, 5, 7, 10, 143, 6, 161, 165, 154, 190, 125, 139, 8, '2018-01-02', 'Initial', 'Class III obesity', 'Jan', 2018, 157),
(1417, 314, 19, 10, 6, 0, 7, 8, 6, 162, 8, 153, 106, 100, 106, 64, 151, 7, '2018-02-02', 'Final', 'Class I obesity', 'Jan', 2018, 61),
(1418, 315, 20, 7, 7, 0, 8, 8, 9, 198, 10, 147, 169, 116, 166, 89, 92, 5, '2018-03-02', 'Initial', 'Class I obesity', 'Jan', 2018, 93),
(1419, 315, 50, 10, 8, 0, 5, 8, 9, 66, 10, 190, 51, 114, 185, 181, 161, 5, '2018-04-02', 'Initial', 'Class III obesity', 'Jan', 2018, 75),
(1420, 316, 81, 10, 5, 0, 7, 10, 9, 86, 8, 93, 59, 164, 195, 133, 130, 9, '2018-05-02', 'Final', 'Class III obesity', 'Jan', 2018, 179),
(1421, 316, 51, 6, 10, 0, 8, 7, 6, 165, 6, 70, 122, 144, 117, 61, 156, 8, '2018-06-02', 'Initial', 'Class III obesity', 'Jan', 2018, 139),
(1422, 317, 22, 9, 8, 0, 7, 6, 7, 125, 7, 82, 83, 109, 177, 151, 152, 9, '2018-07-02', 'Final', 'Class I obesity', 'Jan', 2018, 164),
(1423, 317, 65, 6, 8, 0, 5, 8, 10, 112, 9, 132, 133, 98, 136, 99, 164, 8, '2018-08-02', 'Initial', 'Class III obesity', 'Jan', 2018, 113),
(1424, 318, 66, 5, 6, 0, 10, 8, 5, 102, 5, 95, 196, 122, 107, 75, 114, 7, '2018-09-02', 'Final', 'Class III obesity', 'Jan', 2018, 198),
(1425, 318, 60, 8, 6, 0, 6, 10, 9, 86, 5, 71, 187, 123, 174, 100, 131, 6, '2018-10-02', 'Initial', 'Class III obesity', 'Jan', 2018, 68),
(1426, 319, 69, 7, 6, 0, 5, 9, 10, 179, 6, 141, 111, 132, 175, 103, 135, 9, '2018-11-02', 'Final', 'Class III obesity', 'Jan', 2018, 94),
(1427, 319, 56, 5, 6, 0, 5, 7, 9, 70, 5, 195, 52, 99, 191, 180, 149, 7, '2018-12-02', 'Initial', 'Class III obesity', 'Jan', 2018, 64),
(1428, 320, 20, 10, 8, 0, 5, 6, 7, 83, 10, 60, 119, 155, 121, 77, 192, 9, '0000-00-00', 'Final', 'Class I obesity', 'Jan', 2018, 191),
(1429, 320, 43, 6, 5, 0, 7, 9, 10, 117, 10, 77, 165, 126, 80, 109, 113, 6, '0000-00-00', 'Initial', 'Class III obesity', 'Jan', 2018, 149),
(1430, 321, 32, 8, 6, 0, 6, 8, 10, 179, 5, 129, 84, 200, 121, 69, 188, 7, '0000-00-00', 'Initial', 'Class I obesity', 'Jan', 2018, 60),
(1431, 321, 59, 10, 6, 0, 5, 7, 10, 135, 9, 192, 104, 113, 155, 154, 159, 7, '0000-00-00', 'Final', 'Class III obesity', 'Jan', 2018, 68),
(1432, 322, 81, 10, 5, 0, 5, 8, 6, 198, 7, 51, 149, 156, 156, 83, 60, 7, '0000-00-00', 'Initial', 'Class III obesity', 'Jan', 2018, 96),
(1433, 322, 61, 8, 9, 0, 8, 9, 6, 145, 10, 176, 140, 93, 53, 79, 72, 7, '0000-00-00', 'Final', 'Class III obesity', 'Jan', 2018, 148),
(1434, 323, 26, 5, 9, 0, 6, 5, 9, 64, 7, 50, 53, 131, 122, 85, 58, 9, '0000-00-00', 'Initial', 'Class I obesity', 'Jan', 2018, 188),
(1435, 323, 26, 7, 7, 0, 7, 6, 7, 182, 7, 88, 148, 68, 187, 57, 54, 5, '0000-00-00', 'Final', 'Class I obesity', 'Jan', 2018, 187),
(1436, 324, 44, 5, 10, 0, 5, 8, 10, 73, 7, 129, 182, 150, 68, 92, 118, 10, '0000-00-00', 'Initial', 'Class III obesity', 'Jan', 2018, 79),
(1437, 324, 53, 5, 10, 0, 8, 6, 5, 162, 6, 163, 185, 106, 96, 130, 58, 8, '0000-00-00', 'Final', 'Class III obesity', 'Jan', 2018, 137),
(1438, 325, 31, 10, 7, 0, 6, 10, 9, 151, 9, 137, 145, 149, 185, 97, 80, 8, '0000-00-00', 'Initial', 'Class I obesity', 'Jan', 2018, 194),
(1439, 325, 36, 7, 9, 0, 9, 9, 8, 125, 10, 68, 138, 134, 112, 111, 163, 6, '0000-00-00', 'Final', 'Class I obesity', 'Jan', 2018, 78),
(1440, 326, 76, 10, 7, 0, 7, 7, 9, 107, 6, 121, 95, 165, 58, 160, 133, 9, '0000-00-00', 'Initial', 'Class III obesity', 'Jan', 2018, 122),
(1441, 326, 16, 9, 5, 0, 8, 5, 5, 152, 5, 169, 185, 57, 176, 136, 131, 9, '0000-00-00', 'Initial', 'Class I obesity', 'Jan', 2018, 163),
(1442, 327, 17, 10, 5, 0, 5, 7, 8, 104, 10, 96, 161, 69, 153, 198, 60, 9, '0000-00-00', 'Final', 'Class I obesity', 'Jan', 2018, 89),
(1443, 327, 66, 10, 8, 0, 7, 7, 9, 143, 6, 102, 84, 171, 82, 185, 71, 6, '0000-00-00', 'Initial', 'Class III obesity', 'Jan', 2018, 122),
(1444, 328, 69, 9, 9, 0, 5, 8, 7, 99, 8, 57, 82, 86, 145, 71, 139, 5, '2018-08-02', 'Final', 'Class III obesity', 'Jan', 2018, 110),
(1445, 328, 50, 8, 8, 0, 9, 7, 8, 57, 7, 75, 56, 54, 199, 146, 125, 10, '2018-09-02', 'Initial', 'Class III obesity', 'Jan', 2018, 169),
(1446, 329, 44, 5, 9, 0, 10, 8, 10, 163, 10, 138, 64, 73, 198, 193, 57, 9, '2018-10-02', 'Final', 'Class III obesity', 'Feb', 2018, 169),
(1447, 329, 85, 5, 5, 0, 6, 6, 9, 120, 8, 104, 119, 88, 111, 191, 84, 10, '2018-11-02', 'Initial', 'Class III obesity', 'Feb', 2018, 133),
(1448, 330, 84, 8, 9, 0, 8, 10, 8, 148, 8, 60, 59, 91, 147, 162, 109, 6, '2018-12-02', 'Final', 'Class III obesity', 'Feb', 2018, 156),
(1449, 330, 38, 6, 8, 0, 6, 7, 7, 110, 5, 142, 187, 115, 119, 152, 80, 6, '0000-00-00', 'Initial', 'Class I obesity', 'Feb', 2018, 148),
(1450, 331, 57, 6, 9, 0, 9, 6, 5, 96, 10, 166, 145, 115, 149, 159, 85, 9, '0000-00-00', 'Final', 'Class III obesity', 'Feb', 2018, 110),
(1451, 331, 50, 10, 6, 0, 6, 8, 6, 133, 8, 181, 114, 198, 128, 65, 69, 5, '0000-00-00', 'Initial', 'Class III obesity', 'Feb', 2018, 185),
(1452, 332, 69, 5, 10, 0, 5, 8, 7, 157, 5, 159, 153, 52, 164, 67, 122, 9, '0000-00-00', 'Initial', 'Class III obesity', 'Feb', 2018, 65),
(1453, 332, 70, 7, 6, 0, 10, 10, 8, 63, 10, 143, 127, 136, 118, 152, 71, 9, '0000-00-00', 'Final', 'Class III obesity', 'Feb', 2018, 161),
(1454, 333, 43, 10, 10, 0, 10, 5, 5, 154, 7, 152, 79, 199, 182, 132, 173, 9, '0000-00-00', 'Initial', 'Class III obesity', 'Feb', 2018, 137),
(1455, 333, 18, 7, 5, 0, 6, 6, 7, 111, 5, 53, 61, 175, 159, 144, 149, 8, '0000-00-00', 'Final', 'Class I obesity', 'Feb', 2018, 160),
(1456, 334, 89, 6, 6, 0, 8, 9, 9, 77, 8, 191, 66, 172, 200, 160, 167, 6, '0000-00-00', 'Initial', 'Class III obesity', 'Feb', 2018, 117),
(1457, 334, 68, 8, 7, 0, 6, 5, 7, 97, 7, 148, 148, 124, 153, 112, 76, 7, '0000-00-00', 'Final', 'Class III obesity', 'Feb', 2018, 122),
(1458, 335, 77, 7, 6, 0, 5, 9, 9, 82, 7, 58, 136, 125, 123, 81, 170, 8, '0000-00-00', 'Initial', 'Class III obesity', 'Feb', 2018, 192),
(1459, 335, 30, 9, 5, 0, 8, 8, 8, 198, 7, 154, 109, 142, 83, 76, 76, 6, '0000-00-00', 'Final', 'Class I obesity', 'Feb', 2018, 120),
(1460, 336, 82, 8, 10, 0, 5, 6, 8, 53, 10, 175, 192, 159, 83, 52, 182, 9, '0000-00-00', 'Initial', 'Class III obesity', 'Feb', 2018, 144),
(1461, 336, 32, 6, 9, 0, 8, 5, 8, 149, 6, 172, 173, 56, 51, 112, 115, 7, '0000-00-00', 'Final', 'Class I obesity', 'Feb', 2018, 163),
(1462, 337, 75, 10, 8, 0, 10, 10, 9, 111, 9, 93, 82, 130, 194, 182, 104, 5, '0000-00-00', 'Initial', 'Class III obesity', 'Feb', 2018, 127),
(1463, 337, 28, 7, 5, 0, 7, 6, 5, 124, 8, 191, 62, 104, 174, 98, 148, 8, '0000-00-00', 'Initial', 'Class I obesity', 'Feb', 2018, 67),
(1464, 338, 88, 6, 5, 0, 5, 8, 7, 62, 9, 53, 121, 73, 160, 94, 103, 8, '0000-00-00', 'Final', 'Class III obesity', 'Feb', 2018, 182),
(1465, 338, 20, 7, 5, 0, 7, 10, 9, 79, 9, 188, 98, 54, 149, 173, 177, 6, '2018-08-02', 'Initial', 'Class I obesity', 'Feb', 2018, 166),
(1466, 339, 80, 9, 9, 0, 9, 6, 6, 81, 6, 192, 99, 67, 162, 71, 67, 6, '2018-09-02', 'Final', 'Class III obesity', 'Feb', 2018, 172),
(1467, 339, 88, 10, 10, 0, 5, 8, 6, 159, 5, 128, 84, 63, 198, 134, 70, 6, '2018-10-02', 'Initial', 'Class III obesity', 'Feb', 2018, 149),
(1468, 340, 40, 5, 5, 0, 7, 6, 9, 73, 10, 81, 153, 169, 99, 178, 77, 7, '2018-11-02', 'Final', 'Class I obesity', 'Feb', 2018, 75),
(1469, 340, 82, 8, 5, 0, 7, 8, 6, 125, 5, 115, 122, 141, 91, 146, 157, 7, '2018-12-02', 'Initial', 'Class III obesity', 'Feb', 2018, 50),
(1470, 341, 70, 7, 5, 0, 10, 5, 5, 72, 8, 149, 102, 109, 184, 93, 145, 10, '0000-00-00', 'Final', 'Class III obesity', 'Feb', 2018, 75),
(1471, 341, 42, 6, 9, 0, 6, 10, 6, 169, 6, 133, 125, 136, 165, 104, 146, 9, '0000-00-00', 'Initial', 'Class III obesity', 'Feb', 2018, 54),
(1472, 342, 57, 10, 6, 0, 5, 6, 5, 62, 6, 176, 92, 150, 73, 96, 179, 6, '0000-00-00', 'Final', 'Class III obesity', 'Feb', 2018, 54),
(1473, 342, 15, 7, 10, 0, 5, 7, 10, 197, 7, 63, 51, 174, 123, 137, 53, 9, '0000-00-00', 'Initial', 'Class I obesity', 'Feb', 2018, 131),
(1474, 343, 90, 6, 7, 0, 8, 5, 9, 79, 5, 146, 126, 162, 191, 65, 135, 6, '0000-00-00', 'Initial', 'Class III obesity', 'Feb', 2018, 191),
(1475, 343, 71, 10, 6, 0, 7, 9, 10, 138, 8, 134, 197, 118, 192, 138, 51, 7, '0000-00-00', 'Final', 'Class III obesity', 'Feb', 2018, 82),
(1476, 344, 23, 5, 5, 0, 6, 9, 5, 181, 7, 139, 120, 142, 109, 53, 147, 9, '0000-00-00', 'Initial', 'Class I obesity', 'Feb', 2018, 143),
(1477, 344, 79, 9, 5, 0, 5, 10, 6, 115, 5, 126, 148, 169, 70, 198, 75, 5, '0000-00-00', 'Final', 'Class III obesity', 'Feb', 2018, 192),
(1478, 345, 81, 8, 8, 0, 8, 9, 6, 85, 10, 154, 199, 58, 110, 160, 131, 5, '0000-00-00', 'Initial', 'Class III obesity', 'Feb', 2018, 152),
(1479, 345, 20, 6, 8, 0, 6, 10, 7, 156, 6, 120, 122, 185, 170, 175, 181, 9, '0000-00-00', 'Final', 'Class I obesity', 'Feb', 2018, 168),
(1480, 346, 65, 8, 5, 0, 8, 5, 9, 160, 7, 181, 186, 163, 192, 98, 101, 8, '0000-00-00', 'Initial', 'Class III obesity', 'Feb', 2018, 193),
(1481, 346, 32, 8, 7, 0, 7, 7, 9, 172, 6, 150, 91, 161, 60, 152, 124, 9, '0000-00-00', 'Final', 'Class I obesity', 'Feb', 2018, 141),
(1482, 347, 52, 9, 10, 0, 9, 9, 7, 174, 10, 139, 153, 181, 181, 97, 121, 8, '0000-00-00', 'Initial', 'Class III obesity', 'Feb', 2018, 196),
(1483, 347, 61, 8, 10, 0, 8, 9, 7, 159, 6, 166, 144, 92, 107, 85, 136, 10, '0000-00-00', 'Final', 'Class III obesity', 'Feb', 2018, 192),
(1484, 348, 77, 7, 9, 0, 7, 7, 6, 75, 6, 86, 148, 52, 148, 147, 86, 6, '0000-00-00', 'Initial', 'Class III obesity', 'Feb', 2018, 86),
(1485, 348, 37, 6, 9, 0, 9, 7, 9, 66, 5, 181, 101, 74, 104, 98, 62, 9, '0000-00-00', 'Initial', 'Class I obesity', 'Feb', 2018, 154),
(1486, 349, 54, 7, 6, 0, 6, 10, 5, 187, 8, 66, 147, 96, 78, 92, 166, 5, '2018-08-02', 'Final', 'Class III obesity', 'Feb', 2018, 156),
(1487, 349, 59, 8, 6, 0, 10, 5, 9, 74, 9, 65, 112, 189, 125, 177, 143, 9, '2018-09-02', 'Initial', 'Class III obesity', 'Feb', 2018, 109),
(1488, 350, 37, 7, 5, 0, 6, 10, 10, 193, 9, 132, 92, 188, 91, 167, 94, 5, '2018-10-02', 'Final', 'Class I obesity', 'Feb', 2018, 168),
(1489, 350, 18, 8, 10, 0, 8, 5, 5, 182, 5, 158, 128, 126, 106, 78, 144, 9, '2018-11-02', 'Initial', 'Class I obesity', 'Feb', 2018, 187),
(1490, 351, 26, 5, 8, 0, 5, 6, 6, 107, 9, 85, 174, 96, 192, 171, 132, 8, '2018-12-02', 'Final', 'Class I obesity', 'Feb', 2018, 66),
(1491, 351, 86, 10, 9, 0, 7, 7, 9, 105, 9, 165, 58, 198, 147, 105, 65, 8, '0000-00-00', 'Initial', 'Class III obesity', 'Feb', 2018, 194),
(1492, 352, 59, 6, 7, 0, 8, 6, 6, 104, 9, 96, 111, 63, 127, 157, 167, 9, '0000-00-00', 'Final', 'Class III obesity', 'Feb', 2018, 66),
(1493, 352, 51, 5, 6, 0, 5, 7, 7, 174, 10, 130, 148, 172, 158, 104, 186, 6, '0000-00-00', 'Initial', 'Class III obesity', 'Feb', 2018, 113),
(1494, 353, 86, 6, 10, 0, 8, 8, 10, 200, 9, 113, 129, 147, 105, 90, 105, 10, '0000-00-00', 'Final', 'Class III obesity', 'Feb', 2018, 199),
(1495, 353, 51, 7, 8, 0, 9, 8, 10, 82, 7, 144, 144, 176, 148, 146, 147, 6, '0000-00-00', 'Initial', 'Class III obesity', 'Feb', 2018, 75),
(1496, 354, 50, 9, 10, 0, 6, 10, 7, 137, 10, 94, 151, 188, 80, 172, 75, 5, '0000-00-00', 'Initial', 'Class III obesity', 'Feb', 2018, 96),
(1497, 354, 34, 7, 8, 0, 10, 8, 5, 173, 7, 65, 80, 119, 133, 185, 88, 7, '0000-00-00', 'Final', 'Class I obesity', 'Feb', 2018, 73),
(1498, 355, 40, 6, 7, 0, 7, 5, 8, 198, 8, 138, 198, 177, 197, 118, 192, 9, '0000-00-00', 'Initial', 'Class I obesity', 'Feb', 2018, 78),
(1499, 355, 57, 7, 8, 0, 7, 9, 10, 138, 6, 165, 60, 94, 123, 140, 117, 7, '0000-00-00', 'Final', 'Class III obesity', 'Feb', 2018, 50),
(1500, 356, 26, 9, 7, 0, 5, 10, 5, 194, 7, 172, 192, 184, 141, 132, 165, 5, '0000-00-00', 'Initial', 'Class I obesity', 'Feb', 2018, 140),
(1501, 356, 72, 7, 7, 0, 8, 10, 8, 130, 10, 192, 194, 106, 128, 140, 185, 7, '0000-00-00', 'Final', 'Class III obesity', 'Feb', 2018, 193),
(1502, 357, 79, 5, 6, 0, 7, 5, 5, 189, 10, 64, 161, 191, 145, 73, 116, 10, '0000-00-00', 'Initial', 'Class III obesity', 'Feb', 2018, 199),
(1503, 357, 49, 5, 9, 0, 5, 6, 6, 55, 6, 123, 100, 119, 190, 148, 196, 9, '0000-00-00', 'Final', 'Class III obesity', 'Feb', 2018, 138),
(1504, 358, 65, 8, 10, 0, 10, 5, 7, 153, 10, 96, 172, 99, 195, 99, 78, 9, '0000-00-00', 'Initial', 'Class III obesity', 'Feb', 2018, 185),
(1505, 358, 18, 5, 9, 0, 5, 6, 9, 53, 7, 151, 191, 138, 184, 98, 67, 6, '0000-00-00', 'Final', 'Class I obesity', 'Feb', 2018, 90),
(1506, 359, 61, 6, 5, 0, 5, 9, 8, 126, 7, 182, 198, 145, 134, 115, 189, 10, '0000-00-00', 'Initial', 'Class III obesity', 'Feb', 2018, 122),
(1507, 359, 44, 8, 10, 0, 8, 7, 5, 91, 7, 151, 139, 99, 127, 187, 144, 10, '2018-08-02', 'Initial', 'Class III obesity', 'Feb', 2018, 77),
(1508, 360, 54, 8, 5, 0, 6, 5, 8, 104, 6, 130, 164, 158, 52, 140, 123, 5, '2018-09-02', 'Final', 'Class III obesity', 'Feb', 2018, 154),
(1509, 360, 16, 8, 8, 0, 7, 5, 6, 148, 6, 99, 169, 167, 170, 105, 114, 8, '2018-10-02', 'Initial', 'Class I obesity', 'Feb', 2018, 99),
(1510, 361, 18, 7, 6, 0, 7, 8, 10, 109, 9, 177, 109, 186, 81, 92, 122, 5, '2018-11-02', 'Final', 'Class I obesity', 'Feb', 2018, 112),
(1511, 361, 45, 7, 9, 0, 10, 10, 6, 191, 9, 173, 171, 169, 75, 73, 68, 5, '2018-12-02', 'Initial', 'Class III obesity', 'Feb', 2018, 56),
(1512, 362, 18, 7, 7, 0, 5, 6, 10, 110, 6, 176, 153, 72, 99, 119, 169, 10, '0000-00-00', 'Final', 'Class I obesity', 'Feb', 2018, 127),
(1513, 362, 15, 6, 7, 0, 8, 8, 7, 190, 10, 51, 141, 160, 164, 68, 50, 9, '0000-00-00', 'Initial', 'Class I obesity', 'Feb', 2018, 113),
(1514, 363, 68, 6, 9, 0, 10, 8, 6, 131, 7, 103, 97, 198, 85, 117, 81, 6, '0000-00-00', 'Final', 'Class III obesity', 'Feb', 2018, 62),
(1515, 363, 48, 10, 8, 0, 9, 6, 5, 58, 9, 55, 163, 109, 78, 75, 186, 5, '0000-00-00', 'Initial', 'Class III obesity', 'Feb', 2018, 134),
(1516, 364, 61, 5, 5, 0, 7, 5, 6, 165, 6, 163, 148, 196, 191, 168, 126, 8, '0000-00-00', 'Final', 'Class III obesity', 'Feb', 2018, 132),
(1517, 364, 67, 10, 9, 0, 7, 8, 5, 188, 10, 121, 110, 157, 92, 147, 93, 6, '0000-00-00', 'Initial', 'Class III obesity', 'Feb', 2018, 128),
(1518, 365, 32, 7, 6, 0, 9, 7, 5, 93, 9, 58, 168, 110, 130, 95, 166, 5, '0000-00-00', 'Initial', 'Class I obesity', 'Feb', 2018, 171),
(1519, 365, 52, 5, 6, 0, 5, 8, 10, 125, 5, 51, 136, 64, 174, 148, 76, 6, '0000-00-00', 'Final', 'Class III obesity', 'Feb', 2018, 140),
(1520, 366, 55, 6, 10, 0, 10, 9, 7, 135, 10, 111, 120, 68, 93, 176, 103, 6, '0000-00-00', 'Initial', 'Class III obesity', 'Feb', 2018, 99),
(1521, 366, 37, 9, 9, 0, 7, 5, 10, 154, 9, 119, 91, 65, 143, 186, 191, 7, '0000-00-00', 'Final', 'Class I obesity', 'Feb', 2018, 50),
(1522, 367, 76, 8, 8, 0, 10, 7, 6, 151, 8, 147, 124, 171, 99, 166, 156, 6, '0000-00-00', 'Initial', 'Class III obesity', 'Feb', 2018, 196),
(1523, 367, 15, 6, 9, 0, 6, 8, 8, 101, 5, 146, 165, 121, 141, 109, 53, 6, '0000-00-00', 'Final', 'Class I obesity', 'Feb', 2018, 62),
(1524, 368, 83, 7, 10, 0, 8, 5, 9, 73, 7, 192, 134, 159, 100, 70, 150, 8, '0000-00-00', 'Initial', 'Class III obesity', 'Feb', 2018, 143),
(1525, 368, 59, 8, 6, 0, 6, 9, 7, 116, 5, 136, 151, 124, 85, 176, 110, 10, '0000-00-00', 'Final', 'Class III obesity', 'Feb', 2018, 73),
(1526, 369, 30, 6, 9, 0, 7, 9, 5, 128, 9, 102, 182, 200, 181, 78, 81, 7, '0000-00-00', 'Initial', 'Class I obesity', 'Feb', 2018, 75),
(1527, 369, 62, 10, 5, 0, 10, 8, 7, 159, 8, 141, 66, 127, 81, 125, 192, 7, '0000-00-00', 'Final', 'Class III obesity', 'Feb', 2018, 121),
(1528, 370, 58, 5, 6, 0, 6, 6, 10, 183, 7, 187, 134, 190, 95, 140, 114, 6, '2018-01-03', 'Initial', 'Class III obesity', 'Mar', 2018, 114),
(1529, 370, 57, 5, 9, 0, 6, 6, 10, 146, 9, 64, 192, 84, 153, 149, 86, 5, '2018-01-03', 'Initial', 'Class III obesity', 'Mar', 2018, 190),
(1530, 371, 29, 7, 10, 0, 5, 9, 6, 61, 9, 68, 168, 156, 98, 145, 76, 8, '2018-01-03', 'Final', 'Class I obesity', 'Mar', 2018, 74),
(1531, 371, 40, 6, 8, 0, 7, 5, 9, 134, 10, 157, 112, 113, 185, 109, 82, 5, '2018-01-03', 'Initial', 'Class I obesity', 'Mar', 2018, 79),
(1532, 372, 52, 9, 7, 0, 6, 8, 5, 123, 6, 93, 109, 52, 140, 101, 69, 10, '2018-01-03', 'Final', 'Class III obesity', 'Mar', 2018, 116),
(1533, 372, 46, 9, 10, 0, 8, 6, 7, 140, 8, 91, 76, 183, 194, 155, 65, 9, '2018-01-03', 'Initial', 'Class III obesity', 'Mar', 2018, 197),
(1534, 373, 59, 10, 5, 0, 8, 6, 7, 56, 10, 150, 192, 195, 66, 63, 142, 10, '2018-01-03', 'Final', 'Class III obesity', 'Mar', 2018, 70),
(1535, 373, 71, 10, 8, 0, 7, 8, 7, 178, 6, 118, 70, 161, 129, 156, 92, 8, '2018-01-03', 'Initial', 'Class III obesity', 'Mar', 2018, 77),
(1536, 374, 89, 7, 9, 0, 5, 7, 6, 144, 7, 75, 93, 125, 81, 158, 109, 7, '2018-01-03', 'Final', 'Class III obesity', 'Mar', 2018, 189),
(1537, 374, 90, 7, 10, 0, 5, 9, 6, 197, 9, 105, 80, 67, 125, 162, 87, 6, '2018-01-03', 'Initial', 'Class III obesity', 'Mar', 2018, 196),
(1538, 375, 80, 10, 7, 0, 7, 9, 9, 183, 8, 95, 62, 135, 97, 189, 73, 5, '2018-01-03', 'Final', 'Class III obesity', 'Mar', 2018, 169),
(1539, 375, 40, 10, 10, 0, 7, 8, 9, 120, 7, 177, 184, 198, 62, 180, 127, 10, '2018-02-03', 'Initial', 'Class I obesity', 'Mar', 2018, 98),
(1540, 376, 70, 10, 6, 0, 9, 5, 7, 107, 7, 163, 172, 93, 73, 189, 171, 6, '2018-02-03', 'Initial', 'Class III obesity', 'Mar', 2018, 176),
(1541, 376, 36, 5, 9, 0, 8, 8, 6, 169, 10, 127, 171, 118, 77, 83, 114, 8, '2018-01-03', 'Final', 'Class I obesity', 'Mar', 2018, 51),
(1542, 377, 28, 10, 10, 0, 9, 5, 5, 113, 9, 136, 125, 113, 80, 97, 57, 7, '2018-01-03', 'Initial', 'Class I obesity', 'Mar', 2018, 200),
(1543, 377, 38, 7, 6, 0, 10, 6, 7, 155, 10, 120, 84, 182, 67, 111, 167, 9, '2018-02-03', 'Final', 'Class I obesity', 'Mar', 2018, 106),
(1544, 378, 66, 10, 6, 0, 8, 8, 8, 191, 5, 135, 199, 110, 167, 101, 157, 6, '2018-02-03', 'Initial', 'Class III obesity', 'Mar', 2018, 175),
(1545, 378, 25, 6, 7, 0, 7, 6, 6, 162, 9, 57, 75, 182, 200, 172, 83, 6, '2018-01-03', 'Final', 'Class I obesity', 'Mar', 2018, 134),
(1546, 379, 27, 10, 7, 0, 5, 5, 8, 120, 7, 171, 130, 71, 196, 74, 74, 10, '2018-01-03', 'Initial', 'Class I obesity', 'Mar', 2018, 199),
(1547, 379, 86, 7, 9, 0, 8, 7, 8, 188, 10, 186, 120, 167, 177, 165, 164, 5, '2018-02-03', 'Final', 'Class III obesity', 'Mar', 2018, 53),
(1548, 380, 51, 5, 10, 0, 8, 8, 5, 167, 7, 57, 198, 88, 147, 113, 137, 7, '2018-02-03', 'Initial', 'Class III obesity', 'Mar', 2018, 130),
(1549, 380, 16, 9, 9, 0, 8, 7, 10, 77, 7, 178, 127, 110, 162, 120, 91, 9, '2018-01-03', 'Final', 'Class I obesity', 'Mar', 2018, 152),
(1550, 381, 83, 9, 6, 0, 10, 5, 7, 156, 8, 151, 177, 145, 97, 88, 121, 10, '2018-01-03', 'Initial', 'Class III obesity', 'Mar', 2018, 101),
(1551, 381, 69, 9, 7, 0, 6, 8, 9, 145, 10, 135, 99, 177, 96, 124, 132, 10, '2018-02-03', 'Initial', 'Class III obesity', 'Mar', 2018, 168),
(1552, 382, 37, 8, 9, 0, 8, 5, 6, 63, 10, 109, 51, 135, 94, 140, 99, 8, '2018-01-03', 'Final', 'Class I obesity', 'Mar', 2018, 60),
(1553, 382, 36, 9, 9, 0, 6, 7, 7, 131, 10, 153, 72, 180, 110, 50, 167, 5, '2018-01-03', 'Initial', 'Class I obesity', 'Mar', 2018, 51),
(1554, 383, 36, 10, 8, 0, 6, 9, 5, 91, 7, 179, 102, 120, 88, 74, 100, 10, '2018-02-03', 'Final', 'Class I obesity', 'Mar', 2018, 78),
(1555, 383, 33, 10, 10, 0, 5, 8, 9, 174, 7, 183, 117, 93, 195, 189, 177, 7, '2018-02-03', 'Initial', 'Class I obesity', 'Mar', 2018, 138),
(1556, 384, 53, 5, 9, 0, 5, 8, 7, 191, 10, 125, 59, 155, 113, 126, 60, 7, '2018-01-03', 'Final', 'Class III obesity', 'Mar', 2018, 157),
(1557, 384, 50, 8, 10, 0, 9, 6, 5, 135, 6, 93, 190, 132, 178, 163, 91, 10, '2018-01-03', 'Initial', 'Class III obesity', 'Mar', 2018, 76),
(1558, 385, 51, 5, 5, 0, 9, 7, 10, 59, 9, 193, 169, 200, 129, 156, 109, 10, '2018-02-03', 'Final', 'Class III obesity', 'Mar', 2018, 125),
(1559, 385, 40, 7, 6, 0, 6, 10, 7, 200, 8, 198, 69, 185, 145, 190, 91, 9, '2018-02-03', 'Initial', 'Class I obesity', 'Mar', 2018, 199),
(1560, 386, 78, 10, 8, 0, 5, 6, 10, 57, 10, 123, 149, 57, 93, 58, 193, 8, '2018-01-03', 'Final', 'Class III obesity', 'Mar', 2018, 69),
(1561, 386, 15, 10, 7, 0, 7, 5, 10, 127, 9, 177, 51, 64, 185, 67, 126, 5, '2018-01-03', 'Initial', 'Class I obesity', 'Mar', 2018, 134),
(1562, 387, 33, 7, 8, 0, 6, 6, 6, 170, 7, 101, 99, 168, 164, 149, 79, 9, '2018-02-03', 'Initial', 'Class I obesity', 'Mar', 2018, 149),
(1563, 387, 51, 10, 5, 0, 10, 6, 9, 104, 6, 82, 92, 172, 73, 78, 198, 9, '2018-02-03', 'Final', 'Class III obesity', 'Mar', 2018, 198),
(1564, 388, 82, 9, 10, 0, 8, 8, 10, 185, 10, 172, 119, 133, 176, 112, 192, 6, '2018-01-03', 'Initial', 'Class III obesity', 'Mar', 2018, 133),
(1565, 388, 78, 5, 6, 0, 5, 10, 5, 151, 6, 165, 158, 101, 141, 112, 52, 9, '2018-01-03', 'Final', 'Class III obesity', 'Mar', 2018, 72),
(1566, 389, 15, 8, 7, 0, 10, 5, 8, 166, 5, 116, 134, 91, 99, 125, 135, 9, '2018-02-03', 'Initial', 'Class I obesity', 'Mar', 2018, 110),
(1567, 389, 38, 5, 10, 0, 10, 9, 7, 132, 9, 132, 134, 124, 154, 72, 175, 10, '2018-01-03', 'Final', 'Class I obesity', 'Mar', 2018, 107),
(1568, 390, 44, 9, 7, 0, 9, 7, 9, 118, 9, 120, 93, 81, 101, 106, 134, 10, '2018-01-03', 'Initial', 'Class III obesity', 'Mar', 2018, 166),
(1569, 390, 79, 10, 10, 0, 10, 6, 9, 69, 8, 184, 184, 120, 118, 153, 159, 5, '2018-02-03', 'Final', 'Class III obesity', 'Mar', 2018, 52),
(1570, 391, 28, 10, 7, 0, 9, 8, 10, 143, 9, 106, 66, 123, 90, 132, 111, 9, '2018-02-03', 'Initial', 'Class I obesity', 'Mar', 2018, 186),
(1571, 391, 48, 5, 7, 0, 7, 6, 5, 107, 6, 59, 160, 166, 193, 181, 57, 6, '2018-01-03', 'Final', 'Class III obesity', 'Mar', 2018, 59),
(1572, 392, 69, 9, 9, 0, 9, 5, 6, 178, 9, 197, 183, 105, 181, 113, 191, 7, '2018-01-03', 'Initial', 'Class III obesity', 'Mar', 2018, 77),
(1573, 392, 58, 6, 5, 0, 7, 7, 7, 82, 9, 83, 199, 122, 62, 128, 174, 7, '2018-02-03', 'Initial', 'Class III obesity', 'Mar', 2018, 190),
(1574, 393, 43, 5, 5, 0, 6, 10, 5, 195, 9, 129, 79, 70, 195, 166, 80, 9, '2018-02-03', 'Final', 'Class III obesity', 'Mar', 2018, 52),
(1575, 393, 38, 8, 9, 0, 6, 5, 10, 109, 10, 77, 183, 80, 78, 102, 70, 7, '2018-01-03', 'Initial', 'Class I obesity', 'Mar', 2018, 69),
(1576, 394, 54, 6, 5, 0, 10, 7, 8, 132, 7, 123, 69, 128, 197, 121, 161, 6, '2018-01-03', 'Final', 'Class III obesity', 'Mar', 2018, 144),
(1577, 394, 72, 9, 8, 0, 6, 7, 10, 109, 10, 138, 93, 153, 171, 69, 66, 7, '2018-02-03', 'Initial', 'Class III obesity', 'Mar', 2018, 132),
(1578, 395, 80, 8, 8, 0, 7, 7, 9, 101, 7, 200, 137, 120, 103, 55, 195, 6, '2018-02-03', 'Final', 'Class III obesity', 'Mar', 2018, 122),
(1579, 395, 28, 8, 7, 0, 8, 8, 10, 109, 5, 151, 134, 98, 57, 81, 176, 6, '2018-01-03', 'Initial', 'Class I obesity', 'Mar', 2018, 168),
(1580, 396, 36, 5, 6, 0, 10, 5, 9, 181, 9, 193, 187, 122, 190, 159, 82, 6, '2018-01-03', 'Final', 'Class I obesity', 'Mar', 2018, 151),
(1581, 396, 74, 9, 7, 0, 10, 7, 7, 145, 6, 180, 145, 125, 53, 82, 132, 5, '2018-02-03', 'Initial', 'Class III obesity', 'Mar', 2018, 68),
(1582, 397, 52, 7, 10, 0, 9, 5, 10, 162, 10, 134, 171, 71, 177, 86, 73, 7, '2018-01-03', 'Final', 'Class III obesity', 'Mar', 2018, 164),
(1583, 397, 66, 6, 5, 0, 7, 8, 7, 193, 10, 95, 189, 164, 147, 111, 142, 8, '2018-01-03', 'Initial', 'Class III obesity', 'Mar', 2018, 141),
(1584, 398, 45, 10, 5, 0, 8, 9, 5, 174, 6, 138, 86, 105, 105, 132, 104, 8, '2018-02-03', 'Initial', 'Class III obesity', 'Mar', 2018, 110),
(1585, 398, 88, 7, 10, 0, 7, 5, 7, 110, 8, 50, 180, 81, 135, 70, 122, 10, '2018-02-03', 'Final', 'Class III obesity', 'Mar', 2018, 152),
(1586, 399, 31, 9, 5, 0, 10, 6, 6, 127, 9, 50, 97, 180, 102, 115, 118, 5, '2018-01-03', 'Initial', 'Class I obesity', 'Mar', 2018, 159),
(1587, 399, 88, 6, 5, 0, 5, 10, 9, 155, 10, 74, 55, 53, 181, 161, 104, 10, '2018-01-03', 'Final', 'Class III obesity', 'Mar', 2018, 124),
(1588, 400, 45, 9, 5, 0, 10, 8, 9, 159, 5, 57, 51, 192, 156, 67, 60, 10, '2018-02-03', 'Initial', 'Class III obesity', 'Mar', 2018, 182),
(1589, 400, 73, 10, 6, 0, 10, 8, 8, 88, 7, 195, 172, 51, 134, 138, 62, 10, '2018-02-03', 'Final', 'Class III obesity', 'Mar', 2018, 142),
(1590, 401, 17, 9, 7, 0, 8, 6, 10, 56, 5, 104, 112, 179, 89, 77, 118, 6, '2018-01-03', 'Initial', 'Class I obesity', 'Mar', 2018, 160),
(1591, 401, 41, 9, 7, 0, 5, 6, 5, 140, 6, 194, 122, 144, 125, 53, 135, 5, '2018-01-03', 'Final', 'Class III obesity', 'Mar', 2018, 111),
(1592, 402, 77, 9, 7, 0, 8, 5, 5, 187, 6, 173, 175, 130, 188, 63, 101, 6, '2018-02-03', 'Initial', 'Class III obesity', 'Mar', 2018, 160),
(1593, 402, 46, 5, 6, 0, 10, 10, 10, 94, 8, 162, 132, 68, 146, 119, 160, 6, '2018-02-03', 'Final', 'Class III obesity', 'Mar', 2018, 177),
(1594, 403, 62, 5, 5, 0, 10, 9, 5, 126, 8, 149, 133, 195, 53, 69, 66, 9, '2018-01-03', 'Initial', 'Class III obesity', 'Mar', 2018, 105),
(1595, 403, 54, 6, 6, 0, 5, 7, 10, 86, 9, 167, 147, 89, 160, 147, 50, 10, '2018-01-03', 'Initial', 'Class III obesity', 'Mar', 2018, 143),
(1596, 404, 23, 9, 6, 0, 9, 9, 6, 154, 10, 113, 59, 163, 159, 140, 164, 8, '2018-02-03', 'Final', 'Class I obesity', 'Mar', 2018, 123),
(1597, 404, 55, 5, 10, 0, 9, 5, 6, 88, 7, 111, 107, 130, 73, 111, 108, 9, '2018-01-03', 'Initial', 'Class III obesity', 'Mar', 2018, 101),
(1598, 405, 21, 6, 9, 0, 8, 7, 9, 138, 5, 126, 184, 118, 94, 166, 118, 10, '2018-01-03', 'Final', 'Class I obesity', 'Mar', 2018, 155);
INSERT INTO `measurements` (`M_Code`, `TL_Code`, `M_Weight`, `M_SkeletalMass`, `M_BodyFatMass`, `M_FatFreeMass`, `M_BodyMassIndex`, `M_PercentBodyFat`, `M_WaistHipRatio`, `M_BasalMetabolicRate`, `M_LeftUpperArm`, `M_RightUpperArm`, `M_Chest`, `M_Waist`, `M_Hips`, `M_LeftUpperThigh`, `M_RightUpperThigh`, `M_RestingHR`, `M_DateMeasured`, `M_MeasurementType`, `M_Classification`, `month`, `year`, `M_Height`) VALUES
(1599, 405, 36, 10, 8, 0, 10, 9, 9, 72, 6, 135, 121, 88, 172, 99, 123, 10, '2018-02-03', 'Initial', 'Class I obesity', 'Mar', 2018, 163),
(1600, 406, 51, 7, 6, 0, 6, 5, 6, 86, 5, 147, 198, 104, 154, 152, 148, 9, '2018-02-03', 'Final', 'Class III obesity', 'Mar', 2018, 167),
(1601, 406, 42, 8, 9, 0, 5, 5, 10, 196, 10, 142, 197, 158, 177, 50, 61, 6, '2018-01-03', 'Initial', 'Class III obesity', 'Mar', 2018, 64),
(1602, 407, 77, 5, 5, 0, 5, 8, 10, 151, 7, 74, 97, 167, 58, 166, 161, 10, '2018-01-03', 'Final', 'Class III obesity', 'Mar', 2018, 120),
(1603, 407, 54, 7, 10, 0, 9, 6, 9, 106, 6, 127, 135, 68, 183, 86, 169, 10, '2018-02-03', 'Initial', 'Class III obesity', 'Mar', 2018, 108),
(1604, 408, 77, 9, 6, 0, 10, 10, 9, 53, 7, 91, 56, 133, 142, 78, 192, 9, '2018-02-03', 'Final', 'Class III obesity', 'Mar', 2018, 124),
(1605, 408, 21, 10, 8, 0, 9, 10, 6, 103, 10, 168, 155, 83, 104, 105, 72, 9, '2018-01-03', 'Initial', 'Class I obesity', 'Mar', 2018, 141),
(1606, 409, 72, 7, 8, 0, 8, 7, 6, 120, 9, 185, 161, 153, 97, 199, 133, 7, '2018-01-03', 'Initial', 'Class III obesity', 'Mar', 2018, 64),
(1607, 409, 90, 6, 9, 0, 7, 5, 9, 95, 10, 141, 100, 126, 139, 103, 192, 7, '2018-02-03', 'Final', 'Class III obesity', 'Mar', 2018, 144),
(1608, 410, 77, 7, 8, 0, 5, 9, 9, 69, 8, 181, 157, 126, 104, 123, 120, 7, '2018-02-03', 'Initial', 'Class III obesity', 'Mar', 2018, 112),
(1609, 410, 50, 9, 7, 0, 8, 10, 9, 175, 8, 126, 135, 183, 98, 128, 157, 7, '2018-01-03', 'Final', 'Class III obesity', 'Mar', 2018, 191),
(1610, 411, 21, 8, 10, 0, 6, 9, 8, 199, 5, 89, 53, 110, 106, 109, 110, 5, '2018-01-03', 'Initial', 'Class I obesity', 'Mar', 2018, 148),
(1611, 411, 64, 7, 8, 0, 6, 8, 6, 186, 8, 168, 147, 129, 117, 60, 164, 9, '2018-02-03', 'Final', 'Class III obesity', 'Mar', 2018, 69),
(1612, 412, 26, 5, 9, 0, 8, 6, 10, 98, 5, 194, 181, 78, 186, 84, 58, 6, '2018-01-03', 'Initial', 'Class I obesity', 'Mar', 2018, 170),
(1613, 412, 77, 6, 5, 0, 7, 6, 10, 148, 5, 78, 193, 102, 120, 164, 65, 9, '2018-01-03', 'Final', 'Class III obesity', 'Mar', 2018, 146),
(1614, 413, 56, 7, 6, 0, 6, 6, 10, 189, 5, 168, 119, 120, 142, 181, 163, 9, '2018-02-03', 'Initial', 'Class III obesity', 'Mar', 2018, 141),
(1615, 413, 52, 5, 10, 0, 5, 9, 6, 83, 9, 68, 69, 148, 115, 74, 106, 8, '2018-02-03', 'Final', 'Class III obesity', 'Mar', 2018, 164),
(1616, 414, 25, 10, 9, 0, 8, 8, 10, 138, 10, 129, 161, 190, 186, 98, 96, 7, '2018-01-03', 'Initial', 'Class I obesity', 'Mar', 2018, 154),
(1617, 414, 47, 9, 6, 0, 8, 5, 8, 156, 8, 64, 96, 153, 104, 172, 173, 8, '2018-01-03', 'Initial', 'Class III obesity', 'Mar', 2018, 163),
(1618, 415, 83, 7, 7, 0, 9, 8, 10, 115, 5, 173, 111, 182, 140, 179, 123, 10, '2018-02-03', 'Final', 'Class III obesity', 'Mar', 2018, 139),
(1619, 415, 89, 6, 5, 0, 5, 9, 5, 57, 8, 158, 169, 143, 72, 107, 103, 8, '2018-02-03', 'Initial', 'Class III obesity', 'Mar', 2018, 189),
(1620, 416, 40, 10, 9, 0, 10, 9, 8, 68, 7, 160, 183, 93, 133, 119, 193, 7, '2018-01-03', 'Final', 'Class I obesity', 'Mar', 2018, 141),
(1621, 416, 17, 7, 7, 0, 9, 5, 8, 171, 8, 78, 81, 91, 79, 51, 94, 6, '2018-01-03', 'Initial', 'Class I obesity', 'Mar', 2018, 147),
(1622, 417, 88, 6, 7, 0, 8, 9, 5, 149, 8, 92, 169, 168, 67, 116, 153, 7, '2018-02-03', 'Final', 'Class III obesity', 'Mar', 2018, 123),
(1623, 417, 60, 6, 7, 0, 7, 7, 9, 105, 10, 55, 90, 184, 119, 185, 93, 8, '2018-02-03', 'Initial', 'Class III obesity', 'Mar', 2018, 142),
(1624, 418, 80, 5, 7, 0, 10, 7, 6, 171, 10, 117, 83, 67, 107, 170, 158, 6, '2018-01-03', 'Final', 'Class III obesity', 'Mar', 2018, 85),
(1625, 418, 90, 5, 6, 0, 9, 8, 5, 168, 5, 77, 65, 194, 97, 76, 69, 7, '2018-01-03', 'Initial', 'Class III obesity', 'Mar', 2018, 106),
(1626, 419, 67, 8, 5, 0, 7, 7, 8, 187, 8, 98, 102, 130, 185, 183, 71, 5, '2018-02-03', 'Final', 'Class III obesity', 'Mar', 2018, 62),
(1627, 419, 21, 9, 10, 0, 5, 9, 7, 83, 7, 105, 90, 70, 142, 171, 120, 7, '2018-01-03', 'Initial', 'Class I obesity', 'Mar', 2018, 139),
(1628, 420, 31, 8, 10, 0, 5, 5, 5, 53, 10, 102, 74, 119, 159, 153, 66, 8, '2018-01-03', 'Initial', 'Class I obesity', 'Mar', 2018, 71),
(1629, 420, 49, 5, 9, 0, 5, 5, 5, 126, 10, 170, 60, 94, 147, 77, 69, 5, '2018-02-03', 'Final', 'Class III obesity', 'Mar', 2018, 189),
(1630, 421, 84, 8, 6, 0, 10, 8, 6, 169, 6, 121, 173, 123, 132, 70, 160, 10, '2018-02-03', 'Initial', 'Class III obesity', 'Mar', 2018, 158),
(1631, 421, 42, 8, 8, 0, 10, 9, 9, 89, 6, 165, 130, 118, 189, 65, 161, 8, '2018-01-03', 'Final', 'Class III obesity', 'Mar', 2018, 198),
(1632, 422, 72, 7, 10, 0, 6, 5, 7, 70, 5, 118, 193, 119, 151, 131, 135, 6, '2018-01-03', 'Initial', 'Class III obesity', 'Mar', 2018, 172),
(1633, 422, 16, 10, 5, 0, 9, 5, 9, 88, 5, 173, 191, 178, 122, 73, 189, 8, '2018-02-03', 'Final', 'Class I obesity', 'Mar', 2018, 192),
(1634, 423, 33, 9, 8, 0, 9, 6, 10, 130, 6, 56, 106, 68, 188, 59, 166, 10, '2018-02-03', 'Initial', 'Class I obesity', 'Mar', 2018, 83),
(1635, 423, 34, 7, 8, 0, 10, 8, 9, 82, 7, 78, 132, 165, 200, 110, 97, 6, '2018-01-03', 'Final', 'Class I obesity', 'Mar', 2018, 173),
(1636, 424, 70, 7, 6, 0, 6, 5, 7, 108, 6, 70, 101, 86, 91, 189, 172, 9, '2018-01-03', 'Initial', 'Class III obesity', 'Mar', 2018, 105),
(1637, 424, 87, 10, 5, 0, 6, 6, 9, 153, 7, 125, 195, 173, 141, 104, 70, 5, '2018-02-03', 'Final', 'Class III obesity', 'Mar', 2018, 194),
(1638, 425, 16, 5, 9, 0, 8, 5, 8, 148, 9, 155, 92, 109, 69, 93, 168, 8, '2018-02-03', 'Initial', 'Class I obesity', 'Mar', 2018, 181),
(1639, 425, 48, 6, 9, 0, 7, 9, 5, 145, 10, 51, 161, 61, 80, 58, 140, 8, '2018-01-03', 'Initial', 'Class III obesity', 'Mar', 2018, 139),
(1640, 426, 90, 7, 6, 0, 8, 10, 9, 88, 7, 120, 165, 170, 147, 81, 163, 7, '2018-01-03', 'Final', 'Class III obesity', 'Mar', 2018, 114),
(1641, 427, 33, 9, 9, 0, 5, 7, 10, 169, 5, 139, 85, 122, 170, 167, 73, 6, '2018-02-03', 'Initial', 'Class I obesity', 'Mar', 2018, 60),
(1642, 427, 38, 6, 8, 0, 9, 8, 6, 181, 8, 84, 124, 154, 176, 141, 59, 8, '2018-01-03', 'Final', 'Class I obesity', 'Mar', 2018, 176),
(1643, 428, 23, 7, 7, 0, 5, 8, 7, 78, 7, 91, 197, 59, 106, 73, 90, 8, '2018-01-03', 'Initial', 'Class I obesity', 'Mar', 2018, 125),
(1644, 428, 30, 6, 8, 0, 8, 5, 8, 131, 7, 66, 77, 111, 115, 81, 57, 9, '2018-02-03', 'Final', 'Class I obesity', 'Mar', 2018, 130),
(1645, 429, 19, 5, 7, 0, 9, 7, 5, 55, 10, 183, 159, 117, 79, 139, 92, 9, '2018-02-03', 'Initial', 'Class I obesity', 'Mar', 2018, 74),
(1646, 429, 85, 7, 10, 0, 5, 7, 7, 177, 8, 88, 152, 140, 114, 100, 191, 8, '2018-01-03', 'Final', 'Class III obesity', 'Mar', 2018, 148),
(1647, 430, 62, 7, 5, 0, 7, 6, 8, 181, 5, 67, 161, 199, 80, 128, 121, 6, '2018-01-03', 'Initial', 'Class III obesity', 'Mar', 2018, 146),
(1648, 430, 86, 10, 8, 0, 8, 6, 7, 160, 10, 180, 130, 151, 166, 164, 122, 8, '2018-02-03', 'Final', 'Class III obesity', 'Mar', 2018, 61),
(1649, 431, 42, 8, 6, 0, 10, 9, 7, 161, 10, 108, 130, 94, 131, 158, 104, 6, '2018-02-03', 'Initial', 'Class III obesity', 'Mar', 2018, 76),
(1650, 431, 73, 7, 6, 0, 6, 8, 5, 129, 10, 120, 154, 64, 122, 104, 51, 5, '2018-01-03', 'Initial', 'Class III obesity', 'Mar', 2018, 84),
(1651, 432, 17, 6, 9, 0, 5, 7, 10, 190, 5, 179, 83, 79, 77, 59, 79, 9, '2018-01-03', 'Final', 'Class I obesity', 'Mar', 2018, 55),
(1652, 432, 21, 5, 9, 0, 7, 8, 7, 69, 5, 196, 143, 148, 137, 106, 93, 9, '2018-02-03', 'Initial', 'Class I obesity', 'Mar', 2018, 171),
(1653, 433, 67, 9, 10, 0, 6, 5, 5, 69, 8, 91, 52, 77, 73, 95, 149, 8, '2018-02-03', 'Final', 'Class III obesity', 'Mar', 2018, 164),
(1654, 433, 63, 7, 9, 0, 8, 10, 6, 83, 10, 83, 111, 139, 194, 147, 61, 8, '2018-01-03', 'Initial', 'Class III obesity', 'Mar', 2018, 182),
(1655, 434, 69, 7, 10, 0, 6, 5, 10, 97, 10, 77, 179, 108, 54, 126, 122, 5, '2018-01-03', 'Final', 'Normal Weight', 'Mar', 2018, 72),
(1656, 434, 40, 10, 5, 0, 8, 7, 5, 64, 10, 117, 109, 119, 155, 64, 145, 7, '2018-02-03', 'Initial', 'Normal Weight', 'Mar', 2018, 67),
(1657, 435, 41, 9, 10, 0, 8, 8, 7, 62, 7, 184, 175, 54, 170, 58, 67, 5, '2018-01-03', 'Final', 'Normal Weight', 'Mar', 2018, 68),
(1658, 435, 67, 9, 7, 0, 5, 10, 9, 111, 10, 103, 152, 68, 189, 81, 141, 10, '2018-01-03', 'Initial', 'Normal Weight', 'Mar', 2018, 149),
(1659, 436, 80, 7, 9, 0, 9, 7, 7, 80, 5, 122, 168, 165, 199, 146, 70, 5, '2018-02-03', 'Final', 'Normal Weight', 'Mar', 2018, 162),
(1660, 436, 68, 8, 6, 0, 5, 10, 6, 97, 5, 72, 157, 86, 81, 62, 191, 9, '2018-02-03', 'Initial', 'Normal Weight', 'Mar', 2018, 78),
(1661, 437, 29, 8, 10, 0, 9, 6, 5, 52, 8, 108, 88, 186, 56, 185, 107, 6, '2018-01-03', 'Initial', 'Normal Weight', 'Mar', 2018, 173),
(1662, 437, 76, 6, 5, 0, 10, 6, 8, 84, 10, 146, 86, 179, 147, 80, 80, 6, '2018-01-03', 'Final', 'Normal Weight', 'Mar', 2018, 128),
(1663, 438, 70, 6, 10, 0, 9, 9, 9, 53, 7, 98, 103, 196, 92, 171, 188, 10, '2018-02-03', 'Initial', 'Normal Weight', 'Mar', 2018, 184),
(1664, 438, 64, 7, 5, 0, 9, 7, 8, 155, 6, 153, 191, 92, 176, 94, 82, 7, '2018-02-03', 'Final', 'Normal Weight', 'Mar', 2018, 86),
(1665, 439, 70, 8, 6, 0, 5, 8, 5, 58, 8, 117, 169, 92, 55, 54, 155, 5, '2018-01-03', 'Initial', 'Normal Weight', 'Mar', 2018, 129),
(1666, 439, 43, 8, 7, 0, 5, 8, 10, 83, 9, 117, 116, 133, 73, 175, 145, 8, '2018-01-03', 'Final', 'Normal Weight', 'Mar', 2018, 84),
(1667, 440, 79, 8, 6, 0, 8, 10, 6, 60, 6, 175, 134, 150, 166, 151, 97, 7, '2018-02-03', 'Initial', 'Normal Weight', 'Mar', 2018, 52),
(1668, 440, 42, 8, 8, 0, 7, 10, 6, 182, 7, 78, 121, 190, 107, 62, 59, 7, '2018-02-03', 'Final', 'Normal Weight', 'Mar', 2018, 129),
(1669, 441, 50, 5, 8, 0, 10, 7, 8, 59, 7, 113, 145, 62, 143, 115, 178, 6, '2018-01-03', 'Initial', 'Normal Weight', 'Mar', 2018, 121),
(1670, 441, 53, 8, 10, 0, 8, 5, 6, 67, 8, 77, 197, 132, 81, 122, 58, 6, '2018-01-03', 'Final', 'Normal Weight', 'Mar', 2018, 68),
(1671, 442, 31, 5, 8, 0, 9, 10, 5, 156, 9, 178, 65, 169, 59, 60, 80, 7, '2018-02-03', 'Initial', 'Normal Weight', 'Mar', 2018, 126),
(1672, 442, 79, 9, 5, 0, 8, 6, 7, 196, 9, 173, 91, 99, 183, 154, 109, 7, '2018-01-03', 'Initial', 'Normal Weight', 'Mar', 2018, 119),
(1673, 443, 48, 9, 10, 0, 5, 10, 8, 113, 9, 156, 155, 110, 162, 152, 128, 5, '2018-01-03', 'Final', 'Normal Weight', 'Mar', 2018, 66),
(1674, 443, 26, 5, 6, 0, 9, 6, 5, 99, 7, 113, 162, 171, 139, 67, 178, 5, '2018-02-03', 'Initial', 'Normal Weight', 'Mar', 2018, 133),
(1675, 444, 17, 6, 6, 0, 10, 10, 7, 154, 6, 92, 191, 181, 71, 87, 116, 7, '2018-02-03', 'Final', 'Normal Weight', 'Mar', 2018, 92),
(1676, 444, 62, 6, 8, 0, 5, 7, 10, 59, 8, 143, 198, 68, 127, 118, 169, 9, '2018-01-03', 'Initial', 'Normal Weight', 'Mar', 2018, 184),
(1677, 445, 38, 9, 8, 0, 9, 10, 6, 179, 6, 125, 88, 132, 120, 60, 165, 7, '2018-01-03', 'Final', 'Normal Weight', 'Mar', 2018, 126),
(1678, 445, 49, 8, 9, 0, 9, 10, 9, 136, 10, 86, 156, 85, 77, 67, 53, 6, '2018-02-03', 'Initial', 'Normal Weight', 'Mar', 2018, 115),
(1679, 446, 47, 8, 5, 0, 6, 10, 10, 90, 8, 180, 89, 200, 130, 162, 142, 6, '2018-02-03', 'Final', 'Normal Weight', 'Mar', 2018, 197),
(1680, 446, 75, 10, 7, 0, 6, 10, 8, 145, 9, 104, 155, 95, 87, 68, 55, 5, '2018-01-03', 'Initial', 'Normal Weight', 'Mar', 2018, 146),
(1681, 447, 90, 8, 9, 0, 9, 9, 10, 116, 7, 95, 159, 129, 94, 55, 170, 6, '2018-01-03', 'Final', 'Normal Weight', 'Mar', 2018, 198),
(1682, 447, 54, 9, 10, 0, 10, 8, 10, 55, 5, 55, 110, 121, 163, 130, 75, 9, '2018-02-03', 'Initial', 'Normal Weight', 'Mar', 2018, 155),
(1683, 448, 20, 8, 5, 0, 8, 10, 7, 83, 5, 162, 149, 183, 140, 118, 116, 6, '2018-02-03', 'Initial', 'Normal Weight', 'Mar', 2018, 63),
(1684, 448, 82, 5, 7, 0, 8, 5, 9, 107, 7, 65, 126, 58, 80, 61, 185, 7, '2018-01-03', 'Final', 'Normal Weight', 'Mar', 2018, 123),
(1685, 449, 17, 6, 6, 0, 6, 5, 8, 177, 6, 138, 193, 106, 102, 60, 162, 10, '2018-01-03', 'Initial', 'Normal Weight', 'Mar', 2018, 94),
(1686, 449, 57, 6, 7, 0, 10, 10, 6, 173, 10, 177, 125, 164, 65, 199, 64, 8, '2018-02-03', 'Final', 'Normal Weight', 'Mar', 2018, 179),
(1687, 450, 43, 8, 5, 0, 8, 8, 5, 190, 9, 86, 148, 170, 159, 200, 182, 9, '2018-01-03', 'Initial', 'Normal Weight', 'Mar', 2018, 175),
(1688, 450, 33, 10, 9, 0, 7, 8, 8, 191, 10, 146, 150, 60, 58, 193, 113, 7, '2018-01-03', 'Final', 'Normal Weight', 'Mar', 2018, 60),
(1689, 451, 67, 5, 6, 0, 10, 6, 10, 180, 8, 152, 147, 67, 106, 144, 149, 6, '2018-02-03', 'Initial', 'Normal Weight', 'Mar', 2018, 58),
(1690, 451, 69, 6, 6, 0, 7, 5, 8, 155, 9, 180, 104, 62, 135, 189, 128, 7, '2018-02-03', 'Final', 'Normal Weight', 'Mar', 2018, 68),
(1691, 452, 16, 10, 8, 0, 9, 6, 9, 192, 7, 62, 172, 114, 91, 138, 99, 8, '2018-01-03', 'Initial', 'Normal Weight', 'Mar', 2018, 136),
(1692, 452, 62, 7, 10, 0, 6, 10, 10, 183, 10, 138, 51, 148, 87, 172, 89, 6, '2018-01-03', 'Final', 'Underweight', 'Mar', 2018, 56),
(1693, 453, 29, 10, 8, 0, 7, 8, 10, 103, 5, 159, 94, 87, 172, 171, 66, 9, '2018-02-03', 'Initial', 'Underweight', 'Mar', 2018, 94),
(1694, 453, 23, 5, 7, 0, 9, 6, 8, 155, 7, 54, 150, 197, 102, 66, 52, 7, '2018-02-03', 'Initial', 'Underweight', 'Mar', 2018, 133),
(1695, 454, 31, 7, 9, 0, 8, 7, 7, 108, 8, 132, 125, 161, 188, 157, 107, 7, '2018-01-03', 'Final', 'Underweight', 'Mar', 2018, 151),
(1696, 454, 72, 7, 9, 0, 6, 5, 7, 146, 9, 120, 147, 144, 152, 184, 167, 5, '2018-01-03', 'Initial', 'Underweight', 'Mar', 2018, 135),
(1697, 455, 21, 6, 9, 0, 9, 10, 7, 91, 7, 66, 171, 172, 120, 187, 156, 10, '2018-02-03', 'Final', 'Underweight', 'Mar', 2018, 149),
(1698, 455, 40, 8, 9, 0, 8, 7, 7, 60, 8, 63, 68, 155, 154, 155, 158, 5, '2018-02-03', 'Initial', 'Underweight', 'Mar', 2018, 123),
(1699, 456, 71, 10, 5, 0, 7, 8, 10, 68, 6, 62, 198, 73, 101, 64, 87, 7, '2018-01-03', 'Final', 'Underweight', 'Mar', 2018, 137),
(1700, 456, 42, 5, 5, 0, 7, 8, 9, 190, 5, 166, 162, 105, 189, 102, 178, 8, '2018-01-03', 'Initial', 'Underweight', 'Mar', 2018, 131),
(1701, 457, 78, 7, 7, 0, 9, 9, 7, 53, 8, 106, 131, 89, 84, 156, 139, 5, '2018-02-03', 'Final', 'Underweight', 'Mar', 2018, 174),
(1702, 457, 55, 8, 8, 0, 8, 6, 9, 55, 8, 51, 176, 50, 199, 184, 59, 10, '2018-01-03', 'Initial', 'Underweight', 'Mar', 2018, 51),
(1703, 458, 72, 7, 10, 0, 6, 10, 9, 128, 6, 100, 98, 192, 188, 189, 139, 8, '2018-02-03', 'Final', 'Underweight', 'Mar', 2018, 135),
(1704, 458, 56, 9, 10, 0, 8, 8, 8, 167, 7, 117, 199, 59, 78, 118, 67, 8, '2018-03-03', 'Initial', 'Underweight', 'Mar', 2018, 193),
(1705, 459, 59, 6, 10, 0, 5, 5, 8, 84, 9, 134, 189, 123, 174, 116, 147, 6, '2018-04-03', 'Initial', 'Underweight', 'Mar', 2018, 52),
(1706, 459, 63, 8, 5, 0, 7, 5, 6, 83, 9, 150, 174, 117, 186, 123, 107, 8, '2018-05-03', 'Final', 'Underweight', 'Mar', 2018, 196),
(1707, 460, 59, 7, 6, 0, 5, 10, 10, 101, 6, 127, 69, 104, 171, 128, 128, 9, '2018-06-03', 'Initial', 'Underweight', 'Mar', 2018, 134),
(1708, 460, 39, 7, 6, 0, 10, 6, 9, 191, 10, 152, 98, 190, 122, 114, 51, 9, '2018-04-03', 'Final', 'Underweight', 'Mar', 2018, 82),
(1709, 461, 41, 9, 10, 0, 9, 10, 10, 188, 8, 190, 160, 90, 168, 148, 149, 6, '2018-05-03', 'Initial', 'Underweight', 'Mar', 2018, 99),
(1710, 461, 20, 5, 7, 0, 10, 6, 8, 66, 8, 152, 124, 66, 76, 84, 56, 7, '2018-06-03', 'Final', 'Underweight', 'Mar', 2018, 178),
(1711, 462, 29, 8, 5, 0, 9, 10, 6, 183, 10, 198, 50, 69, 151, 106, 118, 10, '2018-04-03', 'Initial', 'Underweight', 'Mar', 2018, 137),
(1712, 462, 21, 9, 10, 0, 10, 6, 7, 153, 9, 89, 119, 142, 70, 118, 62, 6, '2018-05-03', 'Final', 'Underweight', 'Mar', 2018, 135),
(1713, 463, 80, 9, 8, 0, 10, 8, 9, 163, 9, 75, 146, 102, 72, 147, 151, 8, '2018-06-03', 'Initial', 'Underweight', 'Mar', 2018, 194),
(1714, 463, 34, 10, 5, 0, 10, 8, 8, 62, 10, 139, 175, 112, 57, 88, 103, 8, '2018-04-03', 'Final', 'Underweight', 'Mar', 2018, 119),
(1715, 464, 21, 5, 10, 0, 7, 9, 6, 64, 9, 99, 56, 114, 191, 58, 174, 6, '2018-05-03', 'Initial', 'Underweight', 'Mar', 2018, 172),
(1716, 464, 82, 10, 10, 0, 9, 9, 8, 150, 5, 52, 146, 72, 111, 127, 198, 7, '2018-06-03', 'Initial', 'Underweight', 'Mar', 2018, 143),
(1717, 465, 20, 8, 7, 0, 8, 5, 8, 175, 9, 178, 199, 118, 122, 125, 118, 6, '2018-04-03', 'Final', 'Underweight', 'Mar', 2018, 109),
(1718, 465, 83, 6, 5, 0, 10, 8, 9, 152, 6, 172, 124, 141, 183, 144, 53, 7, '2018-05-03', 'Initial', 'Underweight', 'Mar', 2018, 88),
(1719, 466, 59, 9, 8, 0, 10, 10, 10, 190, 6, 85, 182, 197, 125, 136, 189, 10, '2018-06-03', 'Final', 'Underweight', 'Mar', 2018, 112),
(1720, 466, 38, 5, 8, 0, 7, 5, 7, 67, 8, 145, 185, 139, 189, 149, 87, 6, '2018-04-03', 'Initial', 'Underweight', 'Mar', 2018, 189),
(1721, 467, 53, 5, 7, 0, 8, 9, 9, 75, 6, 167, 141, 98, 198, 72, 55, 10, '2018-05-03', 'Final', 'Underweight', 'Mar', 2018, 191),
(1722, 467, 85, 7, 8, 0, 7, 8, 8, 54, 8, 199, 79, 174, 127, 51, 191, 8, '2018-06-03', 'Initial', 'Underweight', 'Mar', 2018, 133),
(1723, 468, 80, 7, 6, 0, 5, 9, 9, 138, 6, 198, 132, 154, 149, 187, 149, 9, '2018-04-03', 'Final', 'Underweight', 'Mar', 2018, 155),
(1724, 468, 34, 5, 7, 0, 8, 5, 5, 176, 8, 195, 164, 179, 90, 148, 112, 5, '2018-05-03', 'Initial', 'Underweight', 'Mar', 2018, 118),
(1725, 469, 15, 9, 5, 0, 7, 9, 5, 180, 7, 98, 118, 194, 55, 50, 53, 6, '2018-06-03', 'Final', 'Underweight', 'Mar', 2018, 63),
(1726, 469, 38, 10, 7, 0, 5, 6, 7, 124, 8, 67, 84, 53, 194, 139, 165, 8, '2018-04-03', 'Initial', 'Underweight', 'Mar', 2018, 63),
(1727, 470, 46, 10, 9, 0, 9, 10, 5, 127, 10, 99, 135, 199, 165, 134, 159, 10, '2018-05-03', 'Initial', 'Underweight', 'Mar', 2018, 131),
(1728, 470, 62, 10, 8, 0, 5, 7, 10, 113, 8, 174, 184, 181, 160, 111, 112, 10, '2018-06-03', 'Final', 'Underweight', 'Mar', 2018, 72),
(1729, 471, 39, 9, 5, 0, 6, 8, 10, 115, 5, 63, 144, 190, 88, 142, 166, 10, '2018-07-03', 'Initial', 'Underweight', 'Mar', 2018, 198),
(1730, 471, 56, 9, 8, 0, 8, 5, 10, 121, 7, 140, 133, 75, 66, 76, 146, 10, '2018-08-03', 'Final', 'Underweight', 'Mar', 2018, 105),
(1731, 472, 42, 6, 10, 0, 5, 6, 6, 135, 7, 198, 101, 59, 51, 178, 157, 6, '2018-09-03', 'Initial', 'Underweight', 'Mar', 2018, 132),
(1732, 472, 51, 7, 7, 0, 9, 5, 8, 187, 5, 74, 97, 144, 91, 168, 70, 6, '2018-09-03', 'Final', 'Underweight', 'Mar', 2018, 187),
(1743, 734, 40, 34, 12, 12, 12.3457, 14, 13, 15, 16, 17, 18, 19, 20, 22, 21, 23, '2018-03-09', 'Initial', 'Underweight', 'Mar', 2018, 2),
(1744, 734, 19, 21, 0, 22, 5.8642, 24, 25, 26, 27, 28, 29, 30, 31, 32, 33, 34, '2018-03-09', 'Final', 'Normal Weight', 'Mar', 2018, 2),
(1745, 735, 40, 15, 10, 10, 12.3457, 10, 120, 130, 140, 150, 125, 135, 145, 150, 155, 123, '2018-03-14', 'Initial', 'Underweight', 'Mar', 2018, 2),
(1746, 735, 112, 231, 0, 22, 0.00000000738822, 323, 32, 3232, 32, 232, 32, 23, 2, 2, 2, 2, '2018-03-14', 'Final', 'Underweight', 'Mar', 2018, 123123),
(1747, 736, 1, 2, 2, 2, 0.25, 2, 2, 2, 2, 2, 2, 2, 2, 2, 2, 2, '2018-03-14', 'Initial', 'Underweight', 'Mar', 2018, 2),
(1748, 736, 60, 2, 2, 2, 18.5185, 2, 2, 2, 2, 2, 2, 2, 2, 2, 2, 2, '2018-03-14', 'Final', 'Normal Weight', 'Mar', 2018, 2),
(1749, 152, 60, 2, 2, 2, 41.6667, 2, 2, 2, 2, 2, 2, 2, 2, 22, 2, 2, '2018-03-14', 'Initial', 'Class III obesity', 'Mar', 2018, 1.2),
(1750, 152, 40, 2, 2, 2, 12.3457, 2, 2, 2, 2, 2, 2, 2, 2, 22, 2, 2, '2018-03-14', 'Final', 'Underweight', 'Mar', 2018, 1.8),
(1751, 96, 50, 5, 50, 50, 0.02, 50, 50, 50, 50, 50, 50, 50, 50, 50, 50, 50, '2018-03-15', 'Initial', 'Underweight', 'Mar', 2018, 50),
(1752, 104, 40, 25, 10, 10, 12.3457, 10, 40, 40, 35, 23, 25, 36, 31, 22, 24, 23, '2018-03-15', 'Initial', 'Underweight', 'Mar', 2018, 1.8),
(1753, 104, 23, 23, 21, 21, 6.37119, 23, 52, 21, 12, 42, 53, 31, 23, 23, 21, 23, '2018-03-15', 'Final', 'Underweight', 'Mar', 2018, 1.9),
(1754, 741, 1, 3, 34, 4, 0.25, 4, 44, 4, 4, 4, 44, 4, 4, 4, 4, 5, '2018-03-18', 'Initial', 'Underweight', 'Mar', 2018, 2),
(1755, 741, 2, 2, 2, 2, 0.5, 2, 2, 2, 2, 2, 3, 363, 3, 3, 3, 3, '2018-03-18', 'Final', 'Underweight', 'Mar', 2018, 2);

-- --------------------------------------------------------

--
-- Table structure for table `membership`
--

CREATE TABLE `membership` (
  `MS_Code` int(8) NOT NULL,
  `MS_Type` varchar(8) NOT NULL,
  `MS_Duration` varchar(9) NOT NULL,
  `MS_Price` int(5) NOT NULL
) ENGINE=InnoDB DEFAULT CHARSET=latin1;

--
-- Dumping data for table `membership`
--

INSERT INTO `membership` (`MS_Code`, `MS_Type`, `MS_Duration`, `MS_Price`) VALUES
(1, 'Regular', '3', 5697),
(6, 'Regular', '6', 10794),
(7, 'Regular', '12', 20388),
(9, 'Student', '3', 3597),
(11, 'Student', '6', 7194),
(12, 'Student', '12', 11988);

-- --------------------------------------------------------

--
-- Table structure for table `membershiptype`
--

CREATE TABLE `membershiptype` (
  `M_Code` int(5) NOT NULL,
  `CLIENT_ID` int(8) NOT NULL,
  `MS_Code` int(8) NOT NULL,
  `M_regDate` date NOT NULL,
  `M_expiryDate` date NOT NULL,
  `M_membershipStatus` text NOT NULL,
  `month` char(3) NOT NULL,
  `year` char(4) NOT NULL
) ENGINE=InnoDB DEFAULT CHARSET=latin1;

--
-- Dumping data for table `membershiptype`
--

INSERT INTO `membershiptype` (`M_Code`, `CLIENT_ID`, `MS_Code`, `M_regDate`, `M_expiryDate`, `M_membershipStatus`, `month`, `year`) VALUES
(52, 80, 1, '2018-02-11', '2018-02-13', 'Active', 'Feb', '2018'),
(53, 25, 6, '2018-02-12', '2018-02-17', 'Active', 'Feb', '2018'),
(54, 3, 6, '2018-02-12', '2018-02-14', 'Active', 'Feb', '2018'),
(55, 26, 6, '2018-02-14', '2018-08-14', 'Active', 'Feb', '2018'),
(56, 83, 1, '2018-02-14', '2018-05-14', 'Active', 'Feb', '2018'),
(57, 342, 1, '2018-03-14', '2018-06-14', 'Active', 'Mar', '2018'),
(58, 343, 11, '2018-03-14', '2018-09-14', 'Active', 'Mar', '2018'),
(59, 344, 9, '2018-03-14', '2018-06-14', 'Active', 'Mar', '2018'),
(60, 341, 1, '2018-03-15', '2018-06-15', 'Active', 'Mar', '2018'),
(61, 345, 12, '2018-03-15', '2019-03-15', 'Active', 'Mar', '2018'),
(62, 112, 1, '2018-03-15', '2018-06-15', 'Active', 'Mar', '2018'),
(63, 349, 1, '2018-03-18', '2018-06-18', 'Active', 'Mar', '2018'),
(64, 350, 1, '2018-03-18', '2018-06-18', 'Active', 'Mar', '2018');

-- --------------------------------------------------------

--
-- Table structure for table `payment`
--

CREATE TABLE `payment` (
  `Pay_ID` int(8) NOT NULL,
  `TR_ID` int(8) NOT NULL,
  `Pay_amount` float NOT NULL,
  `Pay_date` date NOT NULL,
  `Pay_time` time NOT NULL,
  `month` char(3) NOT NULL,
  `year` char(4) NOT NULL
) ENGINE=InnoDB DEFAULT CHARSET=latin1;

--
-- Dumping data for table `payment`
--

INSERT INTO `payment` (`Pay_ID`, `TR_ID`, `Pay_amount`, `Pay_date`, `Pay_time`, `month`, `year`) VALUES
(1, 51, 400, '2017-03-15', '08:45:35', 'Jan', '2017'),
(2, 52, 400, '2006-05-27', '07:16:39', 'Feb', '2006'),
(3, 53, 400, '2008-08-24', '06:51:53', 'Mar', '2008'),
(4, 54, 400, '2005-04-06', '07:22:56', 'May', '2005'),
(5, 55, 400, '2014-03-16', '06:17:09', 'Jun', '2014'),
(6, 56, 400, '2014-12-29', '07:16:09', 'Jul', '2014'),
(7, 57, 400, '2007-09-07', '06:44:07', 'Aug', '2007'),
(8, 58, 400, '2015-04-14', '07:54:13', 'Sep', '2015'),
(9, 59, 400, '2005-08-17', '06:59:09', 'Oct', '2005'),
(10, 60, 400, '2006-05-15', '08:43:30', 'Nov', '2006'),
(11, 61, 400, '2007-05-28', '08:59:17', 'Dec', '2007'),
(12, 62, 400, '2014-09-21', '07:06:32', 'Jan', '2014'),
(13, 63, 400, '2010-03-31', '06:28:35', 'Feb', '2010'),
(14, 64, 400, '2009-01-19', '08:32:05', 'Mar', '2009'),
(15, 65, 400, '2008-03-20', '06:08:46', 'May', '2008'),
(16, 66, 400, '2006-03-30', '08:01:58', 'Jun', '2006'),
(17, 67, 400, '2010-04-09', '06:25:13', 'Jul', '2010'),
(18, 68, 400, '2013-04-06', '08:09:57', 'Aug', '2013'),
(19, 69, 400, '2015-09-12', '08:45:10', 'Sep', '2015'),
(20, 70, 400, '2005-11-12', '06:50:02', 'Oct', '2005'),
(21, 71, 400, '2012-02-20', '07:07:32', 'Nov', '2012'),
(22, 72, 400, '2016-08-07', '07:48:51', 'Dec', '2016'),
(23, 73, 400, '2011-05-09', '08:34:20', 'Jan', '2011'),
(24, 74, 400, '2007-08-04', '06:36:35', 'Feb', '2007'),
(25, 75, 400, '2006-04-16', '08:43:11', 'Mar', '2006'),
(26, 76, 400, '2016-03-16', '06:19:52', 'May', '2016'),
(27, 77, 400, '2010-03-17', '07:45:26', 'Jun', '2010'),
(28, 78, 400, '2009-10-26', '07:47:07', 'Jul', '2009'),
(29, 79, 400, '2008-02-16', '07:10:36', 'Aug', '2008'),
(30, 80, 400, '2007-08-29', '08:07:53', 'Sep', '2007'),
(31, 81, 400, '2013-06-17', '06:41:07', 'Oct', '2013'),
(32, 82, 400, '2015-10-01', '06:41:07', 'Nov', '2015'),
(33, 83, 400, '2011-07-16', '07:05:18', 'Dec', '2011'),
(34, 84, 400, '2006-06-15', '08:22:35', 'Jan', '2006'),
(35, 85, 400, '2007-09-27', '08:27:57', 'Feb', '2007'),
(36, 86, 400, '2016-02-25', '07:30:58', 'Mar', '2016'),
(37, 87, 400, '2013-11-25', '06:23:21', 'May', '2013'),
(38, 88, 400, '2011-04-13', '06:22:38', 'Jun', '2011'),
(39, 89, 400, '2017-04-11', '07:58:04', 'Jul', '2017'),
(40, 90, 400, '2009-01-20', '08:58:57', 'Aug', '2009'),
(41, 91, 400, '2010-04-29', '06:17:34', 'Sep', '2010'),
(42, 92, 400, '2011-05-08', '06:40:16', 'Oct', '2011'),
(43, 93, 400, '2015-10-26', '08:38:29', 'Nov', '2015'),
(44, 94, 400, '2005-06-17', '07:07:34', 'Dec', '2005'),
(45, 95, 400, '2016-10-27', '08:51:42', 'Jan', '2016'),
(46, 96, 400, '2014-09-07', '07:12:40', 'Feb', '2014'),
(47, 97, 400, '2009-09-26', '06:23:11', 'Mar', '2009'),
(48, 98, 400, '2011-03-01', '07:11:14', 'May', '2011'),
(49, 99, 400, '2011-10-12', '06:45:48', 'Jun', '2011'),
(50, 100, 400, '2015-03-30', '06:34:15', 'Jul', '2015');

-- --------------------------------------------------------

--
-- Table structure for table `penalties`
--

CREATE TABLE `penalties` (
  `P_ID` int(8) NOT NULL,
  `P_Type` text NOT NULL,
  `P_Fee` int(4) NOT NULL
) ENGINE=InnoDB DEFAULT CHARSET=latin1;

--
-- Dumping data for table `penalties`
--

INSERT INTO `penalties` (`P_ID`, `P_Type`, `P_Fee`) VALUES
(1, 'Lost Towel(s)', 50),
(2, 'Lost Locker Key', 200),
(3, 'Walk-in', 400);

-- --------------------------------------------------------

--
-- Table structure for table `receptionist`
--

CREATE TABLE `receptionist` (
  `Rec_id` int(8) NOT NULL,
  `Rec_lastName` text NOT NULL,
  `Rec_FirstName` text NOT NULL,
  `Rec_contact` int(11) NOT NULL,
  `Rec_emailAdd` text NOT NULL,
  `Rec_gender` text NOT NULL,
  `userID` int(11) UNSIGNED NOT NULL
) ENGINE=InnoDB DEFAULT CHARSET=latin1;

--
-- Dumping data for table `receptionist`
--

INSERT INTO `receptionist` (`Rec_id`, `Rec_lastName`, `Rec_FirstName`, `Rec_contact`, `Rec_emailAdd`, `Rec_gender`, `userID`) VALUES
(32, 'ivan', 'buglosa', 1234, 'ivanbuglosa', 'Male', 40),
(33, 'buglosan', 'a', 123, 'aaaa', 'Male', 1),
(34, 'buglosa', 'ivan', 3131312, 'ivanraybuglosa@gmail.com', 'Female', 64),
(35, '', '', 0, '', 'Male', 66),
(36, 'lll', '', 0, '', 'Male', 66),
(37, 'asd', '', 0, '', 'Male', 66);

-- --------------------------------------------------------

--
-- Table structure for table `studioclass`
--

CREATE TABLE `studioclass` (
  `SC_Code` int(8) NOT NULL,
  `SC_Name` text NOT NULL,
  `SC_Capacity` int(2) NOT NULL,
  `SC_Venue` text NOT NULL
) ENGINE=InnoDB DEFAULT CHARSET=latin1;

--
-- Dumping data for table `studioclass`
--

INSERT INTO `studioclass` (`SC_Code`, `SC_Name`, `SC_Capacity`, `SC_Venue`) VALUES
(6, 'Spinning', 39, 'Spinning Room'),
(7, 'HIIT', 5, 'Center'),
(8, 'Yoga', 10, 'Studio'),
(9, 'F360', 10, 'Studio'),
(10, 'TRX', 10, 'Studio'),
(11, 'Dance Aero', 10, 'Center'),
(12, 'Pound Fit', 15, 'Center'),
(13, 'Pilates', 12, 'Center'),
(14, 'Swimming', 5, 'Pool'),
(15, 'Zumba', 10, 'Center');

-- --------------------------------------------------------

--
-- Table structure for table `studioclasssession`
--

CREATE TABLE `studioclasssession` (
  `SCS_Code` int(8) NOT NULL,
  `SC_Code` int(8) NOT NULL,
  `COACH_ID` int(8) NOT NULL,
  `SCS_StartTime` time(6) NOT NULL,
  `SCS_EndTime` time(6) NOT NULL,
  `SCS_Date` date NOT NULL,
  `month` char(3) NOT NULL,
  `year` char(4) NOT NULL
) ENGINE=InnoDB DEFAULT CHARSET=latin1;

--
-- Dumping data for table `studioclasssession`
--

INSERT INTO `studioclasssession` (`SCS_Code`, `SC_Code`, `COACH_ID`, `SCS_StartTime`, `SCS_EndTime`, `SCS_Date`, `month`, `year`) VALUES
(1, 6, 38, '09:00:00.000000', '10:00:00.000000', '2014-06-11', 'Jun', '2014'),
(2, 7, 39, '10:00:00.000000', '11:00:00.000000', '2017-05-29', 'May', '2017'),
(3, 8, 40, '11:00:00.000000', '12:00:00.000000', '2011-05-26', 'May', '2011'),
(4, 9, 41, '12:00:00.000000', '13:00:00.000000', '2010-06-02', 'Jun', '2010'),
(5, 10, 42, '13:00:00.000000', '14:00:00.000000', '2013-05-18', 'May', '2013'),
(6, 11, 43, '14:00:00.000000', '15:00:00.000000', '2006-02-04', 'Feb', '2006'),
(7, 8, 44, '16:00:00.000000', '16:00:00.000000', '2015-08-12', 'Aug', '2015'),
(8, 13, 45, '16:00:00.000000', '17:00:00.000000', '2006-10-23', 'Oct', '2006'),
(9, 14, 46, '17:00:00.000000', '18:00:00.000000', '2006-02-18', 'Feb', '2006'),
(10, 15, 47, '09:00:00.000000', '10:00:00.000000', '2016-12-04', 'Dec', '2016'),
(11, 6, 48, '10:00:00.000000', '11:00:00.000000', '2012-08-16', 'Aug', '2012'),
(12, 7, 49, '11:00:00.000000', '12:00:00.000000', '2012-01-23', 'Jan', '2012'),
(13, 8, 50, '12:00:00.000000', '13:00:00.000000', '2014-08-15', 'Aug', '2014'),
(14, 9, 51, '13:00:00.000000', '14:00:00.000000', '2016-04-30', 'Apr', '2016'),
(15, 10, 38, '14:00:00.000000', '15:00:00.000000', '2015-12-22', 'Dec', '2015'),
(16, 11, 39, '15:00:00.000000', '16:00:00.000000', '2013-09-25', 'Sep', '2013'),
(17, 12, 40, '16:00:00.000000', '17:00:00.000000', '2005-03-15', 'Mar', '2005'),
(18, 13, 41, '17:00:00.000000', '18:00:00.000000', '2009-07-13', 'Jul', '2009'),
(19, 14, 42, '09:00:00.000000', '10:00:00.000000', '2015-09-26', 'Sep', '2015'),
(20, 15, 43, '10:00:00.000000', '11:00:00.000000', '2007-07-27', 'Jul', '2007'),
(21, 6, 44, '11:00:00.000000', '12:00:00.000000', '2006-11-22', 'Nov', '2006'),
(22, 7, 45, '12:00:00.000000', '13:00:00.000000', '2013-11-30', 'Nov', '2013'),
(23, 8, 46, '13:00:00.000000', '14:00:00.000000', '2006-12-29', 'Dec', '2006'),
(24, 9, 47, '14:00:00.000000', '15:00:00.000000', '2006-06-13', 'Jun', '2006'),
(25, 10, 48, '15:00:00.000000', '16:00:00.000000', '2012-06-12', 'Jun', '2012'),
(26, 11, 49, '16:00:00.000000', '17:00:00.000000', '2009-01-31', 'Jan', '2009'),
(27, 12, 50, '17:00:00.000000', '18:00:00.000000', '2006-12-07', 'Dec', '2006'),
(28, 13, 51, '09:00:00.000000', '10:00:00.000000', '2014-09-23', 'Sep', '2014'),
(29, 14, 38, '10:00:00.000000', '11:00:00.000000', '2008-06-22', 'Jun', '2008'),
(30, 15, 39, '11:00:00.000000', '12:00:00.000000', '2006-12-09', 'Dec', '2006'),
(31, 6, 40, '12:00:00.000000', '13:00:00.000000', '2017-01-04', 'Jan', '2017'),
(32, 7, 41, '13:00:00.000000', '14:00:00.000000', '2005-12-14', 'Dec', '2005'),
(33, 8, 42, '14:00:00.000000', '15:00:00.000000', '2010-10-28', 'Oct', '2010'),
(34, 9, 43, '15:00:00.000000', '16:00:00.000000', '2008-09-13', 'Sep', '2008'),
(35, 10, 44, '16:00:00.000000', '17:00:00.000000', '2011-02-18', 'Feb', '2011'),
(36, 11, 45, '17:00:00.000000', '18:00:00.000000', '2012-11-23', 'Nov', '2012'),
(37, 12, 46, '09:00:00.000000', '10:00:00.000000', '2011-01-24', 'Jan', '2011'),
(38, 13, 47, '10:00:00.000000', '11:00:00.000000', '2007-03-30', 'Mar', '2007'),
(39, 14, 48, '11:00:00.000000', '12:00:00.000000', '2005-07-03', 'Jul', '2005'),
(40, 15, 49, '12:00:00.000000', '13:00:00.000000', '2009-02-25', 'Feb', '2009'),
(41, 6, 50, '13:00:00.000000', '14:00:00.000000', '2012-03-21', 'Mar', '2012'),
(42, 7, 51, '14:00:00.000000', '15:00:00.000000', '2009-04-15', 'Apr', '2009'),
(43, 8, 38, '15:00:00.000000', '16:00:00.000000', '2005-12-05', 'Dec', '2005'),
(44, 9, 39, '16:00:00.000000', '17:00:00.000000', '2014-06-13', 'Jun', '2014'),
(45, 10, 40, '17:00:00.000000', '18:00:00.000000', '2012-10-29', 'Oct', '2012'),
(46, 11, 41, '09:00:00.000000', '10:00:00.000000', '2014-11-14', 'Nov', '2014'),
(47, 12, 42, '10:00:00.000000', '11:00:00.000000', '2014-09-19', 'Sep', '2014'),
(48, 13, 43, '11:00:00.000000', '12:00:00.000000', '2016-04-20', 'Apr', '2016'),
(49, 14, 44, '12:00:00.000000', '13:00:00.000000', '2015-09-26', 'Sep', '2015'),
(50, 15, 45, '13:00:00.000000', '14:00:00.000000', '2011-12-03', 'Dec', '2011'),
(51, 6, 46, '14:00:00.000000', '15:00:00.000000', '2012-11-17', 'Nov', '2012'),
(52, 7, 47, '15:00:00.000000', '16:00:00.000000', '2017-08-31', 'Aug', '2017'),
(53, 8, 48, '16:00:00.000000', '17:00:00.000000', '2005-10-24', 'Oct', '2005'),
(54, 9, 49, '17:00:00.000000', '18:00:00.000000', '2009-07-07', 'Jul', '2009'),
(55, 10, 50, '09:00:00.000000', '10:00:00.000000', '2012-06-29', 'Jun', '2012'),
(56, 11, 51, '10:00:00.000000', '11:00:00.000000', '2008-08-26', 'Aug', '2008'),
(57, 12, 38, '11:00:00.000000', '12:00:00.000000', '2009-07-07', 'Jul', '2009'),
(58, 13, 39, '12:00:00.000000', '13:00:00.000000', '2016-01-05', 'Jan', '2016'),
(59, 14, 40, '13:00:00.000000', '14:00:00.000000', '2008-02-14', 'Feb', '2008'),
(60, 15, 41, '14:00:00.000000', '15:00:00.000000', '2015-11-25', 'Nov', '2015'),
(61, 6, 42, '15:00:00.000000', '16:00:00.000000', '2014-05-25', 'May', '2014'),
(62, 7, 43, '16:00:00.000000', '17:00:00.000000', '2008-03-27', 'Mar', '2008'),
(63, 8, 44, '17:00:00.000000', '18:00:00.000000', '2008-12-30', 'Dec', '2008'),
(64, 9, 45, '09:00:00.000000', '10:00:00.000000', '2017-11-04', 'Nov', '2017'),
(65, 10, 46, '10:00:00.000000', '11:00:00.000000', '2011-06-28', 'Jun', '2011'),
(66, 11, 47, '11:00:00.000000', '12:00:00.000000', '2016-08-02', 'Aug', '2016'),
(67, 12, 48, '12:00:00.000000', '13:00:00.000000', '2006-07-13', 'Jul', '2006'),
(68, 13, 49, '13:00:00.000000', '14:00:00.000000', '2017-10-05', 'Oct', '2017'),
(69, 14, 50, '14:00:00.000000', '15:00:00.000000', '2012-09-20', 'Sep', '2012'),
(70, 15, 51, '15:00:00.000000', '16:00:00.000000', '2016-04-08', 'Apr', '2016'),
(71, 6, 38, '16:00:00.000000', '17:00:00.000000', '2013-07-21', 'Jul', '2013'),
(72, 7, 39, '17:00:00.000000', '18:00:00.000000', '2009-08-23', 'Aug', '2009'),
(73, 8, 40, '09:00:00.000000', '10:00:00.000000', '2017-06-12', 'Jun', '2017'),
(74, 9, 41, '10:00:00.000000', '11:00:00.000000', '2013-03-10', 'Mar', '2013'),
(75, 10, 42, '11:00:00.000000', '12:00:00.000000', '2016-06-04', 'Jun', '2016'),
(76, 11, 43, '12:00:00.000000', '13:00:00.000000', '2008-09-12', 'Sep', '2008'),
(77, 12, 44, '13:00:00.000000', '14:00:00.000000', '2010-10-30', 'Oct', '2010'),
(78, 13, 45, '14:00:00.000000', '15:00:00.000000', '2008-10-22', 'Oct', '2008'),
(79, 14, 46, '15:00:00.000000', '16:00:00.000000', '2009-03-17', 'Mar', '2009'),
(80, 15, 47, '16:00:00.000000', '17:00:00.000000', '2007-06-07', 'Jun', '2007'),
(81, 0, 0, '00:00:00.000000', '00:00:00.000000', '0000-00-00', '', ''),
(82, 6, 38, '09:00:00.000000', '10:00:00.000000', '2017-01-01', 'Jan', '2017'),
(83, 7, 39, '09:00:00.000000', '10:00:00.000000', '2017-01-02', 'Jan', '2017'),
(84, 8, 40, '09:00:00.000000', '10:00:00.000000', '2017-01-03', 'Jan', '2017'),
(85, 9, 41, '09:00:00.000000', '10:00:00.000000', '2017-01-04', 'Jan', '2017'),
(86, 10, 42, '09:00:00.000000', '10:00:00.000000', '2017-01-05', 'Jan', '2017'),
(87, 11, 43, '09:00:00.000000', '10:00:00.000000', '2017-01-06', 'Jan', '2017'),
(88, 12, 44, '09:00:00.000000', '10:00:00.000000', '2017-01-07', 'Jan', '2017'),
(89, 13, 45, '09:00:00.000000', '10:00:00.000000', '2017-01-08', 'Jan', '2017'),
(90, 14, 46, '09:00:00.000000', '10:00:00.000000', '2017-01-09', 'Jan', '2017'),
(91, 15, 47, '09:00:00.000000', '10:00:00.000000', '2017-01-10', 'Jan', '2017'),
(92, 6, 48, '09:00:00.000000', '10:00:00.000000', '2017-02-02', 'Feb', '2017'),
(93, 7, 49, '09:00:00.000000', '10:00:00.000000', '2017-02-03', 'Feb', '2017'),
(94, 8, 50, '09:00:00.000000', '10:00:00.000000', '2017-02-04', 'Feb', '2017'),
(95, 9, 51, '09:00:00.000000', '10:00:00.000000', '2017-02-05', 'Feb', '2017'),
(96, 10, 38, '09:00:00.000000', '10:00:00.000000', '2017-02-06', 'Feb', '2017'),
(97, 11, 39, '09:00:00.000000', '10:00:00.000000', '2017-02-07', 'Feb', '2017'),
(98, 12, 40, '09:00:00.000000', '10:00:00.000000', '2017-02-08', 'Feb', '2017'),
(99, 13, 41, '09:00:00.000000', '10:00:00.000000', '2017-02-09', 'Feb', '2017'),
(100, 14, 42, '09:00:00.000000', '10:00:00.000000', '2017-02-10', 'Feb', '2017'),
(101, 15, 43, '09:00:00.000000', '10:00:00.000000', '2017-02-11', 'Feb', '2017'),
(102, 6, 44, '09:00:00.000000', '10:00:00.000000', '2017-02-12', 'Feb', '2017'),
(103, 7, 45, '09:00:00.000000', '10:00:00.000000', '2017-02-13', 'Feb', '2017'),
(104, 8, 46, '09:00:00.000000', '10:00:00.000000', '2017-02-14', 'Feb', '2017'),
(105, 9, 47, '09:00:00.000000', '10:00:00.000000', '2017-03-03', 'Mar', '2017'),
(106, 10, 48, '09:00:00.000000', '10:00:00.000000', '2017-03-04', 'Mar', '2017'),
(107, 11, 49, '09:00:00.000000', '10:00:00.000000', '2017-03-05', 'Mar', '2017'),
(108, 12, 50, '09:00:00.000000', '10:00:00.000000', '2017-03-06', 'Mar', '2017'),
(109, 13, 51, '09:00:00.000000', '10:00:00.000000', '2017-03-07', 'Mar', '2017'),
(110, 14, 38, '09:00:00.000000', '10:00:00.000000', '2017-03-08', 'Mar', '2017'),
(111, 15, 39, '09:00:00.000000', '10:00:00.000000', '2017-03-09', 'Mar', '2017'),
(112, 6, 40, '09:00:00.000000', '10:00:00.000000', '2017-03-10', 'Mar', '2017'),
(113, 7, 41, '09:00:00.000000', '10:00:00.000000', '2017-03-11', 'Mar', '2017'),
(114, 8, 42, '09:00:00.000000', '10:00:00.000000', '2017-03-12', 'Mar', '2017'),
(115, 9, 43, '09:00:00.000000', '10:00:00.000000', '2017-03-13', 'Mar', '2017'),
(116, 10, 44, '09:00:00.000000', '10:00:00.000000', '2017-03-14', 'Mar', '2017'),
(117, 11, 45, '09:00:00.000000', '10:00:00.000000', '2017-03-15', 'Mar', '2017'),
(118, 12, 46, '09:00:00.000000', '10:00:00.000000', '2017-03-16', 'Mar', '2017'),
(119, 13, 47, '09:00:00.000000', '10:00:00.000000', '2017-04-04', 'Apr', '2017'),
(120, 14, 48, '09:00:00.000000', '10:00:00.000000', '2017-04-05', 'Apr', '2017'),
(121, 15, 49, '09:00:00.000000', '10:00:00.000000', '2017-04-06', 'Apr', '2017'),
(122, 6, 50, '09:00:00.000000', '10:00:00.000000', '2017-04-07', 'Apr', '2017'),
(123, 7, 51, '09:00:00.000000', '10:00:00.000000', '2017-04-08', 'Apr', '2017'),
(124, 8, 38, '09:00:00.000000', '10:00:00.000000', '2017-04-09', 'Apr', '2017'),
(125, 9, 39, '09:00:00.000000', '10:00:00.000000', '2017-04-10', 'Apr', '2017'),
(126, 10, 40, '09:00:00.000000', '10:00:00.000000', '2017-04-11', 'Apr', '2017'),
(127, 11, 41, '09:00:00.000000', '10:00:00.000000', '2017-04-12', 'Apr', '2017'),
(128, 12, 42, '09:00:00.000000', '10:00:00.000000', '2017-04-13', 'Apr', '2017'),
(129, 13, 43, '09:00:00.000000', '10:00:00.000000', '2017-04-14', 'Apr', '2017'),
(130, 14, 44, '09:00:00.000000', '10:00:00.000000', '2017-04-15', 'Apr', '2017'),
(131, 15, 45, '09:00:00.000000', '10:00:00.000000', '2017-04-16', 'Apr', '2017'),
(132, 6, 46, '09:00:00.000000', '10:00:00.000000', '2017-05-05', 'May', '2017'),
(133, 7, 47, '09:00:00.000000', '10:00:00.000000', '2017-05-06', 'May', '2017'),
(134, 8, 48, '09:00:00.000000', '10:00:00.000000', '2017-05-07', 'May', '2017'),
(135, 9, 49, '09:00:00.000000', '10:00:00.000000', '2017-05-08', 'May', '2017'),
(136, 10, 50, '09:00:00.000000', '10:00:00.000000', '2017-05-09', 'May', '2017'),
(137, 11, 51, '09:00:00.000000', '10:00:00.000000', '2017-05-10', 'May', '2017'),
(138, 12, 38, '09:00:00.000000', '10:00:00.000000', '2017-05-11', 'May', '2017'),
(139, 13, 39, '09:00:00.000000', '10:00:00.000000', '2017-05-12', 'May', '2017'),
(140, 14, 40, '09:00:00.000000', '10:00:00.000000', '2017-05-13', 'May', '2017'),
(141, 15, 41, '09:00:00.000000', '10:00:00.000000', '2017-05-14', 'May', '2017'),
(142, 6, 42, '09:00:00.000000', '10:00:00.000000', '2017-05-15', 'May', '2017'),
(143, 7, 43, '09:00:00.000000', '10:00:00.000000', '2017-05-16', 'May', '2017'),
(144, 8, 44, '09:00:00.000000', '10:00:00.000000', '2017-05-17', 'May', '2017'),
(145, 9, 45, '09:00:00.000000', '10:00:00.000000', '2017-05-18', 'May', '2017'),
(146, 10, 46, '09:00:00.000000', '10:00:00.000000', '2017-05-19', 'May', '2017'),
(147, 11, 47, '09:00:00.000000', '10:00:00.000000', '2017-05-20', 'May', '2017'),
(148, 12, 48, '09:00:00.000000', '10:00:00.000000', '2017-06-06', 'Jun', '2017'),
(149, 13, 49, '09:00:00.000000', '10:00:00.000000', '2017-06-07', 'Jun', '2017'),
(150, 14, 50, '09:00:00.000000', '10:00:00.000000', '2017-06-08', 'Jun', '2017'),
(151, 15, 51, '09:00:00.000000', '10:00:00.000000', '2017-06-09', 'Jun', '2017'),
(152, 6, 38, '09:00:00.000000', '10:00:00.000000', '2017-06-10', 'Jun', '2017'),
(153, 7, 39, '09:00:00.000000', '10:00:00.000000', '2017-06-11', 'Jun', '2017'),
(154, 8, 40, '09:00:00.000000', '10:00:00.000000', '2017-06-12', 'Jun', '2017'),
(155, 9, 41, '09:00:00.000000', '10:00:00.000000', '2017-06-13', 'Jun', '2017'),
(156, 10, 42, '09:00:00.000000', '10:00:00.000000', '2017-06-14', 'Jun', '2017'),
(157, 11, 43, '09:00:00.000000', '10:00:00.000000', '2017-07-07', 'Jul', '2017'),
(158, 12, 44, '09:00:00.000000', '10:00:00.000000', '2017-07-08', 'Jul', '2017'),
(159, 13, 45, '09:00:00.000000', '10:00:00.000000', '2017-07-09', 'Jul', '2017'),
(160, 14, 46, '09:00:00.000000', '10:00:00.000000', '2017-07-10', 'Jul', '2017'),
(161, 15, 47, '09:00:00.000000', '10:00:00.000000', '2017-07-11', 'Jul', '2017'),
(162, 6, 48, '09:00:00.000000', '10:00:00.000000', '2017-07-12', 'Jul', '2017'),
(163, 7, 49, '09:00:00.000000', '10:00:00.000000', '2017-07-13', 'Jul', '2017'),
(164, 8, 50, '09:00:00.000000', '10:00:00.000000', '2017-07-14', 'Jul', '2017'),
(165, 9, 51, '09:00:00.000000', '10:00:00.000000', '2017-07-15', 'Jul', '2017'),
(166, 10, 38, '09:00:00.000000', '10:00:00.000000', '2017-07-16', 'Jul', '2017'),
(167, 11, 39, '09:00:00.000000', '10:00:00.000000', '2017-08-08', 'Aug', '2017'),
(168, 12, 40, '09:00:00.000000', '10:00:00.000000', '2017-08-09', 'Aug', '2017'),
(169, 13, 41, '09:00:00.000000', '10:00:00.000000', '2017-08-10', 'Aug', '2017'),
(170, 14, 42, '09:00:00.000000', '10:00:00.000000', '2017-08-11', 'Aug', '2017'),
(171, 15, 43, '09:00:00.000000', '10:00:00.000000', '2017-08-12', 'Aug', '2017'),
(172, 6, 44, '09:00:00.000000', '10:00:00.000000', '2017-08-13', 'Aug', '2017'),
(173, 7, 45, '09:00:00.000000', '10:00:00.000000', '2017-08-14', 'Aug', '2017'),
(174, 8, 46, '09:00:00.000000', '10:00:00.000000', '2017-08-15', 'Aug', '2017'),
(175, 9, 47, '09:00:00.000000', '10:00:00.000000', '2017-08-16', 'Aug', '2017'),
(176, 10, 48, '09:00:00.000000', '10:00:00.000000', '2017-09-09', 'Sep', '2017'),
(177, 11, 49, '09:00:00.000000', '10:00:00.000000', '2017-09-10', 'Sep', '2017'),
(178, 12, 50, '09:00:00.000000', '10:00:00.000000', '2017-09-11', 'Sep', '2017'),
(179, 13, 51, '09:00:00.000000', '10:00:00.000000', '2017-09-12', 'Sep', '2017'),
(180, 14, 38, '09:00:00.000000', '10:00:00.000000', '2017-09-13', 'Sep', '2017'),
(181, 15, 39, '09:00:00.000000', '10:00:00.000000', '2017-09-14', 'Sep', '2017'),
(182, 6, 40, '09:00:00.000000', '10:00:00.000000', '2017-09-15', 'Sep', '2017'),
(183, 7, 41, '09:00:00.000000', '10:00:00.000000', '2017-09-16', 'Sep', '2017'),
(184, 8, 42, '09:00:00.000000', '10:00:00.000000', '2017-09-17', 'Sep', '2017'),
(185, 9, 43, '09:00:00.000000', '10:00:00.000000', '2017-09-18', 'Sep', '2017'),
(186, 10, 44, '09:00:00.000000', '10:00:00.000000', '2017-10-10', 'Oct', '2017'),
(187, 11, 45, '09:00:00.000000', '10:00:00.000000', '2017-10-11', 'Oct', '2017'),
(188, 12, 46, '09:00:00.000000', '10:00:00.000000', '2017-10-12', 'Oct', '2017'),
(189, 13, 47, '09:00:00.000000', '10:00:00.000000', '2017-10-13', 'Oct', '2017'),
(190, 14, 48, '09:00:00.000000', '10:00:00.000000', '2017-10-14', 'Oct', '2017'),
(191, 15, 49, '09:00:00.000000', '10:00:00.000000', '2017-10-15', 'Oct', '2017'),
(192, 6, 50, '09:00:00.000000', '10:00:00.000000', '2017-10-16', 'Oct', '2017'),
(193, 7, 51, '09:00:00.000000', '10:00:00.000000', '2017-10-17', 'Oct', '2017'),
(194, 8, 38, '09:00:00.000000', '10:00:00.000000', '2017-10-18', 'Oct', '2017'),
(195, 9, 39, '09:00:00.000000', '10:00:00.000000', '2017-10-19', 'Oct', '2017'),
(196, 10, 40, '09:00:00.000000', '10:00:00.000000', '2017-10-20', 'Oct', '2017'),
(197, 11, 41, '09:00:00.000000', '10:00:00.000000', '2017-10-21', 'Oct', '2017'),
(198, 12, 42, '09:00:00.000000', '10:00:00.000000', '2017-10-22', 'Oct', '2017'),
(199, 13, 43, '09:00:00.000000', '10:00:00.000000', '2017-10-23', 'Oct', '2017'),
(200, 14, 44, '09:00:00.000000', '10:00:00.000000', '2017-11-11', 'Nov', '2017'),
(201, 15, 45, '09:00:00.000000', '10:00:00.000000', '2017-11-12', 'Nov', '2017'),
(202, 6, 46, '09:00:00.000000', '10:00:00.000000', '2017-11-13', 'Nov', '2017'),
(203, 7, 47, '09:00:00.000000', '10:00:00.000000', '2017-11-14', 'Nov', '2017'),
(204, 8, 48, '09:00:00.000000', '10:00:00.000000', '2017-11-15', 'Nov', '2017'),
(205, 9, 49, '09:00:00.000000', '10:00:00.000000', '2017-11-16', 'Nov', '2017'),
(206, 10, 50, '09:00:00.000000', '10:00:00.000000', '2017-11-17', 'Nov', '2017'),
(207, 11, 51, '09:00:00.000000', '10:00:00.000000', '2017-11-18', 'Nov', '2017'),
(208, 12, 38, '09:00:00.000000', '10:00:00.000000', '2017-11-19', 'Nov', '2017'),
(209, 13, 39, '09:00:00.000000', '10:00:00.000000', '2017-11-20', 'Nov', '2017'),
(210, 14, 40, '09:00:00.000000', '10:00:00.000000', '2017-11-21', 'Nov', '2017'),
(211, 15, 41, '09:00:00.000000', '10:00:00.000000', '2017-11-22', 'Nov', '2017'),
(212, 6, 42, '09:00:00.000000', '10:00:00.000000', '2017-12-12', 'Dec', '2017'),
(213, 7, 43, '09:00:00.000000', '10:00:00.000000', '2017-12-13', 'Dec', '2017'),
(214, 8, 44, '09:00:00.000000', '10:00:00.000000', '2017-12-14', 'Dec', '2017'),
(215, 9, 45, '09:00:00.000000', '10:00:00.000000', '2017-12-15', 'Dec', '2017'),
(216, 10, 46, '09:00:00.000000', '10:00:00.000000', '2017-12-16', 'Dec', '2017'),
(217, 11, 47, '09:00:00.000000', '10:00:00.000000', '2017-12-17', 'Dec', '2017'),
(218, 12, 48, '09:00:00.000000', '10:00:00.000000', '2017-12-18', 'Dec', '2017'),
(219, 13, 49, '09:00:00.000000', '10:00:00.000000', '2017-12-19', 'Dec', '2017'),
(220, 14, 50, '09:00:00.000000', '10:00:00.000000', '2017-12-20', 'Dec', '2017'),
(221, 15, 51, '09:00:00.000000', '10:00:00.000000', '2017-12-21', 'Dec', '2017'),
(222, 6, 38, '09:00:00.000000', '10:00:00.000000', '2017-12-22', 'Dec', '2017'),
(223, 7, 39, '09:00:00.000000', '10:00:00.000000', '2017-12-23', 'Dec', '2017'),
(224, 8, 40, '09:00:00.000000', '10:00:00.000000', '2017-12-24', 'Dec', '2017'),
(225, 9, 41, '09:00:00.000000', '10:00:00.000000', '2017-12-25', 'Dec', '2017'),
(226, 10, 42, '09:00:00.000000', '10:00:00.000000', '2017-12-26', 'Dec', '2017'),
(227, 11, 43, '09:00:00.000000', '10:00:00.000000', '2017-12-27', 'Dec', '2017'),
(228, 12, 44, '09:00:00.000000', '10:00:00.000000', '2017-12-28', 'Dec', '2017'),
(229, 13, 45, '09:00:00.000000', '10:00:00.000000', '2017-12-29', 'Dec', '2017'),
(230, 14, 46, '09:00:00.000000', '10:00:00.000000', '2017-12-30', 'Dec', '2017'),
(231, 15, 47, '09:00:00.000000', '10:00:00.000000', '2017-12-31', 'Dec', '2017'),
(232, 6, 48, '09:00:00.000000', '10:00:00.000000', '2018-01-01', 'Dec', '2017'),
(233, 7, 49, '09:00:00.000000', '10:00:00.000000', '2018-01-02', 'Dec', '2017'),
(234, 8, 50, '09:00:00.000000', '10:00:00.000000', '2018-01-03', 'Dec', '2017'),
(235, 9, 51, '09:00:00.000000', '10:00:00.000000', '2018-01-01', 'Jan', '2018'),
(236, 10, 38, '09:00:00.000000', '10:00:00.000000', '2018-01-02', 'Jan', '2018'),
(237, 11, 39, '09:00:00.000000', '10:00:00.000000', '2018-01-03', 'Jan', '2018'),
(238, 12, 40, '09:00:00.000000', '10:00:00.000000', '2018-01-04', 'Jan', '2018'),
(239, 13, 41, '09:00:00.000000', '10:00:00.000000', '2018-01-05', 'Jan', '2018'),
(240, 14, 42, '09:00:00.000000', '10:00:00.000000', '2018-01-06', 'Jan', '2018'),
(241, 15, 43, '09:00:00.000000', '10:00:00.000000', '2018-01-07', 'Jan', '2018'),
(242, 6, 44, '09:00:00.000000', '10:00:00.000000', '2018-01-08', 'Jan', '2018'),
(243, 7, 45, '09:00:00.000000', '10:00:00.000000', '2018-01-09', 'Jan', '2018'),
(244, 8, 46, '09:00:00.000000', '10:00:00.000000', '2018-01-10', 'Jan', '2018'),
(245, 9, 47, '09:00:00.000000', '10:00:00.000000', '2018-01-11', 'Jan', '2018'),
(246, 10, 48, '09:00:00.000000', '10:00:00.000000', '2018-01-12', 'Jan', '2018'),
(247, 11, 49, '09:00:00.000000', '10:00:00.000000', '2018-01-13', 'Jan', '2018'),
(248, 12, 50, '09:00:00.000000', '10:00:00.000000', '2018-01-14', 'Jan', '2018'),
(249, 13, 51, '09:00:00.000000', '10:00:00.000000', '2018-01-15', 'Jan', '2018'),
(250, 14, 38, '09:00:00.000000', '10:00:00.000000', '2018-01-16', 'Jan', '2018'),
(251, 15, 39, '09:00:00.000000', '10:00:00.000000', '2018-01-17', 'Jan', '2018'),
(252, 6, 40, '09:00:00.000000', '10:00:00.000000', '2018-01-18', 'Jan', '2018'),
(253, 7, 41, '09:00:00.000000', '10:00:00.000000', '2018-01-19', 'Jan', '2018'),
(254, 8, 42, '09:00:00.000000', '10:00:00.000000', '2018-01-20', 'Jan', '2018'),
(255, 9, 43, '09:00:00.000000', '10:00:00.000000', '2018-01-21', 'Jan', '2018'),
(256, 10, 44, '09:00:00.000000', '10:00:00.000000', '2018-01-22', 'Jan', '2018'),
(257, 11, 45, '09:00:00.000000', '10:00:00.000000', '2018-01-23', 'Jan', '2018'),
(258, 12, 46, '09:00:00.000000', '10:00:00.000000', '2018-01-24', 'Jan', '2018'),
(259, 13, 47, '09:00:00.000000', '10:00:00.000000', '2018-01-25', 'Jan', '2018'),
(260, 14, 48, '09:00:00.000000', '10:00:00.000000', '2018-01-26', 'Jan', '2018'),
(261, 15, 49, '09:00:00.000000', '10:00:00.000000', '2018-01-27', 'Jan', '2018'),
(262, 6, 50, '09:00:00.000000', '10:00:00.000000', '2018-01-28', 'Jan', '2018'),
(263, 7, 51, '09:00:00.000000', '10:00:00.000000', '2018-01-29', 'Jan', '2018'),
(264, 8, 38, '09:00:00.000000', '10:00:00.000000', '2018-01-30', 'Jan', '2018'),
(265, 9, 39, '09:00:00.000000', '10:00:00.000000', '2018-01-31', 'Jan', '2018'),
(266, 10, 40, '09:00:00.000000', '10:00:00.000000', '2018-02-01', 'Jan', '2018'),
(267, 11, 41, '09:00:00.000000', '10:00:00.000000', '2018-02-02', 'Jan', '2018'),
(268, 12, 42, '09:00:00.000000', '10:00:00.000000', '2018-02-03', 'Jan', '2018'),
(269, 13, 43, '09:00:00.000000', '10:00:00.000000', '2018-02-04', 'Jan', '2018'),
(270, 14, 44, '09:00:00.000000', '10:00:00.000000', '2018-02-05', 'Jan', '2018'),
(271, 15, 45, '09:00:00.000000', '10:00:00.000000', '2018-02-06', 'Jan', '2018'),
(272, 6, 46, '09:00:00.000000', '10:00:00.000000', '2018-02-07', 'Jan', '2018'),
(273, 7, 47, '09:00:00.000000', '10:00:00.000000', '2018-02-08', 'Jan', '2018'),
(274, 8, 48, '09:00:00.000000', '10:00:00.000000', '2018-02-09', 'Jan', '2018'),
(275, 9, 49, '09:00:00.000000', '10:00:00.000000', '2018-02-10', 'Jan', '2018'),
(276, 10, 50, '09:00:00.000000', '10:00:00.000000', '2018-02-11', 'Jan', '2018'),
(277, 11, 51, '09:00:00.000000', '10:00:00.000000', '2018-02-12', 'Jan', '2018'),
(278, 12, 38, '09:00:00.000000', '10:00:00.000000', '2018-02-13', 'Jan', '2018'),
(279, 13, 39, '09:00:00.000000', '10:00:00.000000', '2018-02-14', 'Jan', '2018'),
(280, 14, 40, '09:00:00.000000', '10:00:00.000000', '2018-02-15', 'Jan', '2018'),
(281, 15, 41, '09:00:00.000000', '10:00:00.000000', '2018-02-16', 'Jan', '2018'),
(282, 6, 42, '09:00:00.000000', '10:00:00.000000', '2018-02-17', 'Jan', '2018'),
(283, 7, 43, '09:00:00.000000', '10:00:00.000000', '2018-02-18', 'Jan', '2018'),
(284, 8, 44, '09:00:00.000000', '10:00:00.000000', '2018-02-19', 'Jan', '2018'),
(285, 9, 45, '09:00:00.000000', '10:00:00.000000', '2018-02-20', 'Jan', '2018'),
(286, 10, 46, '09:00:00.000000', '10:00:00.000000', '2018-02-21', 'Jan', '2018'),
(287, 11, 47, '09:00:00.000000', '10:00:00.000000', '2018-02-22', 'Jan', '2018'),
(288, 12, 48, '09:00:00.000000', '10:00:00.000000', '2018-02-23', 'Jan', '2018'),
(289, 13, 49, '09:00:00.000000', '10:00:00.000000', '2018-02-24', 'Jan', '2018'),
(290, 14, 50, '09:00:00.000000', '10:00:00.000000', '2018-02-25', 'Jan', '2018'),
(291, 15, 51, '09:00:00.000000', '10:00:00.000000', '2018-02-26', 'Jan', '2018'),
(292, 6, 38, '09:00:00.000000', '10:00:00.000000', '2018-02-27', 'Jan', '2018'),
(293, 7, 39, '09:00:00.000000', '10:00:00.000000', '2018-02-28', 'Jan', '2018'),
(294, 8, 40, '09:00:00.000000', '10:00:00.000000', '2018-03-01', 'Jan', '2018'),
(295, 9, 41, '09:00:00.000000', '10:00:00.000000', '2018-03-02', 'Jan', '2018'),
(296, 10, 42, '09:00:00.000000', '10:00:00.000000', '2018-02-02', 'Feb', '2018'),
(297, 11, 43, '09:00:00.000000', '10:00:00.000000', '2018-02-03', 'Feb', '2018'),
(298, 12, 44, '09:00:00.000000', '10:00:00.000000', '2018-02-04', 'Feb', '2018'),
(299, 13, 45, '09:00:00.000000', '10:00:00.000000', '2018-02-05', 'Feb', '2018'),
(300, 14, 46, '09:00:00.000000', '10:00:00.000000', '2018-02-06', 'Feb', '2018'),
(301, 15, 47, '09:00:00.000000', '10:00:00.000000', '2018-02-07', 'Feb', '2018'),
(302, 6, 48, '09:00:00.000000', '10:00:00.000000', '2018-02-08', 'Feb', '2018'),
(303, 7, 49, '09:00:00.000000', '10:00:00.000000', '2018-02-09', 'Feb', '2018'),
(304, 8, 50, '09:00:00.000000', '10:00:00.000000', '2018-02-10', 'Feb', '2018'),
(305, 9, 51, '09:00:00.000000', '10:00:00.000000', '2018-02-11', 'Feb', '2018'),
(306, 10, 38, '09:00:00.000000', '10:00:00.000000', '2018-02-12', 'Feb', '2018'),
(307, 11, 39, '09:00:00.000000', '10:00:00.000000', '2018-02-13', 'Feb', '2018'),
(308, 12, 40, '09:00:00.000000', '10:00:00.000000', '2018-02-14', 'Feb', '2018'),
(309, 13, 41, '09:00:00.000000', '10:00:00.000000', '2018-03-03', 'Mar', '2018'),
(310, 14, 42, '09:00:00.000000', '10:00:00.000000', '2018-03-04', 'Mar', '2018'),
(311, 15, 43, '09:00:00.000000', '10:00:00.000000', '2018-03-05', 'Mar', '2018'),
(312, 6, 44, '09:00:00.000000', '10:00:00.000000', '2018-03-06', 'Mar', '2018'),
(313, 7, 45, '09:00:00.000000', '10:00:00.000000', '2018-03-07', 'Mar', '2018'),
(314, 8, 46, '09:00:00.000000', '10:00:00.000000', '2018-03-08', 'Mar', '2018'),
(315, 9, 47, '09:00:00.000000', '10:00:00.000000', '2018-03-09', 'Mar', '2018'),
(316, 10, 48, '09:00:00.000000', '10:00:00.000000', '2018-03-10', 'Mar', '2018'),
(317, 11, 49, '09:00:00.000000', '10:00:00.000000', '2018-03-11', 'Mar', '2018'),
(318, 12, 50, '09:00:00.000000', '10:00:00.000000', '2018-03-12', 'Mar', '2018'),
(319, 13, 51, '09:00:00.000000', '10:00:00.000000', '2018-03-13', 'Mar', '2018'),
(320, 14, 38, '09:00:00.000000', '10:00:00.000000', '2018-03-14', 'Mar', '2018'),
(321, 15, 39, '09:00:00.000000', '10:00:00.000000', '2018-03-15', 'Mar', '2018'),
(322, 6, 40, '09:00:00.000000', '10:00:00.000000', '2018-03-16', 'Mar', '2018'),
(323, 7, 41, '09:00:00.000000', '10:00:00.000000', '2018-03-17', 'Mar', '2018'),
(324, 8, 42, '09:00:00.000000', '10:00:00.000000', '2018-03-18', 'Mar', '2018'),
(325, 9, 43, '09:00:00.000000', '10:00:00.000000', '2018-03-19', 'Mar', '2018'),
(326, 10, 44, '09:00:00.000000', '10:00:00.000000', '2018-03-20', 'Mar', '2018'),
(327, 11, 45, '09:00:00.000000', '10:00:00.000000', '2018-03-21', 'Mar', '2018'),
(328, 12, 46, '09:00:00.000000', '10:00:00.000000', '2018-03-22', 'Mar', '2018'),
(329, 13, 47, '09:00:00.000000', '10:00:00.000000', '2018-03-23', 'Mar', '2018'),
(330, 14, 48, '09:00:00.000000', '10:00:00.000000', '2018-03-24', 'Mar', '2018'),
(331, 15, 49, '09:00:00.000000', '10:00:00.000000', '2018-03-25', 'Mar', '2018'),
(332, 9, 45, '17:04:00.000000', '18:01:00.000000', '2018-03-31', 'Mar', '2018'),
(333, 6, 38, '13:01:00.000000', '14:02:00.000000', '2018-03-15', 'Mar', '2018'),
(334, 6, 44, '14:00:00.000000', '15:00:00.000000', '2018-03-15', 'Mar', '2018'),
(335, 13, 44, '13:00:00.000000', '14:00:00.000000', '2018-03-15', 'Mar', '2018'),
(336, 6, 38, '20:00:00.000000', '11:00:00.000000', '2018-03-29', 'Mar', '2018'),
(337, 8, 44, '17:00:00.000000', '18:00:00.000000', '2018-03-15', 'Mar', '2018');

-- --------------------------------------------------------

--
-- Table structure for table `towelinventory`
--

CREATE TABLE `towelinventory` (
  `TI_Code` int(8) NOT NULL,
  `TI_Date` date NOT NULL,
  `TI_Time` time NOT NULL,
  `TI_Supplied` int(4) DEFAULT NULL,
  `TI_Laundry` int(4) DEFAULT NULL,
  `TI_Delivered` int(4) DEFAULT NULL,
  `TI_Onhand` int(4) DEFAULT NULL,
  `TI_Available` int(4) NOT NULL,
  `TI_Borrowed` int(4) DEFAULT NULL,
  `TI_Returned` int(4) DEFAULT NULL,
  `TI_Type` text,
  `month` varchar(3) NOT NULL,
  `year` varchar(4) NOT NULL
) ENGINE=InnoDB DEFAULT CHARSET=latin1;

--
-- Dumping data for table `towelinventory`
--

INSERT INTO `towelinventory` (`TI_Code`, `TI_Date`, `TI_Time`, `TI_Supplied`, `TI_Laundry`, `TI_Delivered`, `TI_Onhand`, `TI_Available`, `TI_Borrowed`, `TI_Returned`, `TI_Type`, `month`, `year`) VALUES
(1, '2017-07-09', '09:00:00', 100, 0, 0, 0, 2200, 0, 0, 'Supply', 'Jul', '2017'),
(2, '2017-02-25', '10:00:00', 100, 0, 0, 0, 2200, 0, 0, 'Supply', 'Feb', '2017'),
(3, '2017-09-19', '11:00:00', 100, 0, 0, 0, 2200, 0, 0, 'Supply', 'Sep', '2017'),
(4, '2017-04-07', '12:00:00', 100, 0, 0, 0, 2200, 0, 0, 'Supply', 'Apr', '2017'),
(5, '2017-04-06', '13:00:00', 100, 0, 0, 0, 2200, 0, 0, 'Supply', 'Apr', '2017'),
(6, '2017-03-24', '14:00:00', 100, 0, 0, 0, 2200, 0, 0, 'Supply', 'Mar', '2017'),
(7, '2017-09-24', '15:00:00', 100, 0, 0, 0, 2200, 0, 0, 'Supply', 'Sep', '2017'),
(8, '2017-11-30', '16:00:00', 100, 0, 0, 0, 2200, 0, 0, 'Supply', 'Nov', '2017'),
(9, '2017-11-30', '17:00:00', 100, 0, 0, 0, 2200, 0, 0, 'Supply', 'Nov', '2017'),
(10, '2017-03-23', '18:00:00', 100, 0, 0, 0, 2200, 0, 0, 'Supply', 'Mar', '2017'),
(11, '2017-09-01', '19:00:00', 100, 0, 0, 0, 2200, 0, 0, 'Supply', 'Sep', '2017'),
(12, '2017-02-24', '20:00:00', 100, 0, 0, 0, 2200, 0, 0, 'Supply', 'Feb', '2017'),
(13, '2017-09-28', '09:00:00', 100, 0, 0, 0, 2200, 0, 0, 'Supply', 'Sep', '2017'),
(14, '2017-11-15', '10:00:00', 100, 0, 0, 0, 2200, 0, 0, 'Supply', 'Nov', '2017'),
(15, '2017-12-03', '11:00:00', 100, 0, 0, 0, 2200, 0, 0, 'Supply', 'Dec', '2017'),
(16, '2017-07-11', '12:00:00', 0, 100, 0, 0, 2200, 0, 0, 'Laundry', 'Jul', '2017'),
(17, '2017-05-23', '13:00:00', 0, 100, 0, 0, 2200, 0, 0, 'Laundry', 'May', '2017'),
(18, '2017-12-10', '14:00:00', 0, 100, 0, 0, 2200, 0, 0, 'Laundry', 'Dec', '2017'),
(19, '2017-07-14', '15:00:00', 0, 100, 0, 0, 2200, 0, 0, 'Laundry', 'Jul', '2017'),
(20, '2017-12-12', '16:00:00', 0, 100, 0, 0, 2200, 0, 0, 'Laundry', 'Dec', '2017'),
(21, '2017-07-14', '17:00:00', 0, 100, 0, 0, 2200, 0, 0, 'Laundry', 'Jul', '2017'),
(22, '2017-02-20', '18:00:00', 0, 100, 0, 0, 2200, 0, 0, 'Laundry', 'Feb', '2017'),
(23, '2017-11-25', '19:00:00', 100, 0, 0, 0, 2200, 0, 0, 'Supply', 'Nov', '2017'),
(24, '2018-01-25', '20:00:00', 100, 0, 0, 0, 2200, 0, 0, 'Supply', 'Jan', '2018'),
(25, '2017-12-24', '09:00:00', 100, 0, 0, 0, 2200, 0, 0, 'Supply', 'Dec', '2017'),
(26, '2017-09-18', '10:00:00', 100, 0, 0, 0, 2200, 0, 0, 'Supply', 'Sep', '2017'),
(27, '2018-01-19', '11:00:00', 100, 0, 0, 0, 2200, 0, 0, 'Supply', 'Jan', '2018'),
(28, '2017-05-15', '12:00:00', 100, 0, 0, 0, 2200, 0, 0, 'Supply', 'May', '2017'),
(29, '2017-07-24', '13:00:00', 100, 0, 0, 0, 2200, 0, 0, 'Supply', 'Jul', '2017'),
(30, '2017-10-16', '14:00:00', 100, 0, 0, 0, 2200, 0, 0, 'Supply', 'Oct', '2017'),
(31, '2017-02-19', '15:00:00', 100, 0, 0, 0, 2200, 0, 0, 'Supply', 'Feb', '2017'),
(32, '2018-01-13', '16:00:00', 100, 0, 0, 0, 2200, 0, 0, 'Supply', 'Jan', '2018'),
(33, '2017-03-25', '17:00:00', 0, 100, 0, 0, 2200, 0, 0, 'Laundry', 'Mar', '2017'),
(34, '2017-11-01', '18:00:00', 0, 100, 0, 0, 2200, 0, 0, 'Laundry', 'Nov', '2017'),
(35, '2017-05-21', '19:00:00', 0, 100, 0, 0, 2200, 0, 0, 'Laundry', 'May', '2017'),
(36, '2017-09-24', '20:00:00', 0, 100, 0, 0, 2200, 0, 0, 'Laundry', 'Sep', '2017'),
(37, '2017-08-28', '09:00:00', 0, 100, 0, 0, 2200, 0, 0, 'Laundry', 'Aug', '2017'),
(38, '2017-02-16', '10:00:00', 0, 100, 0, 0, 2200, 0, 0, 'Laundry', 'Feb', '2017'),
(39, '2017-02-18', '11:00:00', 0, 100, 0, 0, 2200, 0, 0, 'Laundry', 'Feb', '2017'),
(40, '2017-08-15', '12:00:00', 100, 0, 0, 0, 2200, 0, 0, 'Supply', 'Aug', '2017'),
(41, '2017-03-16', '13:00:00', 100, 0, 0, 0, 2200, 0, 0, 'Supply', 'Mar', '2017'),
(42, '2017-04-02', '14:00:00', 100, 0, 0, 0, 2200, 0, 0, 'Supply', 'Apr', '2017'),
(43, '2017-11-06', '15:00:00', 100, 0, 0, 0, 2200, 0, 0, 'Supply', 'Nov', '2017'),
(44, '2017-03-23', '16:00:00', 100, 0, 0, 0, 2200, 0, 0, 'Supply', 'Mar', '2017'),
(45, '2017-07-23', '17:00:00', 100, 0, 0, 0, 2200, 0, 0, 'Supply', 'Jul', '2017'),
(46, '2017-07-25', '18:00:00', 100, 0, 0, 0, 2200, 0, 0, 'Supply', 'Jul', '2017'),
(47, '2017-08-22', '19:00:00', 100, 0, 0, 0, 2200, 0, 0, 'Supply', 'Aug', '2017'),
(48, '2017-10-18', '20:00:00', 100, 0, 0, 0, 2200, 0, 0, 'Supply', 'Oct', '2017'),
(49, '2017-10-08', '09:00:00', 100, 0, 0, 0, 2200, 0, 0, 'Supply', 'Oct', '2017'),
(50, '2017-06-30', '10:00:00', 100, 0, 0, 0, 2200, 0, 0, 'Supply', 'Jun', '2017'),
(140, '2018-02-14', '09:20:00', 100, 0, 0, 0, 2300, 0, 0, 'Supply', 'Feb', '2018'),
(141, '2018-03-09', '01:30:00', 100, 0, 0, 3394, 3394, 0, 0, 'Supply', 'Mar', '2018'),
(142, '2018-03-09', '01:36:00', 0, 0, 0, 3394, 3394, 0, 0, 'Laundry', 'Mar', '2018'),
(143, '2018-03-09', '01:36:00', 0, 0, 4, 3394, 3394, 0, 0, 'Delivered', 'Mar', '2018'),
(144, '2018-03-09', '04:21:00', 1000, 0, 0, 3394, 3394, 0, 0, 'Supply', 'Mar', '2018'),
(145, '2018-03-09', '04:24:00', 0, 0, 0, 3394, 3394, 0, 0, 'Laundry', 'Mar', '2018'),
(146, '2018-03-09', '04:25:00', 0, 0, 2, 3394, 3394, 0, 0, 'Delivered', 'Mar', '2018'),
(147, '2018-03-14', '05:06:00', 100, 0, 0, 3494, 3492, 2, 0, 'Supply', 'Mar', '2018'),
(148, '2018-03-15', '12:44:00', 100, 0, 0, -1999986433, 8576, -999999995, -999995014, 'Supply', 'Mar', '2018'),
(149, '2018-03-15', '11:27:00', 0, 0, 0, -1999986433, 8576, -999999995, -999995014, 'Laundry', 'Mar', '2018'),
(150, '2018-03-15', '11:27:00', 0, 0, 23, -1999986433, 8576, -999999995, -999995014, 'Delivered', 'Mar', '2018'),
(151, '2018-03-15', '04:52:00', 0, 0, 0, -1999986433, 8576, -999999995, -999995014, 'Laundry', 'Mar', '2018'),
(152, '2018-03-15', '04:53:00', 0, 0, 5000, -1999986433, 8576, -999999995, -999995014, 'Delivered', 'Mar', '2018');

-- --------------------------------------------------------

--
-- Table structure for table `traininglog`
--

CREATE TABLE `traininglog` (
  `TL_Code` int(8) NOT NULL,
  `COACH_ID` int(8) NOT NULL,
  `CLIENT_ID` int(8) NOT NULL,
  `TP_Code` int(8) NOT NULL,
  `TL_Expiry` date NOT NULL,
  `TL_RegDate` date NOT NULL,
  `month` varchar(11) NOT NULL,
  `year` char(4) NOT NULL,
  `TL_HealthConditions` text NOT NULL,
  `TL_ClientPerformance` text NOT NULL,
  `TL_TrainingStatus` text NOT NULL
) ENGINE=InnoDB DEFAULT CHARSET=latin1;

--
-- Dumping data for table `traininglog`
--

INSERT INTO `traininglog` (`TL_Code`, `COACH_ID`, `CLIENT_ID`, `TP_Code`, `TL_Expiry`, `TL_RegDate`, `month`, `year`, `TL_HealthConditions`, `TL_ClientPerformance`, `TL_TrainingStatus`) VALUES
(88, 23, 69, 10, '2018-02-18', '2018-02-11', 'Feb', '2018', '', 'Advance', 'On-Going'),
(89, 23, 72, 10, '2018-02-18', '2018-02-11', 'Feb', '2018', '', 'Advance', 'On-Going'),
(90, 23, 16, 10, '2018-02-19', '2018-02-12', 'Feb', '2018', 'Osteoporosis,Seizure,Anemia,', 'Beginner', 'On-Going'),
(91, 23, 1, 10, '2018-02-19', '2018-02-12', 'Feb', '2018', '', 'Advance', 'On-Going'),
(92, 23, 19, 10, '2018-02-20', '2018-02-13', 'Feb', '2018', '', 'Advance', 'On-Going'),
(93, 23, 8, 10, '2018-02-20', '2018-02-13', 'Feb', '2018', '', 'Advance', 'Completed'),
(94, 23, 20, 10, '2018-02-20', '2018-02-13', 'Feb', '2018', '', 'Advance', 'Completed'),
(95, 38, 50, 10, '2018-02-21', '2018-02-14', 'Feb', '2018', '', 'Advance', 'On-Going'),
(96, 38, 1, 10, '2017-02-01', '2017-01-01', 'Jan', '2017', 'Osteoporosis', 'Beginner', 'Completed'),
(97, 39, 2, 11, '2017-03-02', '2017-01-02', 'Jan', '2017', 'Osteoporosis', 'Beginner', 'Completed'),
(98, 40, 3, 12, '2017-04-03', '2017-01-03', 'Jan', '2017', '', 'Intermediate', 'Completed'),
(99, 41, 4, 13, '2017-08-04', '2017-01-04', 'Jan', '2017', '', 'Intermediate', 'Completed'),
(100, 42, 5, 14, '2017-05-05', '2017-01-05', 'Jan', '2017', '', 'Intermediate', 'Completed'),
(101, 43, 6, 15, '2017-05-05', '2017-01-06', 'Jan', '2017', '', 'Advance', 'Completed'),
(102, 44, 7, 16, '2017-12-07', '2017-01-07', 'Jan', '2017', '', 'Advance', 'Completed'),
(103, 45, 8, 17, '2017-11-08', '2017-01-08', 'Jan', '2017', 'Anemia', 'Beginner', 'Completed'),
(104, 46, 9, 10, '2017-03-09', '2017-01-09', 'Jan', '2017', 'Anemia', 'Beginner', 'Completed'),
(105, 47, 10, 11, '2017-03-10', '2017-01-10', 'Jan', '2017', 'Anemia', 'Beginner', 'Completed'),
(106, 48, 11, 12, '2017-08-20', '2017-02-20', 'Feb', '2017', 'Anemia', 'Beginner', 'Completed'),
(107, 49, 12, 13, '2017-07-21', '2017-02-21', 'Feb', '2017', '', 'Intermediate', 'Completed'),
(108, 50, 13, 14, '2017-06-22', '2017-02-22', 'Feb', '2017', '', 'Advance', 'Completed'),
(109, 38, 14, 15, '2018-02-23', '2017-02-23', 'Feb', '2017', '', 'Intermediate', 'On-Going'),
(110, 39, 15, 16, '2018-02-24', '2017-02-24', 'Feb', '2017', '', 'Advance', 'On-Going'),
(111, 40, 16, 17, '2018-02-25', '2017-02-25', 'Feb', '2017', '', 'Intermediate', 'On-Going'),
(112, 41, 17, 10, '2018-02-26', '2017-02-26', 'Feb', '2017', '', 'Advance', 'On-Going'),
(113, 42, 18, 11, '2018-02-27', '2017-02-27', 'Feb', '2017', '', 'Intermediate', 'On-Going'),
(114, 43, 19, 12, '2018-02-28', '2017-02-28', 'Feb', '2017', '', 'Advance', 'On-Going'),
(115, 44, 20, 13, '2018-03-01', '2017-03-01', 'Mar', '2017', '', 'Intermediate', 'On-Going'),
(116, 45, 21, 14, '2018-03-02', '2017-03-02', 'Mar', '2017', 'Seizure', 'Beginner', 'On-Going'),
(117, 46, 22, 15, '2018-03-03', '2017-03-03', 'Mar', '2017', 'Seizure', 'Beginner', 'On-Going'),
(118, 47, 23, 16, '2018-03-04', '2017-03-04', 'Mar', '2017', 'Seizure', 'Beginner', 'On-Going'),
(119, 48, 24, 17, '2018-03-05', '2017-03-05', 'Mar', '2017', 'Seizure', 'Beginner', 'On-Going'),
(120, 49, 25, 10, '2018-03-06', '2017-03-06', 'Mar', '2017', 'Seizure', 'Beginner', 'On-Going'),
(121, 50, 26, 11, '2018-03-07', '2017-03-07', 'Mar', '2017', 'Seizure', 'Beginner', 'On-Going'),
(122, 38, 27, 12, '2018-03-08', '2017-03-08', 'Mar', '2017', '', 'Advance', 'On-Going'),
(123, 39, 28, 13, '2018-03-09', '2017-03-09', 'Mar', '2017', '', 'Intermediate', 'On-Going'),
(124, 40, 29, 14, '2018-03-10', '2017-03-10', 'Mar', '2017', '', 'Advance', 'On-Going'),
(125, 41, 30, 15, '2018-03-11', '2017-03-11', 'Mar', '2017', '', 'Intermediate', 'On-Going'),
(126, 42, 31, 16, '2018-03-12', '2017-03-12', 'Mar', '2017', 'Anemia', 'Beginner', 'On-Going'),
(127, 43, 32, 17, '2018-03-13', '2017-04-12', 'Apr', '2017', 'Osteoporosis', 'Beginner', 'On-Going'),
(128, 44, 33, 10, '2018-03-14', '2017-04-13', 'Apr', '2017', '', 'Intermediate', 'On-Going'),
(129, 45, 34, 11, '2018-03-15', '2017-04-14', 'Apr', '2017', '', 'Advance', 'On-Going'),
(130, 46, 35, 12, '2018-03-16', '2017-04-15', 'Apr', '2017', '', 'Advance', 'On-Going'),
(131, 47, 36, 13, '2018-03-17', '2017-04-16', 'Apr', '2017', '', 'Advance', 'On-Going'),
(132, 48, 37, 14, '2017-12-01', '2017-04-17', 'Apr', '2017', 'Seizure', 'Beginner', 'Completed'),
(133, 49, 38, 15, '2017-12-02', '2017-04-18', 'Apr', '2017', '', 'Intermediate', 'Completed'),
(134, 50, 39, 16, '2017-12-03', '2017-04-19', 'Apr', '2017', '', 'Intermediate', 'Completed'),
(135, 38, 40, 17, '2017-12-04', '2017-04-20', 'Apr', '2017', '', 'Intermediate', 'Completed'),
(136, 39, 41, 10, '2017-12-05', '2017-04-21', 'Apr', '2017', '', 'Intermediate', 'Completed'),
(137, 40, 42, 11, '2017-12-06', '2017-05-21', 'May', '2017', '', 'Intermediate', 'Completed'),
(138, 41, 43, 12, '2017-12-07', '2017-05-22', 'May', '2017', '', 'Intermediate', 'Completed'),
(139, 42, 44, 13, '2017-12-08', '2017-05-23', 'May', '2017', 'Seizure', 'Beginner', 'Completed'),
(140, 43, 45, 14, '2017-12-09', '2017-05-24', 'May', '2017', '', 'Intermediate', 'Completed'),
(141, 44, 46, 15, '2017-12-10', '2017-05-25', 'May', '2017', '', 'Intermediate', 'Completed'),
(142, 45, 47, 16, '2017-12-11', '2017-05-26', 'May', '2017', '', 'Intermediate', 'Completed'),
(143, 46, 48, 17, '2017-12-12', '2017-06-26', 'Jun', '2017', '', 'Intermediate', 'Completed'),
(144, 47, 49, 10, '2017-12-13', '2017-06-27', 'Jun', '2017', '', 'Intermediate', 'Completed'),
(145, 48, 50, 11, '2017-12-14', '2017-06-28', 'Jun', '2017', 'Seizure', 'Beginner', 'Completed'),
(146, 49, 1, 12, '2017-12-15', '2017-06-29', 'Jun', '2017', '', 'Intermediate', 'Completed'),
(147, 50, 2, 13, '2017-12-16', '2017-06-30', 'Jun', '2017', '', 'Intermediate', 'Completed'),
(148, 38, 3, 14, '2017-12-17', '2017-07-01', 'Jul', '2017', '', 'Intermediate', 'Completed'),
(149, 39, 4, 15, '2017-12-18', '2017-07-02', 'Jul', '2017', 'Seizure', 'Beginner', 'Completed'),
(150, 40, 5, 16, '2017-12-19', '2017-07-03', 'Jul', '2017', '', 'Intermediate', 'Completed'),
(151, 41, 6, 17, '2017-12-20', '2017-07-04', 'Jul', '2017', '', 'Intermediate', 'Completed'),
(152, 42, 7, 15, '2017-12-21', '2017-07-05', 'Jul', '2017', 'Heart Disease,Acidity,Anemia,', 'Intermediate', 'Completed'),
(153, 43, 8, 16, '2017-12-22', '2017-08-05', 'Aug', '2017', '', 'Intermediate', 'Completed'),
(154, 44, 9, 17, '2017-12-23', '2017-08-06', 'Aug', '2017', 'Seizure', 'Beginner', 'Completed'),
(155, 45, 10, 10, '2017-12-24', '2017-08-07', 'Aug', '2017', '', 'Intermediate', 'Completed'),
(156, 46, 11, 11, '2017-12-25', '2017-08-08', 'Aug', '2017', '', 'Intermediate', 'Completed'),
(157, 47, 12, 12, '2017-12-26', '2017-08-09', 'Aug', '2017', 'Seizure', 'Beginner', 'Completed'),
(158, 48, 13, 13, '2017-12-27', '2017-08-10', 'Aug', '2017', '', 'Intermediate', 'Completed'),
(159, 49, 14, 14, '2017-12-28', '2017-08-11', 'Aug', '2017', '', 'Intermediate', 'Completed'),
(160, 50, 15, 15, '2017-12-29', '2017-08-12', 'Aug', '2017', '', 'Intermediate', 'Completed'),
(161, 38, 16, 16, '2017-12-30', '2017-08-13', 'Aug', '2017', '', 'Intermediate', 'Completed'),
(162, 39, 17, 17, '2017-12-31', '2017-09-13', 'Sep', '2017', 'Seizure', 'Beginner', 'Completed'),
(163, 40, 18, 10, '2018-01-01', '2017-09-14', 'Sep', '2017', '', 'Intermediate', 'Completed'),
(164, 41, 19, 11, '2018-01-02', '2017-09-15', 'Sep', '2017', '', 'Intermediate', 'Completed'),
(165, 42, 20, 12, '2018-01-03', '2017-09-16', 'Sep', '2017', '', 'Intermediate', 'Completed'),
(166, 43, 21, 13, '2018-01-04', '2017-09-17', 'Sep', '2017', '', 'Intermediate', 'Completed'),
(167, 44, 22, 14, '2018-01-05', '2017-09-18', 'Sep', '2017', '', 'Intermediate', 'Completed'),
(168, 45, 23, 15, '2018-01-06', '2017-09-19', 'Sep', '2017', 'Seizure', 'Beginner', 'Completed'),
(169, 46, 24, 16, '2018-01-07', '2017-09-20', 'Sep', '2017', '', 'Intermediate', 'Completed'),
(170, 47, 25, 17, '2018-01-08', '2017-09-21', 'Sep', '2017', 'Seizure', 'Beginner', 'Completed'),
(171, 48, 26, 10, '2018-01-09', '2017-09-22', 'Sep', '2017', '', 'Intermediate', 'Completed'),
(172, 49, 27, 11, '2018-01-10', '2017-09-22', 'Sep', '2017', '', 'Intermediate', 'Completed'),
(173, 50, 28, 12, '2018-01-11', '2017-10-22', 'Oct', '2017', '', 'Intermediate', 'Completed'),
(174, 38, 29, 13, '2018-01-12', '2017-10-23', 'Oct', '2017', '', 'Intermediate', 'Completed'),
(175, 39, 30, 14, '2018-01-13', '2017-10-24', 'Oct', '2017', '', 'Intermediate', 'Completed'),
(176, 40, 31, 15, '2018-01-14', '2017-10-25', 'Oct', '2017', 'Seizure', 'Beginner', 'Completed'),
(177, 41, 32, 16, '2018-01-15', '2017-10-26', 'Oct', '2017', '', 'Intermediate', 'Completed'),
(178, 42, 33, 17, '2018-01-16', '2017-10-27', 'Oct', '2017', '', 'Intermediate', 'Completed'),
(179, 43, 34, 10, '2018-01-17', '2017-10-28', 'Oct', '2017', '', 'Intermediate', 'Completed'),
(180, 44, 35, 11, '2018-01-18', '2017-10-29', 'Oct', '2017', '', 'Intermediate', 'Completed'),
(181, 45, 36, 12, '2018-01-19', '2017-10-30', 'Oct', '2017', '', 'Intermediate', 'Completed'),
(182, 46, 37, 13, '2018-01-01', '2017-11-30', 'Nov', '2017', '', 'Intermediate', 'Completed'),
(183, 47, 38, 14, '2018-01-02', '2017-12-01', 'Dec', '2017', 'Seizure', 'Beginner', 'Completed'),
(184, 48, 39, 15, '2018-01-03', '2017-12-02', 'Dec', '2017', '', 'Intermediate', 'Completed'),
(185, 49, 40, 16, '2018-01-04', '2017-12-03', 'Dec', '2017', '', 'Intermediate', 'Completed'),
(186, 50, 41, 17, '2018-01-05', '2017-12-04', 'Dec', '2017', '', 'Intermediate', 'Completed'),
(187, 38, 42, 10, '2018-01-06', '2017-12-05', 'Dec', '2017', '', 'Intermediate', 'Completed'),
(188, 39, 43, 11, '2018-01-07', '2017-11-05', 'Nov', '2017', '', 'Intermediate', 'Completed'),
(189, 40, 44, 12, '2018-01-08', '2017-11-06', 'Nov', '2017', '', 'Intermediate', 'Completed'),
(190, 41, 45, 13, '2018-01-09', '2017-11-07', 'Nov', '2017', 'Seizure', 'Beginner', 'Completed'),
(191, 42, 46, 14, '2018-01-10', '2017-11-08', 'Nov', '2017', '', 'Intermediate', 'Completed'),
(192, 43, 47, 15, '2018-01-11', '2017-11-09', 'Nov', '2017', '', 'Intermediate', 'Completed'),
(193, 44, 48, 16, '2018-01-12', '2017-11-10', 'Nov', '2017', '', 'Intermediate', 'Completed'),
(194, 45, 49, 17, '2018-01-13', '2017-11-11', 'Nov', '2017', '', 'Intermediate', 'Completed'),
(195, 46, 50, 12, '2018-01-14', '2017-11-12', 'Nov', '2017', '', 'Intermediate', 'Completed'),
(223, 42, 1, 13, '0000-00-00', '0000-00-00', 'Jan', '2017', 'Osteoporosis,Seizure,Anemia', 'Beginner', 'Complete'),
(224, 43, 2, 16, '0000-00-00', '0000-00-00', 'Jan', '2017', '', 'Intermediate', 'Complete'),
(225, 44, 3, 17, '0000-00-00', '0000-00-00', 'Jan', '2017', 'Anemia', 'Beginner', 'Complete'),
(226, 45, 4, 14, '0000-00-00', '0000-00-00', 'Jan', '2017', '', 'Intermediate', 'Complete'),
(227, 46, 5, 11, '0000-00-00', '0000-00-00', 'Jan', '2017', 'Osteoporosis', 'Beginner', 'Complete'),
(228, 47, 6, 15, '0000-00-00', '0000-00-00', 'Jan', '2017', 'Anemia', 'Beginner', 'Complete'),
(229, 48, 7, 10, '0000-00-00', '0000-00-00', 'Jan', '2017', 'Osteoporosis,Seizure,Anemia', 'Beginner', 'Complete'),
(230, 49, 8, 10, '0000-00-00', '0000-00-00', 'Jan', '2017', '', 'Intermediate', 'Complete'),
(231, 42, 9, 11, '0000-00-00', '0000-00-00', 'Jan', '2017', 'Anemia', 'Beginner', 'Complete'),
(232, 43, 10, 10, '0000-00-00', '0000-00-00', 'Jan', '2017', '', 'Intermediate', 'Complete'),
(233, 44, 11, 13, '0000-00-00', '0000-00-00', 'Feb', '2017', 'Osteoporosis', 'Beginner', 'Complete'),
(234, 45, 12, 17, '0000-00-00', '0000-00-00', 'Feb', '2017', 'Anemia', 'Beginner', 'Complete'),
(235, 46, 13, 16, '0000-00-00', '0000-00-00', 'Feb', '2017', 'Osteoporosis,Seizure,Anemia', 'Beginner', 'Complete'),
(236, 47, 14, 13, '0000-00-00', '0000-00-00', 'Feb', '2017', '', 'Intermediate', 'Complete'),
(237, 48, 15, 13, '0000-00-00', '0000-00-00', 'Feb', '2017', 'Anemia', 'Beginner', 'Complete'),
(238, 49, 16, 14, '0000-00-00', '0000-00-00', 'Feb', '2017', '', 'Intermediate', 'Complete'),
(239, 50, 17, 15, '0000-00-00', '0000-00-00', 'Feb', '2017', 'Osteoporosis', 'Beginner', 'Complete'),
(240, 51, 18, 15, '0000-00-00', '0000-00-00', 'Feb', '2017', 'Anemia', 'Beginner', 'Complete'),
(241, 42, 19, 12, '0000-00-00', '0000-00-00', 'Feb', '2017', 'Osteoporosis,Seizure,Anemia', 'Beginner', 'Complete'),
(242, 43, 20, 11, '0000-00-00', '0000-00-00', 'Feb', '2017', '', 'Intermediate', 'Complete'),
(243, 44, 21, 12, '0000-00-00', '0000-00-00', 'Feb', '2017', '', 'Advance', 'Complete'),
(244, 45, 22, 13, '0000-00-00', '0000-00-00', 'Feb', '2017', '', 'Intermediate', 'Complete'),
(245, 46, 23, 17, '0000-00-00', '0000-00-00', 'Feb', '2017', '', 'Advance', 'Complete'),
(246, 47, 24, 12, '0000-00-00', '0000-00-00', 'Mar', '2017', '', 'Intermediate', 'Complete'),
(247, 48, 25, 11, '0000-00-00', '0000-00-00', 'Mar', '2017', '', 'Advance', 'Complete'),
(248, 49, 26, 10, '0000-00-00', '0000-00-00', 'Mar', '2017', '', 'Intermediate', 'Complete'),
(249, 42, 27, 17, '0000-00-00', '0000-00-00', 'Mar', '2017', 'Osteoporosis,Seizure,Anemia', 'Beginner', 'Complete'),
(250, 43, 28, 12, '0000-00-00', '0000-00-00', 'Mar', '2017', '', 'Advance', 'Complete'),
(251, 44, 29, 12, '0000-00-00', '0000-00-00', 'Mar', '2017', 'Anemia', 'Beginner', 'Complete'),
(252, 45, 30, 13, '0000-00-00', '0000-00-00', 'Mar', '2017', '', 'Advance', 'Complete'),
(253, 46, 31, 17, '0000-00-00', '0000-00-00', 'Mar', '2017', 'Osteoporosis', 'Beginner', 'Complete'),
(254, 47, 32, 15, '0000-00-00', '0000-00-00', 'Mar', '2017', 'Anemia', 'Beginner', 'Complete'),
(255, 48, 33, 10, '0000-00-00', '0000-00-00', 'Mar', '2017', 'Osteoporosis,Seizure,Anemia', 'Beginner', 'Complete'),
(256, 49, 34, 11, '0000-00-00', '0000-00-00', 'Mar', '2017', '', 'Advance', 'Complete'),
(257, 50, 35, 14, '0000-00-00', '0000-00-00', 'Mar', '2017', 'Anemia', 'Beginner', 'Complete'),
(258, 51, 36, 17, '0000-00-00', '0000-00-00', 'Mar', '2017', '', 'Intermediate', 'Complete'),
(259, 42, 37, 14, '0000-00-00', '0000-00-00', 'Mar', '2017', 'Osteoporosis', 'Beginner', 'Complete'),
(260, 43, 38, 10, '0000-00-00', '0000-00-00', 'Apr', '2017', 'Anemia', 'Beginner', 'Complete'),
(261, 44, 39, 13, '0000-00-00', '0000-00-00', 'Apr', '2017', 'Osteoporosis,Seizure,Anemia', 'Beginner', 'Complete'),
(262, 45, 40, 17, '0000-00-00', '0000-00-00', 'Apr', '2017', '', 'Intermediate', 'Complete'),
(263, 46, 41, 13, '0000-00-00', '0000-00-00', 'Apr', '2017', 'Anemia', 'Beginner', 'Complete'),
(264, 47, 42, 15, '0000-00-00', '0000-00-00', 'Apr', '2017', '', 'Intermediate', 'Complete'),
(265, 48, 43, 17, '0000-00-00', '0000-00-00', 'Apr', '2017', 'Osteoporosis', 'Beginner', 'Complete'),
(266, 49, 44, 10, '0000-00-00', '0000-00-00', 'Apr', '2017', 'Anemia', 'Beginner', 'Complete'),
(267, 42, 45, 16, '0000-00-00', '0000-00-00', 'Apr', '2017', 'Osteoporosis,Seizure,Anemia', 'Beginner', 'Complete'),
(268, 43, 46, 13, '0000-00-00', '0000-00-00', 'Apr', '2017', '', 'Intermediate', 'Complete'),
(269, 44, 47, 17, '0000-00-00', '0000-00-00', 'Apr', '2017', '', 'Advance', 'Complete'),
(270, 45, 48, 13, '0000-00-00', '0000-00-00', 'Apr', '2017', '', 'Intermediate', 'Complete'),
(271, 46, 49, 16, '0000-00-00', '0000-00-00', 'Apr', '2017', '', 'Advance', 'Complete'),
(272, 47, 50, 11, '0000-00-00', '0000-00-00', 'Apr', '2017', '', 'Intermediate', 'Complete'),
(273, 48, 84, 10, '0000-00-00', '0000-00-00', 'May', '2017', '', 'Advance', 'Complete'),
(274, 49, 85, 12, '0000-00-00', '0000-00-00', 'May', '2017', '', 'Intermediate', 'Complete'),
(275, 50, 86, 14, '0000-00-00', '0000-00-00', 'May', '2017', 'Osteoporosis,Seizure,Anemia', 'Beginner', 'Complete'),
(276, 51, 87, 17, '0000-00-00', '0000-00-00', 'May', '2017', '', 'Advance', 'Complete'),
(277, 42, 88, 14, '0000-00-00', '0000-00-00', 'May', '2017', 'Anemia', 'Beginner', 'Complete'),
(278, 43, 89, 12, '0000-00-00', '0000-00-00', 'May', '2017', '', 'Advance', 'Complete'),
(279, 44, 90, 14, '0000-00-00', '0000-00-00', 'May', '2017', 'Osteoporosis', 'Beginner', 'Complete'),
(280, 45, 91, 12, '0000-00-00', '0000-00-00', 'May', '2017', 'Anemia', 'Beginner', 'Complete'),
(281, 46, 92, 14, '0000-00-00', '0000-00-00', 'May', '2017', 'Osteoporosis,Seizure,Anemia', 'Beginner', 'Complete'),
(282, 47, 93, 15, '0000-00-00', '0000-00-00', 'May', '2017', '', 'Advance', 'Complete'),
(283, 48, 94, 10, '0000-00-00', '0000-00-00', 'May', '2017', 'Anemia', 'Beginner', 'Complete'),
(284, 49, 95, 15, '0000-00-00', '0000-00-00', 'May', '2017', '', 'Advance', 'Complete'),
(285, 42, 96, 11, '0000-00-00', '0000-00-00', 'May', '2017', 'Osteoporosis', 'Beginner', 'Complete'),
(286, 43, 97, 14, '0000-00-00', '0000-00-00', 'May', '2017', 'Anemia', 'Beginner', 'Complete'),
(287, 44, 98, 13, '0000-00-00', '0000-00-00', 'May', '2017', 'Osteoporosis,Seizure,Anemia', 'Beginner', 'Complete'),
(288, 45, 99, 11, '0000-00-00', '0000-00-00', 'May', '2017', '', 'Advance', 'Complete'),
(289, 46, 100, 12, '0000-00-00', '0000-00-00', 'Jun', '2017', 'Anemia', 'Beginner', 'Complete'),
(290, 47, 101, 17, '0000-00-00', '0000-00-00', 'Jun', '2017', '', 'Advance', 'Complete'),
(291, 48, 102, 16, '0000-00-00', '0000-00-00', 'Jun', '2017', 'Osteoporosis', 'Beginner', 'Complete'),
(292, 49, 103, 13, '0000-00-00', '0000-00-00', 'Jun', '2017', 'Anemia', 'Beginner', 'Complete'),
(293, 50, 104, 16, '0000-00-00', '0000-00-00', 'Jun', '2017', 'Osteoporosis,Seizure,Anemia', 'Beginner', 'Complete'),
(294, 51, 105, 11, '0000-00-00', '0000-00-00', 'Jun', '2017', '', 'Advance', 'Complete'),
(295, 42, 106, 12, '0000-00-00', '0000-00-00', 'Jun', '2017', '', 'Advance', 'Complete'),
(296, 43, 107, 10, '0000-00-00', '0000-00-00', 'Jun', '2017', 'Osteoporosis,Seizure,Anemia', 'Beginner', 'Complete'),
(297, 44, 108, 15, '0000-00-00', '0000-00-00', 'Jun', '2017', '', 'Intermediate', 'Complete'),
(298, 45, 109, 11, '0000-00-00', '0000-00-00', 'Jul', '2017', 'Anemia', 'Beginner', 'Complete'),
(299, 46, 110, 15, '0000-00-00', '0000-00-00', 'Jul', '2017', '', 'Intermediate', 'Complete'),
(300, 47, 111, 10, '0000-00-00', '0000-00-00', 'Jul', '2017', 'Osteoporosis', 'Beginner', 'Complete'),
(301, 48, 112, 16, '0000-00-00', '0000-00-00', 'Jul', '2017', 'Anemia', 'Beginner', 'Completed'),
(302, 49, 113, 12, '0000-00-00', '0000-00-00', 'Jul', '2017', 'Osteoporosis,Seizure,Anemia', 'Beginner', 'Complete'),
(303, 42, 114, 11, '0000-00-00', '0000-00-00', 'Jul', '2017', '', 'Intermediate', 'Complete'),
(304, 43, 115, 16, '0000-00-00', '0000-00-00', 'Jul', '2017', 'Anemia', 'Beginner', 'Complete'),
(305, 44, 116, 16, '0000-00-00', '0000-00-00', 'Jul', '2017', '', 'Intermediate', 'Complete'),
(306, 45, 117, 15, '0000-00-00', '0000-00-00', 'Jul', '2017', 'Osteoporosis', 'Beginner', 'Complete'),
(307, 46, 118, 11, '0000-00-00', '0000-00-00', 'Jul', '2017', 'Anemia', 'Beginner', 'Complete'),
(308, 47, 119, 16, '0000-00-00', '0000-00-00', 'Aug', '2017', 'Osteoporosis,Seizure,Anemia', 'Beginner', 'Complete'),
(309, 48, 120, 15, '0000-00-00', '0000-00-00', 'Aug', '2017', '', 'Intermediate', 'Complete'),
(310, 49, 121, 17, '0000-00-00', '0000-00-00', 'Aug', '2017', 'Anemia', 'Beginner', 'Complete'),
(311, 50, 122, 13, '0000-00-00', '0000-00-00', 'Aug', '2017', '', 'Intermediate', 'Complete'),
(312, 51, 123, 10, '0000-00-00', '0000-00-00', 'Aug', '2017', 'Osteoporosis', 'Beginner', 'Complete'),
(313, 42, 124, 17, '0000-00-00', '0000-00-00', 'Aug', '2017', 'Anemia', 'Beginner', 'Complete'),
(314, 43, 125, 11, '0000-00-00', '0000-00-00', 'Aug', '2017', 'Osteoporosis,Seizure,Anemia', 'Beginner', 'Complete'),
(315, 44, 126, 11, '0000-00-00', '0000-00-00', 'Aug', '2017', '', 'Intermediate', 'Complete'),
(316, 45, 127, 12, '0000-00-00', '0000-00-00', 'Aug', '2017', '', 'Advance', 'Complete'),
(317, 46, 128, 12, '0000-00-00', '0000-00-00', 'Sep', '2017', '', 'Advance', 'Complete'),
(318, 47, 129, 14, '0000-00-00', '0000-00-00', 'Sep', '2017', 'Osteoporosis,Seizure,Anemia', 'Beginner', 'Complete'),
(319, 48, 130, 10, '0000-00-00', '0000-00-00', 'Sep', '2017', '', 'Advance', 'Complete'),
(320, 49, 131, 12, '0000-00-00', '0000-00-00', 'Sep', '2017', 'Anemia', 'Beginner', 'Complete'),
(321, 42, 132, 16, '0000-00-00', '0000-00-00', 'Sep', '2017', '', 'Intermediate', 'Complete'),
(322, 43, 133, 12, '0000-00-00', '0000-00-00', 'Sep', '2017', 'Osteoporosis', 'Beginner', 'Complete'),
(323, 44, 134, 12, '0000-00-00', '0000-00-00', 'Sep', '2017', 'Anemia', 'Beginner', 'Complete'),
(324, 45, 135, 15, '0000-00-00', '0000-00-00', 'Sep', '2017', 'Osteoporosis,Seizure,Anemia', 'Beginner', 'Complete'),
(325, 46, 136, 13, '0000-00-00', '0000-00-00', 'Sep', '2017', '', 'Intermediate', 'Complete'),
(326, 47, 137, 11, '0000-00-00', '0000-00-00', 'Sep', '2017', 'Anemia', 'Beginner', 'Complete'),
(327, 48, 138, 10, '0000-00-00', '0000-00-00', 'Oct', '2017', '', 'Intermediate', 'Complete'),
(328, 49, 139, 14, '0000-00-00', '0000-00-00', 'Oct', '2017', 'Osteoporosis', 'Beginner', 'Complete'),
(329, 50, 140, 10, '0000-00-00', '0000-00-00', 'Oct', '2017', 'Anemia', 'Beginner', 'Complete'),
(330, 51, 141, 15, '0000-00-00', '0000-00-00', 'Oct', '2017', 'Osteoporosis,Seizure,Anemia', 'Beginner', 'Complete'),
(331, 42, 142, 17, '0000-00-00', '0000-00-00', 'Oct', '2017', '', 'Intermediate', 'Complete'),
(332, 43, 143, 17, '0000-00-00', '0000-00-00', 'Oct', '2017', 'Anemia', 'Beginner', 'Complete'),
(333, 44, 144, 11, '0000-00-00', '0000-00-00', 'Oct', '2017', '', 'Intermediate', 'Complete'),
(334, 45, 145, 10, '0000-00-00', '0000-00-00', 'Oct', '2017', 'Osteoporosis', 'Beginner', 'Complete'),
(335, 46, 146, 14, '0000-00-00', '0000-00-00', 'Oct', '2017', 'Anemia', 'Beginner', 'Complete'),
(336, 47, 147, 17, '0000-00-00', '0000-00-00', 'Oct', '2017', 'Osteoporosis,Seizure,Anemia', 'Beginner', 'Complete'),
(337, 48, 148, 12, '0000-00-00', '0000-00-00', 'Oct', '2017', '', 'Advance', 'Complete'),
(338, 49, 149, 13, '0000-00-00', '0000-00-00', 'Oct', '2017', '', 'Advance', 'Complete'),
(339, 42, 150, 15, '0000-00-00', '0000-00-00', 'Oct', '2017', '', 'Intermediate', 'Complete'),
(340, 43, 151, 16, '0000-00-00', '0000-00-00', 'Oct', '2017', '', 'Intermediate', 'Complete'),
(341, 44, 152, 15, '0000-00-00', '0000-00-00', 'Nov', '2017', '', 'Advance', 'Complete'),
(342, 45, 153, 13, '0000-00-00', '0000-00-00', 'Nov', '2017', '', 'Intermediate', 'Complete'),
(343, 46, 154, 10, '0000-00-00', '0000-00-00', 'Nov', '2017', '', 'Advance', 'Complete'),
(344, 47, 155, 13, '0000-00-00', '0000-00-00', 'Nov', '2017', '', 'Advance', 'Complete'),
(345, 48, 156, 14, '0000-00-00', '0000-00-00', 'Nov', '2017', '', 'Intermediate', 'Complete'),
(346, 49, 157, 16, '0000-00-00', '0000-00-00', 'Nov', '2017', '', 'Intermediate', 'Complete'),
(347, 50, 158, 17, '0000-00-00', '0000-00-00', 'Nov', '2017', '', 'Advance', 'Complete'),
(348, 51, 159, 14, '0000-00-00', '0000-00-00', 'Nov', '2017', '', 'Intermediate', 'Complete'),
(349, 42, 160, 11, '0000-00-00', '0000-00-00', 'Nov', '2017', '', 'Advance', 'Complete'),
(350, 43, 161, 14, '0000-00-00', '0000-00-00', 'Nov', '2017', '', 'Advance', 'Complete'),
(351, 44, 162, 16, '0000-00-00', '0000-00-00', 'Nov', '2017', '', 'Intermediate', 'Complete'),
(352, 45, 163, 10, '0000-00-00', '0000-00-00', 'Nov', '2017', '', 'Intermediate', 'Complete'),
(353, 46, 164, 16, '0000-00-00', '0000-00-00', 'Dec', '2017', '', 'Advance', 'Complete'),
(354, 47, 165, 11, '0000-00-00', '0000-00-00', 'Dec', '2017', '', 'Intermediate', 'Complete'),
(355, 48, 166, 15, '0000-00-00', '0000-00-00', 'Dec', '2017', 'Osteoporosis,Seizure,Anemia', 'Beginner', 'Complete'),
(356, 49, 167, 10, '0000-00-00', '0000-00-00', 'Dec', '2017', '', 'Intermediate', 'Complete'),
(357, 42, 168, 16, '0000-00-00', '0000-00-00', 'Dec', '2017', 'Anemia', 'Beginner', 'Complete'),
(358, 43, 169, 16, '0000-00-00', '0000-00-00', 'Dec', '2017', '', 'Intermediate', 'Complete'),
(359, 44, 170, 17, '0000-00-00', '0000-00-00', 'Dec', '2017', 'Osteoporosis', 'Beginner', 'Complete'),
(360, 45, 171, 12, '0000-00-00', '0000-00-00', 'Dec', '2017', 'Anemia', 'Beginner', 'Complete'),
(361, 46, 172, 17, '0000-00-00', '0000-00-00', 'Dec', '2017', 'Osteoporosis,Seizure,Anemia', 'Beginner', 'Complete'),
(362, 47, 173, 11, '0000-00-00', '0000-00-00', 'Dec', '2017', '', 'Intermediate', 'Complete'),
(363, 48, 174, 14, '0000-00-00', '0000-00-00', 'Dec', '2017', 'Anemia', 'Beginner', 'Complete'),
(364, 49, 175, 17, '0000-00-00', '0000-00-00', 'Dec', '2017', '', 'Intermediate', 'Complete'),
(365, 50, 176, 17, '0000-00-00', '0000-00-00', 'Dec', '2017', 'Osteoporosis', 'Beginner', 'Complete'),
(366, 51, 177, 10, '0000-00-00', '0000-00-00', 'Dec', '2017', 'Anemia', 'Beginner', 'Complete'),
(367, 42, 178, 10, '0000-00-00', '0000-00-00', 'Dec', '2017', 'Osteoporosis,Seizure,Anemia', 'Beginner', 'Complete'),
(368, 43, 179, 15, '0000-00-00', '0000-00-00', 'Dec', '2017', '', 'Intermediate', 'Complete'),
(369, 44, 180, 17, '0000-00-00', '0000-00-00', 'Dec', '2017', 'Anemia', 'Beginner', 'Complete'),
(370, 45, 181, 14, '0000-00-00', '0000-00-00', 'Dec', '2017', '', 'Intermediate', 'Complete'),
(371, 46, 182, 17, '0000-00-00', '0000-00-00', 'Dec', '2017', 'Osteoporosis', 'Beginner', 'Complete'),
(372, 47, 183, 15, '0000-00-00', '0000-00-00', 'Dec', '2017', 'Anemia', 'Beginner', 'Complete'),
(373, 48, 184, 10, '0000-00-00', '0000-00-00', 'Dec', '2017', 'Osteoporosis,Seizure,Anemia', 'Beginner', 'Complete'),
(374, 49, 185, 10, '0000-00-00', '0000-00-00', 'Dec', '2017', '', 'Advance', 'Complete'),
(375, 42, 186, 15, '0000-00-00', '0000-00-00', 'Dec', '2017', '', 'Advance', 'Complete'),
(376, 43, 187, 11, '0000-00-00', '0000-00-00', 'Jan', '2018', '', 'Advance', 'Complete'),
(377, 44, 188, 12, '0000-00-00', '0000-00-00', 'Jan', '2018', 'Osteoporosis,Seizure,Anemia', 'Beginner', 'Complete'),
(378, 45, 189, 14, '0000-00-00', '0000-00-00', 'Jan', '2018', '', 'Intermediate', 'Complete'),
(379, 46, 190, 13, '0000-00-00', '0000-00-00', 'Jan', '2018', 'Anemia', 'Beginner', 'Complete'),
(380, 47, 191, 15, '0000-00-00', '0000-00-00', 'Jan', '2018', '', 'Intermediate', 'Complete'),
(381, 48, 192, 14, '0000-00-00', '0000-00-00', 'Jan', '2018', 'Osteoporosis', 'Beginner', 'Complete'),
(382, 49, 193, 13, '0000-00-00', '0000-00-00', 'Jan', '2018', 'Anemia', 'Beginner', 'Complete'),
(383, 50, 194, 14, '0000-00-00', '0000-00-00', 'Jan', '2018', 'Osteoporosis,Seizure,Anemia', 'Beginner', 'Complete'),
(384, 51, 195, 12, '0000-00-00', '0000-00-00', 'Jan', '2018', '', 'Intermediate', 'Complete'),
(385, 42, 196, 15, '0000-00-00', '0000-00-00', 'Jan', '2018', 'Anemia', 'Beginner', 'Complete'),
(386, 43, 197, 13, '0000-00-00', '0000-00-00', 'Jan', '2018', '', 'Intermediate', 'Complete'),
(387, 44, 198, 17, '0000-00-00', '0000-00-00', 'Jan', '2018', 'Osteoporosis', 'Beginner', 'Complete'),
(388, 45, 199, 13, '0000-00-00', '0000-00-00', 'Jan', '2018', 'Anemia', 'Beginner', 'Complete'),
(389, 46, 200, 13, '0000-00-00', '0000-00-00', 'Jan', '2018', 'Osteoporosis,Seizure,Anemia', 'Beginner', 'Complete'),
(390, 47, 201, 17, '0000-00-00', '0000-00-00', 'Jan', '2018', '', 'Intermediate', 'Complete'),
(391, 48, 202, 14, '0000-00-00', '0000-00-00', 'Jan', '2018', 'Anemia', 'Beginner', 'Complete'),
(392, 49, 203, 15, '0000-00-00', '0000-00-00', 'Jan', '2018', '', 'Intermediate', 'Complete'),
(393, 42, 204, 14, '0000-00-00', '0000-00-00', 'Jan', '2018', 'Osteoporosis', 'Beginner', 'Complete'),
(394, 43, 205, 12, '0000-00-00', '0000-00-00', 'Jan', '2018', 'Anemia', 'Beginner', 'Complete'),
(395, 44, 206, 17, '0000-00-00', '0000-00-00', 'Jan', '2018', 'Osteoporosis,Seizure,Anemia', 'Beginner', 'Complete'),
(396, 45, 207, 11, '0000-00-00', '0000-00-00', 'Jan', '2018', '', 'Intermediate', 'Complete'),
(397, 46, 208, 17, '0000-00-00', '0000-00-00', 'Jan', '2018', '', 'Advance', 'Complete'),
(398, 47, 209, 17, '0000-00-00', '0000-00-00', 'Jan', '2018', '', 'Intermediate', 'Complete'),
(399, 48, 210, 10, '0000-00-00', '0000-00-00', 'Jan', '2018', 'Osteoporosis,Seizure,Anemia', 'Beginner', 'Complete'),
(400, 49, 211, 16, '0000-00-00', '0000-00-00', 'Jan', '2018', '', 'Intermediate', 'Complete'),
(401, 50, 212, 11, '0000-00-00', '0000-00-00', 'Jan', '2018', 'Anemia', 'Beginner', 'Complete'),
(402, 51, 213, 13, '0000-00-00', '0000-00-00', 'Jan', '2018', '', 'Intermediate', 'Complete'),
(403, 42, 214, 13, '0000-00-00', '0000-00-00', 'Jan', '2018', 'Osteoporosis', 'Beginner', 'Complete'),
(404, 43, 215, 13, '0000-00-00', '0000-00-00', 'Jan', '2018', 'Anemia', 'Beginner', 'Complete'),
(405, 44, 216, 14, '0000-00-00', '0000-00-00', 'Jan', '2018', 'Osteoporosis,Seizure,Anemia', 'Beginner', 'Complete'),
(406, 45, 217, 14, '0000-00-00', '0000-00-00', 'Jan', '2018', '', 'Intermediate', 'Complete'),
(407, 46, 218, 14, '0000-00-00', '0000-00-00', 'Jan', '2018', 'Anemia', 'Beginner', 'Complete'),
(408, 47, 219, 17, '0000-00-00', '0000-00-00', 'Jan', '2018', '', 'Intermediate', 'Complete'),
(409, 48, 220, 12, '0000-00-00', '0000-00-00', 'Jan', '2018', 'Osteoporosis', 'Beginner', 'Complete'),
(410, 49, 221, 16, '0000-00-00', '0000-00-00', 'Jan', '2018', 'Anemia', 'Beginner', 'Complete'),
(411, 42, 222, 11, '0000-00-00', '0000-00-00', 'Jan', '2018', 'Osteoporosis,Seizure,Anemia', 'Beginner', 'Complete'),
(412, 43, 223, 14, '0000-00-00', '0000-00-00', 'Jan', '2018', '', 'Intermediate', 'Complete'),
(413, 44, 224, 10, '0000-00-00', '0000-00-00', 'Jan', '2018', 'Anemia', 'Beginner', 'Complete'),
(414, 45, 225, 17, '0000-00-00', '0000-00-00', 'Jan', '2018', '', 'Intermediate', 'Complete'),
(415, 46, 226, 10, '0000-00-00', '0000-00-00', 'Jan', '2018', 'Osteoporosis', 'Beginner', 'Complete'),
(416, 47, 227, 17, '0000-00-00', '0000-00-00', 'Jan', '2018', 'Anemia', 'Beginner', 'Complete'),
(417, 48, 228, 10, '0000-00-00', '0000-00-00', 'Jan', '2018', 'Osteoporosis,Seizure,Anemia', 'Beginner', 'Complete'),
(418, 49, 229, 10, '0000-00-00', '0000-00-00', 'Jan', '2018', '', 'Intermediate', 'Complete'),
(419, 50, 230, 11, '0000-00-00', '0000-00-00', 'Jan', '2018', '', 'Intermediate', 'Complete'),
(420, 51, 231, 11, '0000-00-00', '0000-00-00', 'Jan', '2018', '', 'Advance', 'Complete'),
(421, 42, 232, 14, '0000-00-00', '0000-00-00', 'Jan', '2018', '', 'Intermediate', 'Complete'),
(422, 43, 233, 12, '0000-00-00', '0000-00-00', 'Jan', '2018', '', 'Intermediate', 'Complete'),
(423, 44, 234, 15, '0000-00-00', '0000-00-00', 'Jan', '2018', '', 'Intermediate', 'Complete'),
(424, 45, 235, 14, '0000-00-00', '0000-00-00', 'Jan', '2018', '', 'Advance', 'Complete'),
(425, 46, 236, 17, '0000-00-00', '0000-00-00', 'Jan', '2018', '', 'Intermediate', 'Complete'),
(426, 47, 237, 15, '0000-00-00', '0000-00-00', 'Jan', '2018', '', 'Intermediate', 'Complete'),
(427, 48, 238, 13, '0000-00-00', '0000-00-00', 'Jan', '2018', '', 'Intermediate', 'Complete'),
(428, 49, 239, 11, '0000-00-00', '0000-00-00', 'Jan', '2018', '', 'Advance', 'Complete'),
(429, 42, 240, 15, '0000-00-00', '0000-00-00', 'Jan', '2018', '', 'Intermediate', 'Complete'),
(430, 43, 241, 16, '0000-00-00', '0000-00-00', 'Jan', '2018', '', 'Intermediate', 'Complete'),
(431, 44, 242, 17, '0000-00-00', '0000-00-00', 'Jan', '2018', '', 'Intermediate', 'Complete'),
(432, 45, 243, 11, '0000-00-00', '0000-00-00', 'Jan', '2018', '', 'Advance', 'Complete'),
(433, 46, 244, 15, '0000-00-00', '0000-00-00', 'Jan', '2018', '', 'Intermediate', 'Complete'),
(434, 47, 245, 15, '0000-00-00', '0000-00-00', 'Jan', '2018', '', 'Intermediate', 'Complete'),
(435, 48, 246, 10, '0000-00-00', '0000-00-00', 'Jan', '2018', '', 'Intermediate', 'Complete'),
(436, 49, 247, 10, '0000-00-00', '0000-00-00', 'Jan', '2018', '', 'Advance', 'Complete'),
(437, 50, 248, 14, '0000-00-00', '0000-00-00', 'Feb', '2018', '', 'Intermediate', 'Complete'),
(438, 51, 249, 11, '0000-00-00', '0000-00-00', 'Feb', '2018', 'Osteoporosis,Seizure,Anemia', 'Beginner', 'Complete'),
(439, 42, 250, 11, '0000-00-00', '0000-00-00', 'Feb', '2018', '', 'Intermediate', 'Complete'),
(440, 43, 251, 17, '0000-00-00', '0000-00-00', 'Feb', '2018', 'Anemia', 'Beginner', 'Complete'),
(441, 44, 252, 16, '0000-00-00', '0000-00-00', 'Feb', '2018', '', 'Intermediate', 'Complete'),
(442, 45, 253, 12, '0000-00-00', '0000-00-00', 'Feb', '2018', 'Osteoporosis', 'Beginner', 'Complete'),
(443, 46, 254, 15, '0000-00-00', '0000-00-00', 'Feb', '2018', 'Anemia', 'Beginner', 'Complete'),
(444, 47, 255, 16, '0000-00-00', '0000-00-00', 'Feb', '2018', 'Osteoporosis,Seizure,Anemia', 'Beginner', 'Complete'),
(445, 48, 256, 17, '0000-00-00', '0000-00-00', 'Feb', '2018', '', 'Intermediate', 'Complete'),
(446, 49, 257, 11, '0000-00-00', '0000-00-00', 'Feb', '2018', 'Anemia', 'Beginner', 'Complete'),
(447, 42, 258, 10, '0000-00-00', '0000-00-00', 'Feb', '2018', '', 'Intermediate', 'Complete'),
(448, 43, 259, 11, '0000-00-00', '0000-00-00', 'Feb', '2018', 'Osteoporosis', 'Beginner', 'Complete'),
(449, 44, 260, 15, '0000-00-00', '0000-00-00', 'Feb', '2018', 'Anemia', 'Beginner', 'Complete'),
(450, 45, 261, 12, '0000-00-00', '0000-00-00', 'Mar', '2018', 'Osteoporosis,Seizure,Anemia', 'Beginner', 'Complete'),
(451, 46, 262, 14, '0000-00-00', '0000-00-00', 'Mar', '2018', '', 'Intermediate', 'Complete'),
(452, 47, 263, 10, '0000-00-00', '0000-00-00', 'Mar', '2018', 'Anemia', 'Beginner', 'Complete'),
(453, 48, 264, 17, '0000-00-00', '0000-00-00', 'Mar', '2018', '', 'Intermediate', 'Complete'),
(454, 49, 265, 16, '0000-00-00', '0000-00-00', 'Mar', '2018', 'Osteoporosis', 'Beginner', 'Complete'),
(455, 50, 266, 10, '0000-00-00', '0000-00-00', 'Mar', '2018', 'Anemia', 'Beginner', 'Complete'),
(456, 51, 267, 17, '0000-00-00', '0000-00-00', 'Mar', '2018', 'Osteoporosis,Seizure,Anemia', 'Beginner', 'Complete'),
(457, 42, 268, 13, '0000-00-00', '0000-00-00', 'Mar', '2018', '', 'Advance', 'On-Going'),
(458, 43, 269, 10, '0000-00-00', '0000-00-00', 'Mar', '2018', '', 'Intermediate', 'On-Going'),
(459, 44, 270, 12, '0000-00-00', '0000-00-00', 'Mar', '2018', '', 'Intermediate', 'On-Going'),
(460, 45, 271, 15, '0000-00-00', '0000-00-00', 'Mar', '2018', '', 'Intermediate', 'On-Going'),
(461, 46, 272, 14, '0000-00-00', '0000-00-00', 'Mar', '2018', 'Osteoporosis,Seizure,Anemia', 'Beginner', 'On-Going'),
(462, 47, 273, 10, '0000-00-00', '0000-00-00', 'Mar', '2018', '', 'Intermediate', 'On-Going'),
(463, 48, 274, 16, '0000-00-00', '0000-00-00', 'Mar', '2018', 'Anemia', 'Beginner', 'On-Going'),
(464, 49, 275, 16, '0000-00-00', '0000-00-00', 'Mar', '2018', '', 'Intermediate', 'On-Going'),
(465, 42, 276, 14, '0000-00-00', '0000-00-00', 'Mar', '2018', 'Osteoporosis', 'Beginner', 'On-Going'),
(466, 43, 277, 14, '0000-00-00', '0000-00-00', 'Mar', '2018', 'Anemia', 'Beginner', 'On-Going'),
(467, 44, 278, 11, '0000-00-00', '0000-00-00', 'Mar', '2018', 'Osteoporosis,Seizure,Anemia', 'Beginner', 'On-Going'),
(468, 45, 279, 16, '0000-00-00', '0000-00-00', 'Mar', '2018', '', 'Intermediate', 'On-Going'),
(469, 46, 280, 17, '0000-00-00', '0000-00-00', 'Mar', '2018', 'Anemia', 'Beginner', 'On-Going'),
(470, 47, 281, 12, '0000-00-00', '0000-00-00', 'Mar', '2018', '', 'Intermediate', 'On-Going'),
(471, 48, 282, 17, '0000-00-00', '0000-00-00', 'Mar', '2018', 'Osteoporosis', 'Beginner', 'On-Going'),
(472, 49, 283, 12, '0000-00-00', '0000-00-00', 'Mar', '2018', 'Anemia', 'Beginner', 'On-Going'),
(734, 38, 339, 10, '2018-03-16', '2018-03-09', 'Mar', '2018', '', '', 'On-Going'),
(735, 38, 340, 10, '2018-03-21', '2018-03-14', 'Mar', '2018', '', '', 'On-Going'),
(736, 38, 341, 10, '2018-03-21', '2018-03-14', 'Mar', '2018', 'Acidity,Diabetes,Sclerosis,', 'Intermediate', 'Completed'),
(737, 38, 342, 10, '2018-03-21', '2018-03-14', 'Mar', '2018', '', '', 'On-Going'),
(738, 38, 343, 10, '2018-03-21', '2018-03-14', 'Mar', '2018', '', '', 'On-Going'),
(739, 38, 344, 10, '2018-03-21', '2018-03-14', 'Mar', '2018', '', '', 'On-Going'),
(740, 38, 349, 10, '2018-03-25', '2018-03-18', 'Mar', '2018', '', '', 'On-Going'),
(741, 38, 350, 10, '2018-03-25', '2018-03-18', 'Mar', '2018', 'Acidity,Paralysis,', 'Intermediate', 'Completed');

-- --------------------------------------------------------

--
-- Table structure for table `traininglogsession`
--

CREATE TABLE `traininglogsession` (
  `TLS_Code` int(8) NOT NULL,
  `TL_Code` int(11) NOT NULL,
  `TLS_Date` date NOT NULL,
  `TLS_StartTime` time(4) NOT NULL,
  `TLS_EndTime` time(4) NOT NULL,
  `TLS_Exercise` varchar(15) NOT NULL,
  `TLS_Sets` int(2) NOT NULL,
  `TLS_Reps` int(2) NOT NULL,
  `month` text NOT NULL,
  `year` int(4) NOT NULL
) ENGINE=InnoDB DEFAULT CHARSET=latin1;

--
-- Dumping data for table `traininglogsession`
--

INSERT INTO `traininglogsession` (`TLS_Code`, `TL_Code`, `TLS_Date`, `TLS_StartTime`, `TLS_EndTime`, `TLS_Exercise`, `TLS_Sets`, `TLS_Reps`, `month`, `year`) VALUES
(118, 88, '2018-02-13', '13:01:00.0000', '14:02:00.0000', 'push-up', 2, 1, 'Feb', 2018),
(119, 89, '2018-02-08', '13:01:00.0000', '13:00:00.0000', 'chestup', 1, 11, 'Feb', 2018),
(121, 91, '2018-02-15', '13:02:00.0000', '14:01:00.0000', 'push-ups', 2, 1, 'Feb', 2018),
(122, 92, '2018-02-15', '14:00:00.0000', '14:01:00.0000', 'push-ups', 1, 2, 'Feb', 2018),
(123, 93, '2018-02-09', '15:02:00.0000', '15:03:00.0000', 'push-ups', 3, 2, 'Feb', 2018),
(124, 94, '2018-02-15', '13:02:00.0000', '13:02:00.0000', 'push-ups', 2, 1, 'Feb', 2018),
(125, 88, '2017-01-01', '08:00:00.0000', '09:00:00.0000', 'Push-up', 1, 12, 'Jan', 2017),
(126, 89, '2017-01-02', '09:00:00.0000', '10:00:00.0000', 'Push-up', 2, 12, 'Jan', 2017),
(127, 90, '0000-00-00', '10:00:00.0000', '11:00:00.0000', 'Push-up', 3, 12, 'Jan', 2017),
(128, 91, '2017-01-04', '11:00:00.0000', '12:00:00.0000', 'Push-up', 1, 12, 'Jan', 2017),
(129, 92, '2017-01-05', '12:00:00.0000', '01:00:00.0000', 'Push-up', 2, 12, 'Jan', 2017),
(130, 93, '2017-01-06', '01:00:00.0000', '02:00:00.0000', 'Push-up', 3, 12, 'Jan', 2017),
(131, 94, '2017-01-07', '02:00:00.0000', '03:00:00.0000', 'Push-up', 1, 12, 'Jan', 2017),
(132, 95, '2017-01-08', '03:00:00.0000', '04:00:00.0000', 'Push-up', 2, 12, 'Jan', 2017),
(133, 96, '2017-01-09', '04:00:00.0000', '05:00:00.0000', 'KettleBell', 3, 12, 'Jan', 2017),
(134, 97, '2017-01-10', '05:00:00.0000', '06:00:00.0000', 'KettleBell', 1, 12, 'Jan', 2017),
(135, 98, '2017-02-20', '06:00:00.0000', '07:00:00.0000', 'KettleBell', 2, 12, 'Feb', 2017),
(136, 99, '2017-02-21', '07:00:00.0000', '08:00:00.0000', 'KettleBell', 3, 12, 'Feb', 2017),
(137, 100, '2017-02-22', '08:00:00.0000', '09:00:00.0000', 'KettleBell', 1, 12, 'Feb', 2017),
(138, 101, '2017-02-23', '09:00:00.0000', '10:00:00.0000', 'KettleBell', 2, 12, 'Feb', 2017),
(139, 102, '2017-02-24', '10:00:00.0000', '11:00:00.0000', 'KettleBell', 3, 12, 'Feb', 2017),
(140, 103, '2017-02-25', '11:00:00.0000', '09:00:00.0000', 'KettleBell', 1, 12, 'Feb', 2017),
(141, 104, '2017-02-26', '08:00:00.0000', '10:00:00.0000', 'KettleBell', 2, 12, 'Feb', 2017),
(142, 105, '2017-02-27', '09:00:00.0000', '11:00:00.0000', 'Deadlift', 3, 12, 'Feb', 2017),
(143, 106, '2017-02-28', '10:00:00.0000', '12:00:00.0000', 'LegCurl', 1, 12, 'Feb', 2017),
(144, 107, '2017-03-01', '11:00:00.0000', '01:00:00.0000', 'BenchPress', 2, 12, 'Mar', 2017),
(145, 108, '2017-03-02', '12:00:00.0000', '02:00:00.0000', 'ChestFly', 3, 12, 'Mar', 2017),
(146, 109, '2017-03-03', '01:00:00.0000', '03:00:00.0000', 'BicepsCurl', 1, 12, 'Mar', 2017),
(147, 110, '2017-03-04', '02:00:00.0000', '04:00:00.0000', 'Legraise', 2, 12, 'Mar', 2017),
(148, 111, '2017-03-05', '03:00:00.0000', '05:00:00.0000', 'KettleBell', 3, 12, 'Mar', 2017),
(149, 112, '2017-03-06', '04:00:00.0000', '06:00:00.0000', 'Deadlift', 1, 12, 'Mar', 2017),
(150, 113, '2017-03-07', '05:00:00.0000', '07:00:00.0000', 'LegCurl', 2, 12, 'Mar', 2017),
(151, 114, '2017-03-08', '06:00:00.0000', '08:00:00.0000', 'BenchPress', 3, 12, 'Mar', 2017),
(152, 115, '2017-03-09', '07:00:00.0000', '09:00:00.0000', 'ChestFly', 1, 12, 'Mar', 2017),
(153, 116, '2017-03-10', '08:00:00.0000', '10:00:00.0000', 'BicepsCurl', 2, 12, 'Mar', 2017),
(154, 117, '2017-03-11', '09:00:00.0000', '11:00:00.0000', 'Legraise', 3, 12, 'Mar', 2017),
(155, 118, '2017-03-12', '10:00:00.0000', '09:00:00.0000', 'KettleBell', 1, 12, 'Mar', 2017),
(156, 119, '2017-04-12', '11:00:00.0000', '10:00:00.0000', 'Deadlift', 2, 12, 'Apr', 2017),
(157, 120, '2017-04-13', '08:00:00.0000', '11:00:00.0000', 'LegCurl', 3, 12, 'Apr', 2017),
(158, 121, '2017-04-14', '09:00:00.0000', '12:00:00.0000', 'BenchPress', 1, 12, 'Apr', 2017),
(159, 122, '2017-04-15', '10:00:00.0000', '01:00:00.0000', 'ChestFly', 2, 12, 'Apr', 2017),
(160, 123, '2017-04-16', '11:00:00.0000', '02:00:00.0000', 'BicepsCurl', 3, 12, 'Apr', 2017),
(161, 124, '2017-04-17', '12:00:00.0000', '03:00:00.0000', 'Legraise', 1, 12, 'Apr', 2017),
(162, 125, '2017-04-18', '01:00:00.0000', '04:00:00.0000', 'KettleBell', 2, 12, 'Apr', 2017),
(163, 126, '2017-04-19', '02:00:00.0000', '05:00:00.0000', 'Deadlift', 3, 12, 'Apr', 2017),
(164, 127, '2017-04-20', '03:00:00.0000', '06:00:00.0000', 'LegCurl', 1, 12, 'Apr', 2017),
(165, 128, '2017-04-21', '04:00:00.0000', '07:00:00.0000', 'BenchPress', 2, 12, 'Apr', 2017),
(166, 129, '2017-05-21', '05:00:00.0000', '08:00:00.0000', 'ChestFly', 3, 12, 'May', 2017),
(167, 130, '2017-05-22', '06:00:00.0000', '09:00:00.0000', 'BicepsCurl', 1, 12, 'May', 2017),
(168, 131, '2017-05-23', '07:00:00.0000', '10:00:00.0000', 'Legraise', 2, 12, 'May', 2017),
(169, 132, '2017-05-24', '08:00:00.0000', '11:00:00.0000', 'KettleBell', 3, 12, 'May', 2017),
(170, 133, '2017-05-25', '09:00:00.0000', '09:00:00.0000', 'Deadlift', 1, 12, 'May', 2017),
(171, 134, '2017-05-26', '10:00:00.0000', '10:00:00.0000', 'LegCurl', 2, 12, 'May', 2017),
(172, 135, '2017-06-26', '11:00:00.0000', '11:00:00.0000', 'BenchPress', 3, 12, 'Jun', 2017),
(173, 136, '2017-06-27', '08:00:00.0000', '12:00:00.0000', 'ChestFly', 1, 12, 'Jun', 2017),
(174, 137, '2017-06-28', '09:00:00.0000', '01:00:00.0000', 'BicepsCurl', 2, 12, 'Jun', 2017),
(175, 138, '2017-06-29', '10:00:00.0000', '02:00:00.0000', 'Legraise', 3, 12, 'Jun', 2017),
(176, 139, '2017-06-30', '11:00:00.0000', '03:00:00.0000', 'KettleBell', 1, 12, 'Jun', 2017),
(177, 140, '2017-07-01', '12:00:00.0000', '04:00:00.0000', 'Deadlift', 2, 12, 'Jul', 2017),
(178, 141, '2017-07-02', '01:00:00.0000', '05:00:00.0000', 'LegCurl', 3, 12, 'Jul', 2017),
(179, 142, '2017-07-03', '02:00:00.0000', '06:00:00.0000', 'BenchPress', 1, 12, 'Jul', 2017),
(180, 143, '2017-07-04', '03:00:00.0000', '07:00:00.0000', 'ChestFly', 2, 12, 'Jul', 2017),
(181, 144, '2017-07-05', '04:00:00.0000', '08:00:00.0000', 'BicepsCurl', 3, 12, 'Jul', 2017),
(182, 145, '2017-08-05', '05:00:00.0000', '09:00:00.0000', 'Legraise', 1, 12, 'Aug', 2017),
(183, 146, '2017-08-06', '06:00:00.0000', '10:00:00.0000', 'KettleBell', 2, 12, 'Aug', 2017),
(184, 147, '2017-08-07', '07:00:00.0000', '11:00:00.0000', 'Deadlift', 3, 12, 'Aug', 2017),
(185, 148, '2017-08-08', '08:00:00.0000', '09:00:00.0000', 'LegCurl', 1, 12, 'Aug', 2017),
(186, 149, '2017-08-09', '09:00:00.0000', '10:00:00.0000', 'BenchPress', 2, 12, 'Aug', 2017),
(187, 150, '2017-08-10', '10:00:00.0000', '11:00:00.0000', 'ChestFly', 3, 12, 'Aug', 2017),
(188, 151, '2017-08-11', '11:00:00.0000', '12:00:00.0000', 'BicepsCurl', 1, 12, 'Aug', 2017),
(189, 152, '2017-08-12', '08:00:00.0000', '01:00:00.0000', 'Legraise', 2, 12, 'Aug', 2017),
(190, 153, '2017-08-13', '09:00:00.0000', '02:00:00.0000', 'KettleBell', 3, 12, 'Aug', 2017),
(191, 154, '2017-09-13', '10:00:00.0000', '03:00:00.0000', 'Deadlift', 1, 12, 'Sep', 2017),
(192, 155, '2017-09-14', '11:00:00.0000', '04:00:00.0000', 'LegCurl', 2, 12, 'Sep', 2017),
(193, 156, '2017-09-15', '12:00:00.0000', '05:00:00.0000', 'BenchPress', 3, 12, 'Sep', 2017),
(194, 157, '2017-09-16', '01:00:00.0000', '06:00:00.0000', 'ChestFly', 1, 12, 'Sep', 2017),
(195, 158, '2017-09-17', '02:00:00.0000', '07:00:00.0000', 'BicepsCurl', 2, 12, 'Sep', 2017),
(196, 159, '2017-09-18', '03:00:00.0000', '08:00:00.0000', 'Legraise', 3, 12, 'Sep', 2017),
(197, 160, '2017-09-19', '04:00:00.0000', '09:00:00.0000', 'KettleBell', 1, 12, 'Sep', 2017),
(198, 161, '2017-09-20', '05:00:00.0000', '10:00:00.0000', 'Deadlift', 2, 12, 'Sep', 2017),
(199, 162, '2017-09-21', '06:00:00.0000', '11:00:00.0000', 'LegCurl', 3, 12, 'Sep', 2017),
(200, 163, '2017-09-22', '07:00:00.0000', '09:00:00.0000', 'BenchPress', 1, 12, 'Sep', 2017),
(201, 164, '2017-09-22', '08:00:00.0000', '10:00:00.0000', 'ChestFly', 2, 12, 'Sep', 2017),
(202, 165, '2017-10-22', '09:00:00.0000', '11:00:00.0000', 'BicepsCurl', 3, 12, 'Oct', 2017),
(203, 166, '2017-10-23', '10:00:00.0000', '12:00:00.0000', 'Legraise', 1, 12, 'Oct', 2017),
(204, 167, '2017-10-24', '11:00:00.0000', '01:00:00.0000', 'KettleBell', 2, 12, 'Oct', 2017),
(205, 168, '2017-10-25', '08:00:00.0000', '02:00:00.0000', 'Deadlift', 3, 12, 'Oct', 2017),
(206, 169, '2017-10-26', '09:00:00.0000', '03:00:00.0000', 'LegCurl', 1, 12, 'Oct', 2017),
(207, 170, '2017-10-27', '10:00:00.0000', '04:00:00.0000', 'BenchPress', 2, 12, 'Oct', 2017),
(208, 171, '2017-10-28', '11:00:00.0000', '05:00:00.0000', 'ChestFly', 3, 12, 'Oct', 2017),
(209, 172, '2017-10-29', '12:00:00.0000', '06:00:00.0000', 'BicepsCurl', 1, 12, 'Oct', 2017),
(210, 173, '2017-10-30', '01:00:00.0000', '07:00:00.0000', 'Legraise', 2, 12, 'Oct', 2017),
(211, 174, '2017-11-30', '02:00:00.0000', '08:00:00.0000', 'KettleBell', 3, 12, 'Nov', 2017),
(212, 175, '2017-12-01', '03:00:00.0000', '09:00:00.0000', 'Deadlift', 1, 12, 'Dec', 2017),
(213, 176, '2017-12-02', '04:00:00.0000', '10:00:00.0000', 'LegCurl', 2, 12, 'Dec', 2017),
(214, 177, '2017-12-03', '05:00:00.0000', '11:00:00.0000', 'BenchPress', 3, 12, 'Dec', 2017),
(215, 178, '2017-12-04', '06:00:00.0000', '09:00:00.0000', 'ChestFly', 1, 12, 'Dec', 2017),
(216, 179, '2017-12-05', '07:00:00.0000', '10:00:00.0000', 'BicepsCurl', 2, 12, 'Dec', 2017),
(217, 180, '2017-11-05', '08:00:00.0000', '11:00:00.0000', 'Legraise', 3, 12, 'Nov', 2017),
(218, 181, '2017-11-06', '09:00:00.0000', '12:00:00.0000', 'KettleBell', 1, 12, 'Nov', 2017),
(219, 182, '2017-11-07', '10:00:00.0000', '01:00:00.0000', 'Deadlift', 2, 12, 'Nov', 2017),
(220, 183, '2017-11-08', '11:00:00.0000', '02:00:00.0000', 'LegCurl', 3, 12, 'Nov', 2017),
(221, 184, '2017-11-09', '08:00:00.0000', '03:00:00.0000', 'BenchPress', 1, 12, 'Nov', 2017),
(222, 185, '2017-11-10', '09:00:00.0000', '04:00:00.0000', 'ChestFly', 2, 12, 'Nov', 2017),
(223, 186, '2017-11-11', '10:00:00.0000', '05:00:00.0000', 'BicepsCurl', 3, 12, 'Nov', 2017),
(224, 187, '2017-11-12', '11:00:00.0000', '06:00:00.0000', 'KettleBell', 1, 12, 'Nov', 2017),
(252, 223, '2017-01-01', '12:00:12.0000', '05:02:12.0000', 'push-up', 6, 12, 'Jan', 2017),
(253, 224, '2017-02-01', '12:00:12.0000', '05:02:12.0000', 'chestup', 3, 2, 'Jan', 2017),
(254, 225, '2017-03-01', '12:00:12.0000', '05:02:12.0000', 'chestup', 6, 6, 'Jan', 2017),
(255, 226, '2017-04-01', '12:00:12.0000', '05:02:12.0000', 'deadlift', 5, 11, 'Jan', 2017),
(256, 227, '2017-05-01', '12:00:12.0000', '05:02:12.0000', 'KettleBell', 2, 2, 'Jan', 2017),
(257, 228, '2017-06-01', '12:00:12.0000', '05:02:12.0000', 'deadlift', 6, 9, 'Jan', 2017),
(258, 229, '2017-07-01', '12:00:12.0000', '05:02:12.0000', 'LegCurl', 4, 4, 'Jan', 2017),
(259, 230, '2017-08-01', '12:00:12.0000', '05:02:12.0000', 'LegCurl', 3, 8, 'Jan', 2017),
(260, 231, '2017-09-01', '12:00:12.0000', '05:02:12.0000', 'LegCurl', 2, 5, 'Jan', 2017),
(261, 232, '2017-10-01', '12:00:12.0000', '05:02:12.0000', 'KettleBell', 1, 9, 'Jan', 2017),
(262, 233, '2017-02-02', '12:00:12.0000', '05:02:12.0000', 'KettleBell', 6, 8, 'Feb', 2017),
(263, 234, '2017-03-02', '12:00:12.0000', '05:02:12.0000', 'deadlift', 3, 11, 'Feb', 2017),
(264, 235, '2017-04-02', '12:00:12.0000', '05:02:12.0000', 'push-up', 2, 7, 'Feb', 2017),
(265, 236, '2017-05-02', '12:00:12.0000', '05:02:12.0000', 'deadlift', 1, 10, 'Feb', 2017),
(266, 237, '2017-06-02', '12:00:12.0000', '05:02:12.0000', 'deadlift', 2, 2, 'Feb', 2017),
(267, 238, '2017-07-02', '12:00:12.0000', '05:02:12.0000', 'push-up', 4, 4, 'Feb', 2017),
(268, 239, '2017-08-02', '12:00:12.0000', '05:02:12.0000', 'chestup', 2, 2, 'Feb', 2017),
(269, 240, '2017-09-02', '12:00:12.0000', '05:02:12.0000', 'chestup', 3, 11, 'Feb', 2017),
(270, 241, '2017-10-02', '12:00:12.0000', '05:02:12.0000', 'deadlift', 3, 2, 'Feb', 2017),
(271, 242, '2017-11-02', '12:00:12.0000', '05:02:12.0000', 'KettleBell', 4, 12, 'Feb', 2017),
(272, 243, '2017-12-02', '12:00:12.0000', '05:02:12.0000', 'deadlift', 2, 6, 'Feb', 2017),
(273, 244, '0000-00-00', '12:00:12.0000', '05:02:12.0000', 'LegCurl', 6, 8, 'Feb', 2017),
(274, 245, '0000-00-00', '12:00:12.0000', '05:02:12.0000', 'LegCurl', 5, 2, 'Feb', 2017),
(275, 246, '2017-03-03', '12:00:12.0000', '05:02:12.0000', 'LegCurl', 1, 3, 'Mar', 2017),
(276, 247, '2017-04-03', '12:00:12.0000', '05:02:12.0000', 'KettleBell', 2, 7, 'Mar', 2017),
(277, 248, '2017-05-03', '12:00:12.0000', '05:02:12.0000', 'KettleBell', 3, 5, 'Mar', 2017),
(278, 249, '2017-06-03', '12:00:12.0000', '05:02:12.0000', 'deadlift', 6, 5, 'Mar', 2017),
(279, 250, '2017-07-03', '12:00:12.0000', '05:02:12.0000', 'push-up', 4, 4, 'Mar', 2017),
(280, 251, '2017-08-03', '12:00:12.0000', '05:02:12.0000', 'deadlift', 5, 3, 'Mar', 2017),
(281, 252, '2017-09-03', '12:00:12.0000', '05:02:12.0000', 'deadlift', 1, 2, 'Mar', 2017),
(282, 253, '2017-10-03', '12:00:12.0000', '05:02:12.0000', 'push-up', 2, 9, 'Mar', 2017),
(283, 254, '2017-11-03', '12:00:12.0000', '05:02:12.0000', 'chestup', 3, 8, 'Mar', 2017),
(284, 255, '2017-12-03', '12:00:12.0000', '05:02:12.0000', 'chestup', 4, 2, 'Mar', 2017),
(285, 256, '0000-00-00', '12:00:12.0000', '05:02:12.0000', 'deadlift', 2, 4, 'Mar', 2017),
(286, 257, '0000-00-00', '12:00:12.0000', '05:02:12.0000', 'KettleBell', 4, 11, 'Mar', 2017),
(287, 258, '0000-00-00', '12:00:12.0000', '05:02:12.0000', 'deadlift', 3, 6, 'Mar', 2017),
(288, 259, '0000-00-00', '12:00:12.0000', '05:02:12.0000', 'LegCurl', 4, 10, 'Mar', 2017),
(289, 260, '2017-04-04', '12:00:12.0000', '05:02:12.0000', 'LegCurl', 5, 7, 'Apr', 2017),
(290, 261, '2017-05-04', '12:00:12.0000', '05:02:12.0000', 'LegCurl', 1, 3, 'Apr', 2017),
(291, 262, '2017-06-04', '12:00:12.0000', '05:02:12.0000', 'KettleBell', 2, 8, 'Apr', 2017),
(292, 263, '2017-07-04', '12:00:12.0000', '05:02:12.0000', 'KettleBell', 3, 8, 'Apr', 2017),
(293, 264, '2017-08-04', '12:00:12.0000', '05:02:12.0000', 'deadlift', 6, 9, 'Apr', 2017),
(294, 265, '2017-09-04', '12:00:12.0000', '05:02:12.0000', 'push-up', 3, 10, 'Apr', 2017),
(295, 266, '2017-10-04', '12:00:12.0000', '05:02:12.0000', 'deadlift', 1, 12, 'Apr', 2017),
(296, 267, '2017-11-04', '12:00:12.0000', '05:02:12.0000', 'deadlift', 1, 5, 'Apr', 2017),
(297, 268, '2017-12-04', '12:00:12.0000', '05:02:12.0000', 'push-up', 6, 7, 'Apr', 2017),
(298, 269, '0000-00-00', '12:00:12.0000', '05:02:12.0000', 'chestup', 4, 10, 'Apr', 2017),
(299, 270, '0000-00-00', '12:00:12.0000', '05:02:12.0000', 'chestup', 6, 2, 'Apr', 2017),
(300, 271, '0000-00-00', '12:00:12.0000', '05:02:12.0000', 'deadlift', 5, 8, 'Apr', 2017),
(301, 272, '0000-00-00', '12:00:12.0000', '05:02:12.0000', 'KettleBell', 5, 10, 'Apr', 2017),
(302, 273, '2017-05-05', '12:00:12.0000', '05:02:12.0000', 'deadlift', 5, 4, 'May', 2017),
(303, 274, '2017-06-05', '12:00:12.0000', '05:02:12.0000', 'LegCurl', 2, 12, 'May', 2017),
(304, 275, '2017-07-05', '12:00:12.0000', '05:02:12.0000', 'LegCurl', 3, 9, 'May', 2017),
(305, 276, '2017-08-05', '12:00:12.0000', '05:02:12.0000', 'LegCurl', 5, 2, 'May', 2017),
(306, 277, '2017-09-05', '12:00:12.0000', '05:02:12.0000', 'KettleBell', 5, 1, 'May', 2017),
(307, 278, '2017-10-05', '12:00:12.0000', '05:02:12.0000', 'KettleBell', 5, 5, 'May', 2017),
(308, 279, '2017-11-05', '12:00:12.0000', '05:02:12.0000', 'deadlift', 1, 7, 'May', 2017),
(309, 280, '2017-12-05', '12:00:12.0000', '05:02:12.0000', 'push-up', 4, 4, 'May', 2017),
(310, 281, '0000-00-00', '12:00:12.0000', '05:02:12.0000', 'deadlift', 1, 12, 'May', 2017),
(311, 282, '0000-00-00', '12:00:12.0000', '05:02:12.0000', 'deadlift', 1, 1, 'May', 2017),
(312, 283, '0000-00-00', '12:00:12.0000', '05:02:12.0000', 'push-up', 3, 11, 'May', 2017),
(313, 284, '0000-00-00', '12:00:12.0000', '05:02:12.0000', 'chestup', 5, 1, 'May', 2017),
(314, 285, '0000-00-00', '12:00:12.0000', '05:02:12.0000', 'chestup', 2, 3, 'May', 2017),
(315, 286, '0000-00-00', '12:00:12.0000', '05:02:12.0000', 'deadlift', 5, 10, 'May', 2017),
(316, 287, '0000-00-00', '12:00:12.0000', '05:02:12.0000', 'KettleBell', 6, 10, 'May', 2017),
(317, 288, '0000-00-00', '12:00:12.0000', '05:02:12.0000', 'deadlift', 3, 7, 'May', 2017),
(318, 289, '2017-06-06', '12:00:12.0000', '05:02:12.0000', 'LegCurl', 4, 4, 'Jun', 2017),
(319, 290, '2017-07-06', '12:00:12.0000', '05:02:12.0000', 'LegCurl', 3, 10, 'Jun', 2017),
(320, 291, '2017-08-06', '12:00:12.0000', '05:02:12.0000', 'LegCurl', 6, 9, 'Jun', 2017),
(321, 292, '2017-09-06', '12:00:12.0000', '05:02:12.0000', 'KettleBell', 1, 6, 'Jun', 2017),
(322, 293, '2017-10-06', '12:00:12.0000', '05:02:12.0000', 'KettleBell', 6, 11, 'Jun', 2017),
(323, 294, '2017-11-06', '12:00:12.0000', '05:02:12.0000', 'deadlift', 2, 5, 'Jun', 2017),
(324, 295, '2017-12-06', '12:00:12.0000', '05:02:12.0000', 'push-up', 2, 3, 'Jun', 2017),
(325, 296, '0000-00-00', '12:00:12.0000', '05:02:12.0000', 'deadlift', 6, 11, 'Jun', 2017),
(326, 297, '0000-00-00', '12:00:12.0000', '05:02:12.0000', 'deadlift', 1, 10, 'Jun', 2017),
(327, 298, '2017-07-07', '12:00:12.0000', '05:02:12.0000', 'push-up', 1, 3, 'Jul', 2017),
(328, 299, '2017-08-07', '12:00:12.0000', '05:02:12.0000', 'chestup', 6, 3, 'Jul', 2017),
(329, 300, '2017-09-07', '12:00:12.0000', '05:02:12.0000', 'chestup', 3, 5, 'Jul', 2017),
(330, 301, '2017-10-07', '12:00:12.0000', '05:02:12.0000', 'deadlift', 2, 1, 'Jul', 2017),
(331, 302, '2017-11-07', '12:00:12.0000', '05:02:12.0000', 'KettleBell', 1, 4, 'Jul', 2017),
(332, 303, '2017-12-07', '12:00:12.0000', '05:02:12.0000', 'deadlift', 5, 6, 'Jul', 2017),
(333, 304, '0000-00-00', '12:00:12.0000', '05:02:12.0000', 'LegCurl', 1, 2, 'Jul', 2017),
(334, 305, '0000-00-00', '12:00:12.0000', '05:02:12.0000', 'LegCurl', 4, 7, 'Jul', 2017),
(335, 306, '0000-00-00', '12:00:12.0000', '05:02:12.0000', 'LegCurl', 5, 1, 'Jul', 2017),
(336, 307, '0000-00-00', '12:00:12.0000', '05:02:12.0000', 'KettleBell', 1, 1, 'Jul', 2017),
(337, 308, '2017-08-08', '12:00:12.0000', '05:02:12.0000', 'KettleBell', 4, 2, 'Aug', 2017),
(338, 309, '2017-09-08', '12:00:12.0000', '05:02:12.0000', 'deadlift', 1, 3, 'Aug', 2017),
(339, 310, '2017-10-08', '12:00:12.0000', '05:02:12.0000', 'push-up', 2, 5, 'Aug', 2017),
(340, 311, '2017-11-08', '12:00:12.0000', '05:02:12.0000', 'deadlift', 3, 5, 'Aug', 2017),
(341, 312, '2017-12-08', '12:00:12.0000', '05:02:12.0000', 'deadlift', 1, 5, 'Aug', 2017),
(342, 313, '0000-00-00', '12:00:12.0000', '05:02:12.0000', 'push-up', 4, 12, 'Aug', 2017),
(343, 314, '0000-00-00', '12:00:12.0000', '05:02:12.0000', 'chestup', 3, 6, 'Aug', 2017),
(344, 315, '0000-00-00', '12:00:12.0000', '05:02:12.0000', 'chestup', 5, 6, 'Aug', 2017),
(345, 316, '0000-00-00', '12:00:12.0000', '05:02:12.0000', 'deadlift', 3, 2, 'Aug', 2017),
(346, 317, '2017-09-09', '12:00:12.0000', '05:02:12.0000', 'KettleBell', 1, 1, 'Sep', 2017),
(347, 318, '2017-10-09', '12:00:12.0000', '05:02:12.0000', 'deadlift', 1, 7, 'Sep', 2017),
(348, 319, '2017-11-09', '12:00:12.0000', '05:02:12.0000', 'LegCurl', 4, 1, 'Sep', 2017),
(349, 320, '2017-12-09', '12:00:12.0000', '05:02:12.0000', 'LegCurl', 1, 2, 'Sep', 2017),
(350, 321, '0000-00-00', '12:00:12.0000', '05:02:12.0000', 'LegCurl', 4, 11, 'Sep', 2017),
(351, 322, '0000-00-00', '12:00:12.0000', '05:02:12.0000', 'KettleBell', 4, 12, 'Sep', 2017),
(352, 323, '0000-00-00', '12:00:12.0000', '05:02:12.0000', 'KettleBell', 1, 8, 'Sep', 2017),
(353, 324, '0000-00-00', '12:00:12.0000', '05:02:12.0000', 'deadlift', 3, 5, 'Sep', 2017),
(354, 325, '0000-00-00', '12:00:12.0000', '05:02:12.0000', 'push-up', 3, 3, 'Sep', 2017),
(355, 326, '0000-00-00', '12:00:12.0000', '05:02:12.0000', 'deadlift', 2, 8, 'Sep', 2017),
(356, 327, '2017-10-10', '12:00:12.0000', '05:02:12.0000', 'deadlift', 6, 10, 'Oct', 2017),
(357, 328, '2017-11-10', '12:00:12.0000', '05:02:12.0000', 'push-up', 4, 4, 'Oct', 2017),
(358, 329, '2017-12-10', '12:00:12.0000', '05:02:12.0000', 'chestup', 2, 5, 'Oct', 2017),
(359, 330, '0000-00-00', '12:00:12.0000', '05:02:12.0000', 'chestup', 3, 1, 'Oct', 2017),
(360, 331, '0000-00-00', '12:00:12.0000', '05:02:12.0000', 'deadlift', 6, 3, 'Oct', 2017),
(361, 332, '0000-00-00', '12:00:12.0000', '05:02:12.0000', 'KettleBell', 5, 4, 'Oct', 2017),
(362, 333, '0000-00-00', '12:00:12.0000', '05:02:12.0000', 'deadlift', 3, 12, 'Oct', 2017),
(363, 334, '0000-00-00', '12:00:12.0000', '05:02:12.0000', 'LegCurl', 1, 10, 'Oct', 2017),
(364, 335, '0000-00-00', '12:00:12.0000', '05:02:12.0000', 'LegCurl', 3, 6, 'Oct', 2017),
(365, 336, '0000-00-00', '12:00:12.0000', '05:02:12.0000', 'LegCurl', 4, 3, 'Oct', 2017),
(366, 337, '0000-00-00', '12:00:12.0000', '05:02:12.0000', 'KettleBell', 2, 3, 'Oct', 2017),
(367, 338, '0000-00-00', '12:00:12.0000', '05:02:12.0000', 'KettleBell', 2, 9, 'Oct', 2017),
(368, 339, '0000-00-00', '12:00:12.0000', '05:02:12.0000', 'deadlift', 6, 12, 'Oct', 2017),
(369, 340, '0000-00-00', '12:00:12.0000', '05:02:12.0000', 'push-up', 1, 11, 'Oct', 2017),
(370, 341, '2017-11-11', '10:00:11.0000', '03:00:00.0000', 'deadlift', 1, 2, 'Nov', 2017),
(371, 342, '2017-12-11', '10:00:11.0000', '03:00:00.0000', 'deadlift', 4, 8, 'Nov', 2017),
(372, 343, '0000-00-00', '10:00:11.0000', '03:00:00.0000', 'push-up', 1, 11, 'Nov', 2017),
(373, 344, '0000-00-00', '10:00:11.0000', '03:00:00.0000', 'chestup', 3, 6, 'Nov', 2017),
(374, 345, '0000-00-00', '10:00:11.0000', '03:00:00.0000', 'chestup', 4, 4, 'Nov', 2017),
(375, 346, '0000-00-00', '10:00:11.0000', '03:00:00.0000', 'deadlift', 6, 11, 'Nov', 2017),
(376, 347, '0000-00-00', '10:00:11.0000', '03:00:00.0000', 'KettleBell', 5, 12, 'Nov', 2017),
(377, 348, '0000-00-00', '10:00:11.0000', '03:00:00.0000', 'deadlift', 6, 1, 'Nov', 2017),
(378, 349, '0000-00-00', '10:00:11.0000', '03:00:00.0000', 'LegCurl', 3, 9, 'Nov', 2017),
(379, 350, '0000-00-00', '10:00:11.0000', '03:00:00.0000', 'LegCurl', 4, 11, 'Nov', 2017),
(380, 351, '0000-00-00', '10:00:11.0000', '03:00:00.0000', 'LegCurl', 1, 3, 'Nov', 2017),
(381, 352, '0000-00-00', '10:00:11.0000', '03:00:00.0000', 'KettleBell', 1, 9, 'Nov', 2017),
(382, 353, '2017-12-12', '10:00:11.0000', '03:00:00.0000', 'KettleBell', 1, 11, 'Dec', 2017),
(383, 354, '0000-00-00', '10:00:11.0000', '03:00:00.0000', 'deadlift', 4, 11, 'Dec', 2017),
(384, 355, '0000-00-00', '10:00:11.0000', '03:00:00.0000', 'push-up', 5, 5, 'Dec', 2017),
(385, 356, '0000-00-00', '10:00:11.0000', '03:00:00.0000', 'deadlift', 3, 1, 'Dec', 2017),
(386, 357, '0000-00-00', '10:00:11.0000', '03:00:00.0000', 'deadlift', 1, 8, 'Dec', 2017),
(387, 358, '0000-00-00', '10:00:11.0000', '03:00:00.0000', 'push-up', 3, 12, 'Dec', 2017),
(388, 359, '0000-00-00', '10:00:11.0000', '03:00:00.0000', 'chestup', 2, 8, 'Dec', 2017),
(389, 360, '0000-00-00', '10:00:11.0000', '03:00:00.0000', 'chestup', 6, 11, 'Dec', 2017),
(390, 361, '0000-00-00', '10:00:11.0000', '03:00:00.0000', 'deadlift', 2, 4, 'Dec', 2017),
(391, 362, '0000-00-00', '10:00:11.0000', '03:00:00.0000', 'KettleBell', 5, 10, 'Dec', 2017),
(392, 363, '0000-00-00', '10:00:11.0000', '03:00:00.0000', 'deadlift', 2, 5, 'Dec', 2017),
(393, 364, '0000-00-00', '10:00:11.0000', '03:00:00.0000', 'LegCurl', 2, 4, 'Dec', 2017),
(394, 365, '0000-00-00', '10:00:11.0000', '03:00:00.0000', 'LegCurl', 6, 12, 'Dec', 2017),
(395, 366, '0000-00-00', '10:00:11.0000', '03:00:00.0000', 'LegCurl', 2, 9, 'Dec', 2017),
(396, 367, '0000-00-00', '10:00:11.0000', '03:00:00.0000', 'KettleBell', 4, 1, 'Dec', 2017),
(397, 368, '0000-00-00', '10:00:11.0000', '03:00:00.0000', 'KettleBell', 4, 12, 'Dec', 2017),
(398, 369, '0000-00-00', '10:00:11.0000', '03:00:00.0000', 'deadlift', 1, 10, 'Dec', 2017),
(399, 370, '0000-00-00', '10:00:11.0000', '03:00:00.0000', 'push-up', 5, 11, 'Dec', 2017),
(400, 371, '0000-00-00', '10:00:11.0000', '03:00:00.0000', 'deadlift', 3, 7, 'Dec', 2017),
(401, 372, '0000-00-00', '10:00:11.0000', '03:00:00.0000', 'deadlift', 1, 1, 'Dec', 2017),
(402, 373, '2018-01-01', '10:00:11.0000', '03:00:00.0000', 'push-up', 4, 7, 'Dec', 2017),
(403, 374, '2018-02-01', '10:00:11.0000', '03:00:00.0000', 'chestup', 5, 7, 'Dec', 2017),
(404, 375, '2018-03-01', '10:00:11.0000', '03:00:00.0000', 'chestup', 3, 2, 'Dec', 2017),
(405, 376, '2018-01-01', '10:00:11.0000', '03:00:00.0000', 'deadlift', 5, 1, 'Jan', 2018),
(406, 377, '2018-02-01', '10:00:11.0000', '03:00:00.0000', 'KettleBell', 4, 3, 'Jan', 2018),
(407, 378, '2018-03-01', '10:00:11.0000', '03:00:00.0000', 'deadlift', 5, 2, 'Jan', 2018),
(408, 379, '2018-04-01', '10:00:11.0000', '03:00:00.0000', 'LegCurl', 2, 11, 'Jan', 2018),
(409, 380, '2018-05-01', '10:00:11.0000', '03:00:00.0000', 'LegCurl', 6, 11, 'Jan', 2018),
(410, 381, '2018-06-01', '10:00:11.0000', '03:00:00.0000', 'LegCurl', 5, 10, 'Jan', 2018),
(411, 382, '2018-07-01', '10:00:11.0000', '03:00:00.0000', 'KettleBell', 1, 9, 'Jan', 2018),
(412, 383, '2018-08-01', '10:00:11.0000', '03:00:00.0000', 'KettleBell', 6, 3, 'Jan', 2018),
(413, 384, '2018-09-01', '10:00:11.0000', '03:00:00.0000', 'deadlift', 5, 11, 'Jan', 2018),
(414, 385, '2018-10-01', '10:00:11.0000', '03:00:00.0000', 'push-up', 2, 4, 'Jan', 2018),
(415, 386, '2018-11-01', '10:00:11.0000', '03:00:00.0000', 'deadlift', 4, 12, 'Jan', 2018),
(416, 387, '2018-12-01', '10:00:11.0000', '03:00:00.0000', 'deadlift', 5, 4, 'Jan', 2018),
(417, 388, '0000-00-00', '10:00:11.0000', '03:00:00.0000', 'push-up', 6, 3, 'Jan', 2018),
(418, 389, '0000-00-00', '10:00:11.0000', '03:00:00.0000', 'chestup', 1, 11, 'Jan', 2018),
(419, 390, '0000-00-00', '10:00:11.0000', '03:00:00.0000', 'chestup', 4, 2, 'Jan', 2018),
(420, 391, '0000-00-00', '10:00:11.0000', '03:00:00.0000', 'deadlift', 4, 7, 'Jan', 2018),
(421, 392, '0000-00-00', '10:00:11.0000', '03:00:00.0000', 'KettleBell', 1, 12, 'Jan', 2018),
(422, 393, '0000-00-00', '10:00:11.0000', '03:00:00.0000', 'deadlift', 5, 8, 'Jan', 2018),
(423, 394, '0000-00-00', '10:00:11.0000', '03:00:00.0000', 'LegCurl', 1, 9, 'Jan', 2018),
(424, 395, '0000-00-00', '10:00:11.0000', '03:00:00.0000', 'LegCurl', 4, 2, 'Jan', 2018),
(425, 396, '0000-00-00', '10:00:11.0000', '03:00:00.0000', 'LegCurl', 2, 4, 'Jan', 2018),
(426, 397, '0000-00-00', '10:00:11.0000', '03:00:00.0000', 'KettleBell', 2, 1, 'Jan', 2018),
(427, 398, '0000-00-00', '10:00:11.0000', '03:00:00.0000', 'KettleBell', 6, 9, 'Jan', 2018),
(428, 399, '0000-00-00', '10:00:11.0000', '03:00:00.0000', 'deadlift', 4, 9, 'Jan', 2018),
(429, 400, '0000-00-00', '10:00:11.0000', '03:00:00.0000', 'push-up', 2, 2, 'Jan', 2018),
(430, 401, '0000-00-00', '10:00:11.0000', '03:00:00.0000', 'deadlift', 4, 12, 'Jan', 2018),
(431, 402, '0000-00-00', '10:00:11.0000', '03:00:00.0000', 'deadlift', 1, 3, 'Jan', 2018),
(432, 403, '0000-00-00', '10:00:11.0000', '03:00:00.0000', 'push-up', 2, 12, 'Jan', 2018),
(433, 404, '0000-00-00', '10:00:11.0000', '03:00:00.0000', 'chestup', 1, 7, 'Jan', 2018),
(434, 405, '0000-00-00', '10:00:11.0000', '03:00:00.0000', 'chestup', 5, 11, 'Jan', 2018),
(435, 406, '0000-00-00', '10:00:11.0000', '03:00:00.0000', 'deadlift', 5, 11, 'Jan', 2018),
(436, 407, '2018-01-02', '10:00:11.0000', '03:00:00.0000', 'KettleBell', 4, 2, 'Jan', 2018),
(437, 408, '2018-02-02', '10:00:11.0000', '03:00:00.0000', 'deadlift', 6, 3, 'Jan', 2018),
(438, 409, '2018-03-02', '10:00:11.0000', '03:00:00.0000', 'LegCurl', 5, 3, 'Jan', 2018),
(439, 410, '2018-04-02', '10:00:11.0000', '03:00:00.0000', 'LegCurl', 1, 12, 'Jan', 2018),
(440, 411, '2018-05-02', '10:00:11.0000', '03:00:00.0000', 'LegCurl', 3, 2, 'Jan', 2018),
(441, 412, '2018-06-02', '10:00:11.0000', '03:00:00.0000', 'KettleBell', 4, 3, 'Jan', 2018),
(442, 413, '2018-07-02', '10:00:11.0000', '03:00:00.0000', 'KettleBell', 3, 11, 'Jan', 2018),
(443, 414, '2018-08-02', '10:00:11.0000', '03:00:00.0000', 'deadlift', 5, 3, 'Jan', 2018),
(444, 415, '2018-09-02', '10:00:11.0000', '03:00:00.0000', 'push-up', 1, 7, 'Jan', 2018),
(445, 416, '2018-10-02', '10:00:11.0000', '03:00:00.0000', 'deadlift', 2, 10, 'Jan', 2018),
(446, 417, '2018-11-02', '10:00:11.0000', '03:00:00.0000', 'deadlift', 1, 6, 'Jan', 2018),
(447, 418, '2018-12-02', '10:00:11.0000', '03:00:00.0000', 'push-up', 1, 10, 'Jan', 2018),
(448, 419, '0000-00-00', '10:00:11.0000', '03:00:00.0000', 'chestup', 5, 6, 'Jan', 2018),
(449, 420, '0000-00-00', '10:00:11.0000', '03:00:00.0000', 'chestup', 2, 8, 'Jan', 2018),
(450, 421, '0000-00-00', '10:00:11.0000', '03:00:00.0000', 'deadlift', 1, 11, 'Jan', 2018),
(451, 422, '0000-00-00', '10:00:11.0000', '03:00:00.0000', 'KettleBell', 1, 10, 'Jan', 2018),
(452, 423, '0000-00-00', '10:00:11.0000', '03:00:00.0000', 'deadlift', 5, 11, 'Jan', 2018),
(453, 424, '0000-00-00', '10:00:11.0000', '03:00:00.0000', 'LegCurl', 1, 4, 'Jan', 2018),
(454, 425, '0000-00-00', '10:00:11.0000', '03:00:00.0000', 'LegCurl', 4, 11, 'Jan', 2018),
(455, 426, '0000-00-00', '10:00:11.0000', '03:00:00.0000', 'LegCurl', 4, 8, 'Jan', 2018),
(456, 427, '0000-00-00', '10:00:11.0000', '03:00:00.0000', 'KettleBell', 3, 8, 'Jan', 2018),
(457, 428, '0000-00-00', '10:00:11.0000', '03:00:00.0000', 'KettleBell', 2, 6, 'Jan', 2018),
(458, 429, '0000-00-00', '10:00:11.0000', '03:00:00.0000', 'deadlift', 3, 10, 'Jan', 2018),
(459, 430, '0000-00-00', '10:00:11.0000', '03:00:00.0000', 'push-up', 2, 3, 'Jan', 2018),
(460, 431, '0000-00-00', '10:00:11.0000', '03:00:00.0000', 'deadlift', 2, 11, 'Jan', 2018),
(461, 432, '0000-00-00', '10:00:11.0000', '03:00:00.0000', 'deadlift', 4, 3, 'Jan', 2018),
(462, 433, '0000-00-00', '10:00:11.0000', '03:00:00.0000', 'push-up', 6, 12, 'Jan', 2018),
(463, 434, '0000-00-00', '10:00:11.0000', '03:00:00.0000', 'chestup', 3, 7, 'Jan', 2018),
(464, 435, '2018-01-03', '10:00:11.0000', '03:00:00.0000', 'chestup', 4, 12, 'Jan', 2018),
(465, 436, '2018-02-03', '10:00:11.0000', '03:00:00.0000', 'deadlift', 6, 4, 'Jan', 2018),
(466, 437, '2018-02-02', '10:00:11.0000', '03:00:00.0000', 'KettleBell', 1, 2, 'Feb', 2018),
(467, 438, '2018-03-02', '10:00:11.0000', '03:00:00.0000', 'deadlift', 5, 2, 'Feb', 2018),
(468, 439, '2018-04-02', '10:00:11.0000', '03:00:00.0000', 'LegCurl', 1, 5, 'Feb', 2018),
(469, 440, '2018-05-02', '10:00:11.0000', '03:00:00.0000', 'LegCurl', 3, 6, 'Feb', 2018),
(470, 441, '2018-06-02', '10:00:11.0000', '03:00:00.0000', 'LegCurl', 3, 6, 'Feb', 2018),
(471, 442, '2018-07-02', '10:00:11.0000', '03:00:00.0000', 'KettleBell', 6, 10, 'Feb', 2018),
(472, 443, '2018-08-02', '10:00:11.0000', '03:00:00.0000', 'KettleBell', 6, 12, 'Feb', 2018),
(473, 444, '2018-09-02', '10:00:11.0000', '03:00:00.0000', 'deadlift', 2, 2, 'Feb', 2018),
(474, 445, '2018-10-02', '10:00:11.0000', '03:00:00.0000', 'push-up', 5, 2, 'Feb', 2018),
(475, 446, '2018-11-02', '10:00:11.0000', '03:00:00.0000', 'deadlift', 5, 9, 'Feb', 2018),
(476, 447, '2018-12-02', '10:00:11.0000', '03:00:00.0000', 'deadlift', 6, 9, 'Feb', 2018),
(477, 448, '0000-00-00', '10:00:11.0000', '03:00:00.0000', 'push-up', 4, 3, 'Feb', 2018),
(478, 449, '0000-00-00', '10:00:11.0000', '03:00:00.0000', 'chestup', 6, 9, 'Feb', 2018),
(479, 450, '2018-03-03', '10:00:11.0000', '03:00:00.0000', 'chestup', 4, 3, 'Mar', 2018),
(480, 451, '2018-04-03', '10:00:11.0000', '03:00:00.0000', 'deadlift', 4, 11, 'Mar', 2018),
(481, 452, '2018-05-03', '10:00:11.0000', '03:00:00.0000', 'KettleBell', 2, 7, 'Mar', 2018),
(482, 453, '2018-06-03', '10:00:11.0000', '03:00:00.0000', 'deadlift', 5, 2, 'Mar', 2018),
(483, 454, '2018-07-03', '10:00:11.0000', '03:00:00.0000', 'LegCurl', 2, 12, 'Mar', 2018),
(484, 455, '2018-08-03', '10:00:11.0000', '03:00:00.0000', 'LegCurl', 3, 9, 'Mar', 2018),
(485, 456, '2018-09-03', '10:00:11.0000', '03:00:00.0000', 'LegCurl', 3, 3, 'Mar', 2018),
(486, 457, '2018-10-03', '10:00:11.0000', '03:00:00.0000', 'KettleBell', 2, 12, 'Mar', 2018),
(487, 458, '2018-11-03', '10:00:11.0000', '03:00:00.0000', 'KettleBell', 4, 5, 'Mar', 2018),
(488, 459, '2018-12-03', '10:00:11.0000', '03:00:00.0000', 'deadlift', 1, 8, 'Mar', 2018),
(489, 460, '0000-00-00', '10:00:11.0000', '03:00:00.0000', 'push-up', 4, 9, 'Mar', 2018),
(490, 461, '0000-00-00', '10:00:11.0000', '03:00:00.0000', 'deadlift', 2, 8, 'Mar', 2018),
(491, 462, '0000-00-00', '10:00:11.0000', '03:00:00.0000', 'deadlift', 1, 7, 'Mar', 2018),
(492, 463, '0000-00-00', '10:00:11.0000', '03:00:00.0000', 'push-up', 2, 5, 'Mar', 2018),
(493, 464, '0000-00-00', '10:00:11.0000', '03:00:00.0000', 'chestup', 2, 4, 'Mar', 2018),
(494, 465, '0000-00-00', '10:00:11.0000', '03:00:00.0000', 'chestup', 1, 10, 'Mar', 2018),
(495, 466, '0000-00-00', '10:00:11.0000', '03:00:00.0000', 'deadlift', 5, 12, 'Mar', 2018),
(496, 467, '0000-00-00', '10:00:11.0000', '03:00:00.0000', 'KettleBell', 5, 2, 'Mar', 2018),
(497, 468, '0000-00-00', '10:00:11.0000', '03:00:00.0000', 'deadlift', 2, 4, 'Mar', 2018),
(498, 469, '0000-00-00', '10:00:11.0000', '03:00:00.0000', 'LegCurl', 2, 10, 'Mar', 2018),
(499, 470, '0000-00-00', '10:00:11.0000', '03:00:00.0000', 'LegCurl', 6, 4, 'Mar', 2018),
(500, 471, '0000-00-00', '10:00:11.0000', '03:00:00.0000', 'LegCurl', 3, 6, 'Mar', 2018),
(501, 472, '0000-00-00', '10:00:11.0000', '03:00:00.0000', 'KettleBell', 4, 8, 'Mar', 2018),
(502, 736, '0000-00-00', '00:00:00.0000', '00:00:00.0000', 'Military Press', 10, 3, 'Mar', 2018),
(503, 301, '0000-00-00', '13:00:00.0000', '14:00:00.0000', 'Crunches', 5, 4, 'Mar', 2018),
(504, 741, '0000-00-00', '15:00:00.0000', '17:04:00.0000', 'Machine Seated ', 10, 2, 'Mar', 2018);

-- --------------------------------------------------------

--
-- Table structure for table `trainingpackage`
--

CREATE TABLE `trainingpackage` (
  `TP_Code` int(8) NOT NULL,
  `TP_PackageType` int(2) NOT NULL,
  `TP_CoachType` text NOT NULL,
  `TP_Price` int(6) NOT NULL,
  `TP_Validity` int(3) NOT NULL
) ENGINE=InnoDB DEFAULT CHARSET=latin1;

--
-- Dumping data for table `trainingpackage`
--

INSERT INTO `trainingpackage` (`TP_Code`, `TP_PackageType`, `TP_CoachType`, `TP_Price`, `TP_Validity`) VALUES
(10, 1, 'Senior', 600, 7),
(11, 1, 'Junior', 500, 7),
(12, 8, 'Senior', 4800, 56),
(13, 8, 'Junior', 4000, 56),
(14, 12, 'Senior', 6600, 84),
(15, 12, 'Junior', 5400, 84),
(16, 24, 'Senior', 12000, 168),
(17, 24, 'Junior', 9600, 168);

-- --------------------------------------------------------

--
-- Table structure for table `transaction`
--

CREATE TABLE `transaction` (
  `TR_ID` int(8) NOT NULL,
  `CLIENT_ID` int(8) NOT NULL,
  `TR_Type` text NOT NULL,
  `TR_Bill` int(6) NOT NULL,
  `TR_TransactionDate` date NOT NULL,
  `TR_status` text NOT NULL,
  `year` varchar(4) NOT NULL,
  `month` varchar(10) NOT NULL
) ENGINE=InnoDB DEFAULT CHARSET=latin1;

--
-- Dumping data for table `transaction`
--

INSERT INTO `transaction` (`TR_ID`, `CLIENT_ID`, `TR_Type`, `TR_Bill`, `TR_TransactionDate`, `TR_status`, `year`, `month`) VALUES
(1, 1, 'Membership', 5697, '2017-10-11', 'paid', '2017', 'Jan'),
(2, 2, 'Membership', 5697, '2017-07-04', 'paid', '2017', 'Feb'),
(3, 3, 'Membership', 5697, '2014-07-16', 'paid', '2014', 'Mar'),
(4, 4, 'Membership', 5697, '2013-10-31', 'paid', '2013', 'May'),
(5, 5, 'Membership', 5697, '2014-01-14', 'paid', '2014', 'Jun'),
(6, 6, 'Membership', 5697, '2015-01-18', 'paid', '2015', 'Jul'),
(7, 7, 'Membership', 5697, '2018-01-04', 'paid', '2018', 'Aug'),
(8, 8, 'Membership', 5697, '2014-08-12', 'paid', '2014', 'Sep'),
(9, 9, 'Membership', 5697, '2015-11-24', 'paid', '2015', 'Oct'),
(10, 10, 'Membership', 5697, '2014-05-16', 'paid', '2014', 'Nov'),
(11, 11, 'Membership', 5697, '2013-10-20', 'paid', '2013', 'Dec'),
(12, 12, 'Membership', 5697, '2017-04-03', 'paid', '2017', 'Jan'),
(13, 13, 'Membership', 5697, '2016-10-03', 'paid', '2016', 'Feb'),
(14, 14, 'Membership', 5697, '2015-07-19', 'paid', '2015', 'Mar'),
(15, 15, 'Membership', 5697, '2016-06-27', 'paid', '2016', 'May'),
(16, 16, 'Membership', 5697, '2016-02-20', 'paid', '2016', 'Jun'),
(17, 17, 'Membership', 5697, '2017-12-05', 'paid', '2017', 'Jul'),
(18, 18, 'Membership', 5697, '2014-12-23', 'paid', '2014', 'Aug'),
(19, 19, 'Membership', 5697, '2016-02-27', 'paid', '2016', 'Sep'),
(20, 20, 'Membership', 5697, '2016-08-04', 'paid', '2016', 'Oct'),
(21, 21, 'Membership', 5697, '2017-08-24', 'paid', '2017', 'Nov'),
(22, 22, 'Membership', 5697, '2016-01-31', 'paid', '2016', 'Dec'),
(23, 23, 'Membership', 5697, '2013-03-11', 'paid', '2013', 'Jan'),
(24, 24, 'Membership', 5697, '2017-01-10', 'paid', '2017', 'Feb'),
(25, 25, 'Membership', 5697, '2014-07-29', 'paid', '2014', 'Mar'),
(26, 26, 'Personal Training', 4000, '2014-05-25', 'paid', '2014', 'May'),
(27, 27, 'Personal Training', 4000, '2014-01-25', 'paid', '2014', 'Jun'),
(28, 28, 'Personal Training', 4000, '2014-06-28', 'paid', '2014', 'Jul'),
(29, 29, 'Personal Training', 4000, '2015-06-29', 'paid', '2015', 'Aug'),
(30, 30, 'Personal Training', 4000, '2016-06-10', 'paid', '2016', 'Sep'),
(31, 31, 'Personal Training', 4000, '2016-04-18', 'paid', '2016', 'Oct'),
(32, 32, 'Personal Training', 4000, '2017-01-12', 'paid', '2017', 'Nov'),
(33, 33, 'Personal Training', 4000, '2016-02-16', 'paid', '2016', 'Dec'),
(34, 34, 'Personal Training', 4000, '2015-01-25', 'paid', '2015', 'Jan'),
(35, 35, 'Personal Training', 4000, '2013-10-27', 'paid', '2013', 'Feb'),
(36, 36, 'Personal Training', 4000, '2017-07-27', 'paid', '2017', 'Mar'),
(37, 37, 'Personal Training', 4000, '2015-09-20', 'paid', '2015', 'May'),
(38, 38, 'Personal Training', 4000, '2016-10-30', 'paid', '2016', 'Jun'),
(39, 39, 'Personal Training', 4000, '2016-07-18', 'paid', '2016', 'Jul'),
(40, 40, 'Personal Training', 4000, '2017-06-04', 'paid', '2017', 'Aug'),
(41, 41, 'Personal Training', 4000, '2018-01-04', 'paid', '2018', 'Sep'),
(42, 42, 'Personal Training', 4000, '2017-05-18', 'paid', '2017', 'Oct'),
(43, 43, 'Personal Training', 4000, '2016-06-06', 'paid', '2016', 'Nov'),
(44, 44, 'Personal Training', 4000, '2015-09-25', 'paid', '2015', 'Dec'),
(45, 45, 'Personal Training', 4000, '2016-07-09', 'paid', '2016', 'Jan'),
(46, 46, 'Personal Training', 4000, '2015-12-28', 'paid', '2015', 'Feb'),
(47, 47, 'Personal Training', 4000, '2015-10-09', 'paid', '2015', 'Mar'),
(48, 48, 'Personal Training', 4000, '2015-02-17', 'paid', '2015', 'May'),
(49, 49, 'Personal Training', 4000, '2017-02-01', 'paid', '2017', 'Jun'),
(50, 50, 'Personal Training', 4000, '2013-11-17', 'paid', '2013', 'Jul'),
(51, 1, 'Lost Locker Key', 400, '2015-06-19', 'paid', '2015', 'Aug'),
(52, 2, 'Lost Towel(s)', 400, '2014-07-30', 'paid', '2014', 'Sep'),
(53, 3, 'Lost Towel(s)', 400, '2017-07-05', 'paid', '2017', 'Oct'),
(54, 4, 'Walk-in', 400, '2013-06-04', 'paid', '2013', 'Nov'),
(55, 5, 'Walk-in', 400, '2015-06-30', 'paid', '2015', 'Dec'),
(56, 6, 'Lost Towel(s)', 400, '2015-12-24', 'paid', '2015', 'Jan'),
(57, 7, 'Lost Towel(s)', 200, '2015-06-25', 'paid', '2015', 'Feb'),
(58, 8, 'Walk-in', 400, '2015-09-11', 'paid', '2015', 'Mar'),
(59, 9, 'Lost Towel(s)', 200, '2014-01-16', 'paid', '2014', 'May'),
(60, 10, 'Lost Locker Key', 200, '2017-03-29', 'paid', '2017', 'Jun'),
(61, 11, 'Lost Locker Key', 200, '2015-06-07', 'paid', '2015', 'Jul'),
(62, 12, 'Lost Locker Key', 200, '2013-09-17', 'paid', '2013', 'Aug'),
(63, 13, 'Walk-in', 400, '2013-11-09', 'paid', '2013', 'Sep'),
(64, 14, 'Walk-in', 400, '2013-09-11', 'paid', '2013', 'Oct'),
(65, 15, 'Lost Towel(s)', 50, '2017-09-24', 'paid', '2017', 'Nov'),
(66, 16, 'Lost Locker Key', 200, '2015-12-25', 'paid', '2015', 'Dec'),
(67, 17, 'Lost Towel(s)', 200, '2014-11-08', 'paid', '2014', 'Jan'),
(68, 18, 'Lost Towel(s)', 200, '2016-10-18', 'paid', '2016', 'Feb'),
(69, 19, 'Walk-in', 200, '2016-03-20', 'paid', '2016', 'Mar'),
(70, 20, 'Lost Towel(s)', 200, '2013-12-28', 'paid', '2013', 'May'),
(71, 21, 'Lost Locker Key', 200, '2015-11-22', 'paid', '2015', 'Jun'),
(72, 22, 'Walk-in', 400, '2013-07-31', 'paid', '2013', 'Jul'),
(73, 23, 'Lost Towel(s)', 200, '2015-08-15', 'paid', '2015', 'Aug'),
(74, 24, 'Lost Locker Key', 200, '2015-11-17', 'paid', '2015', 'Sep'),
(75, 25, 'Lost Towel(s)', 200, '2015-10-01', 'paid', '2015', 'Oct'),
(76, 26, 'Walk-in', 400, '2013-04-20', 'paid', '2013', 'Nov'),
(77, 27, 'Walk-in', 400, '2017-12-24', 'paid', '2017', 'Dec'),
(78, 28, 'Walk-in', 400, '2015-07-03', 'paid', '2015', 'Jan'),
(79, 29, 'Walk-in', 400, '2015-10-12', 'paid', '2015', 'Feb'),
(80, 30, 'Walk-in', 400, '2017-10-04', 'paid', '2017', 'Mar'),
(81, 31, 'Walk-in', 400, '2017-09-05', 'paid', '2017', 'May'),
(82, 32, 'Walk-in', 400, '2015-03-22', 'paid', '2015', 'Jun'),
(83, 33, 'Walk-in', 400, '2017-05-14', 'paid', '2017', 'Jul'),
(84, 34, 'Walk-in', 400, '2015-08-12', 'paid', '2015', 'Aug'),
(85, 35, 'Walk-in', 400, '2013-07-19', 'paid', '2013', 'Sep'),
(86, 36, 'Walk-in', 400, '2013-03-14', 'paid', '2013', 'Oct'),
(87, 37, 'Walk-in', 400, '2017-04-09', 'paid', '2017', 'Nov'),
(88, 38, 'Walk-in', 400, '2015-03-18', 'paid', '2015', 'Dec'),
(89, 39, 'Walk-in', 400, '2017-09-23', 'paid', '2017', 'Jan'),
(90, 40, 'Walk-in', 400, '2014-10-11', 'paid', '2014', 'Feb'),
(91, 41, 'Walk-in', 400, '2016-06-15', 'paid', '2016', 'Mar'),
(92, 42, 'Walk-in', 400, '2015-09-02', 'paid', '2015', 'May'),
(93, 43, 'Walk-in', 400, '2016-08-28', 'paid', '2016', 'Jun'),
(94, 44, 'Walk-in', 400, '2016-06-16', 'paid', '2016', 'Jul'),
(95, 45, 'Walk-in', 400, '2017-07-15', 'paid', '2017', 'Aug'),
(96, 46, 'Walk-in', 400, '2015-07-13', 'paid', '2015', 'Sep'),
(97, 47, 'Walk-in', 400, '2014-10-18', 'paid', '2014', 'Oct'),
(98, 48, 'Walk-in', 400, '2016-08-31', 'paid', '2016', 'Nov'),
(99, 49, 'Walk-in', 400, '2017-11-06', 'paid', '2017', 'Dec'),
(100, 50, 'Walk-in', 400, '2013-10-25', 'paid', '2013', 'Jan'),
(211, 1, 'Student', 7194, '2017-01-01', 'paid', '2017', 'Jan'),
(212, 2, 'Regular', 5697, '2017-01-02', 'paid', '2017', 'Jan'),
(213, 3, 'Walk-in', 400, '2017-01-03', 'paid', '2017', 'Jan'),
(214, 4, 'Student', 3953, '2017-01-04', 'paid', '2017', 'Jan'),
(215, 5, 'Regular', 10794, '2017-01-05', 'paid', '2017', 'Jan'),
(216, 6, 'Walk-in', 400, '2017-01-06', 'paid', '2017', 'Jan'),
(217, 7, 'Student', 7194, '2017-01-07', 'paid', '2017', 'Jan'),
(218, 8, 'Regular', 5697, '2017-01-08', 'paid', '2017', 'Jan'),
(219, 9, 'Walk-in', 400, '2017-01-09', 'paid', '2017', 'Jan'),
(220, 10, 'Student', 3953, '2017-01-10', 'paid', '2017', 'Jan'),
(221, 11, 'Regular', 10794, '2017-02-02', 'paid', '2017', 'Feb'),
(222, 12, 'Walk-in', 400, '2017-02-03', 'paid', '2017', 'Feb'),
(223, 13, 'Student', 7194, '2017-02-04', 'paid', '2017', 'Feb'),
(224, 14, 'Regular', 5697, '2017-02-05', 'paid', '2017', 'Feb'),
(225, 15, 'Walk-in', 400, '2017-02-06', 'paid', '2017', 'Feb'),
(226, 16, 'Student', 3953, '2017-02-07', 'paid', '2017', 'Feb'),
(227, 17, 'Regular', 10794, '2017-02-08', 'paid', '2017', 'Feb'),
(228, 18, 'Walk-in', 400, '2017-02-09', 'paid', '2017', 'Feb'),
(229, 19, 'Student', 7194, '2017-02-10', 'paid', '2017', 'Feb'),
(230, 20, 'Regular', 5697, '2017-02-11', 'paid', '2017', 'Feb'),
(231, 21, 'Walk-in', 400, '2017-02-12', 'paid', '2017', 'Feb'),
(232, 22, 'Student', 3953, '2017-02-13', 'paid', '2017', 'Feb'),
(233, 23, 'Regular', 10794, '2017-02-14', 'paid', '2017', 'Feb'),
(234, 24, 'Walk-in', 400, '2017-03-03', 'paid', '2017', 'Mar'),
(235, 25, 'Student', 7194, '2017-03-04', 'paid', '2017', 'Mar'),
(236, 26, 'Regular', 5697, '2017-03-05', 'paid', '2017', 'Mar'),
(237, 27, 'Walk-in', 400, '2017-03-06', 'paid', '2017', 'Mar'),
(238, 28, 'Student', 3953, '2017-03-07', 'paid', '2017', 'Mar'),
(239, 29, 'Regular', 10794, '2017-03-08', 'paid', '2017', 'Mar'),
(240, 30, 'Walk-in', 400, '2017-03-09', 'paid', '2017', 'Mar'),
(241, 31, 'Student', 7194, '2017-03-10', 'paid', '2017', 'Mar'),
(242, 32, 'Regular', 5697, '2017-03-11', 'paid', '2017', 'Mar'),
(243, 33, 'Walk-in', 400, '2017-03-12', 'paid', '2017', 'Mar'),
(244, 34, 'Student', 3953, '2017-03-13', 'paid', '2017', 'Mar'),
(245, 35, 'Regular', 10794, '2017-03-14', 'paid', '2017', 'Mar'),
(246, 36, 'Walk-in', 400, '2017-03-15', 'paid', '2017', 'Mar'),
(247, 37, 'Student', 7194, '2017-03-16', 'paid', '2017', 'Mar'),
(248, 38, 'Regular', 5697, '2017-04-04', 'paid', '2017', 'Apr'),
(249, 39, 'Walk-in', 400, '2017-04-05', 'paid', '2017', 'Apr'),
(250, 40, 'Student', 3953, '2017-04-06', 'paid', '2017', 'Apr'),
(251, 41, 'Regular', 10794, '2017-04-07', 'paid', '2017', 'Apr'),
(252, 42, 'Walk-in', 400, '2017-04-08', 'paid', '2017', 'Apr'),
(253, 43, 'Student', 7194, '2017-04-09', 'paid', '2017', 'Apr'),
(254, 44, 'Regular', 5697, '2017-04-10', 'paid', '2017', 'Apr'),
(255, 45, 'Walk-in', 400, '2017-04-11', 'paid', '2017', 'Apr'),
(256, 46, 'Student', 3953, '2017-04-12', 'paid', '2017', 'Apr'),
(257, 47, 'Regular', 10794, '2017-04-13', 'paid', '2017', 'Apr'),
(258, 48, 'Walk-in', 400, '2017-04-14', 'paid', '2017', 'Apr'),
(259, 49, 'Student', 7194, '2017-04-15', 'paid', '2017', 'Apr'),
(260, 50, 'Regular', 5697, '2017-04-16', 'paid', '2017', 'Apr'),
(261, 84, 'Walk-in', 400, '2017-05-05', 'paid', '2017', 'May'),
(262, 85, 'Student', 3953, '2017-05-06', 'paid', '2017', 'May'),
(263, 86, 'Regular', 10794, '2017-05-07', 'paid', '2017', 'May'),
(264, 87, 'Walk-in', 400, '2017-05-08', 'paid', '2017', 'May'),
(265, 88, 'Student', 7194, '2017-05-09', 'paid', '2017', 'May'),
(266, 89, 'Regular', 5697, '2017-05-10', 'paid', '2017', 'May'),
(267, 90, 'Walk-in', 400, '2017-05-11', 'paid', '2017', 'May'),
(268, 91, 'Student', 3953, '2017-05-12', 'paid', '2017', 'May'),
(269, 92, 'Regular', 10794, '2017-05-13', 'paid', '2017', 'May'),
(270, 93, 'Walk-in', 400, '2017-05-14', 'paid', '2017', 'May'),
(271, 94, 'Student', 7194, '2017-05-15', 'paid', '2017', 'May'),
(272, 95, 'Regular', 5697, '2017-05-16', 'paid', '2017', 'May'),
(273, 96, 'Walk-in', 400, '2017-05-17', 'paid', '2017', 'May'),
(274, 97, 'Student', 3953, '2017-05-18', 'paid', '2017', 'May'),
(275, 98, 'Regular', 10794, '2017-05-19', 'paid', '2017', 'May'),
(276, 99, 'Walk-in', 400, '2017-05-20', 'paid', '2017', 'May'),
(277, 100, 'Student', 7194, '2017-06-06', 'paid', '2017', 'Jun'),
(278, 101, 'Regular', 5697, '2017-06-07', 'paid', '2017', 'Jun'),
(279, 102, 'Walk-in', 400, '2017-06-08', 'paid', '2017', 'Jun'),
(280, 103, 'Student', 3953, '2017-06-09', 'paid', '2017', 'Jun'),
(281, 104, 'Regular', 10794, '2017-06-10', 'paid', '2017', 'Jun'),
(282, 105, 'Walk-in', 400, '2017-06-11', 'paid', '2017', 'Jun'),
(283, 106, 'Student', 7194, '2017-06-12', 'paid', '2017', 'Jun'),
(284, 107, 'Regular', 5697, '2017-06-13', 'paid', '2017', 'Jun'),
(285, 108, 'Walk-in', 400, '2017-06-14', 'paid', '2017', 'Jun'),
(286, 109, 'Student', 3953, '2017-07-07', 'paid', '2017', 'Jul'),
(287, 110, 'Regular', 10794, '2017-07-08', 'paid', '2017', 'Jul'),
(288, 111, 'Walk-in', 400, '2017-07-09', 'paid', '2017', 'Jul'),
(289, 112, 'Student', 7194, '2017-07-10', 'paid', '2017', 'Jul'),
(290, 113, 'Regular', 5697, '2017-07-11', 'paid', '2017', 'Jul'),
(291, 114, 'Walk-in', 400, '2017-07-12', 'paid', '2017', 'Jul'),
(292, 115, 'Student', 3953, '2017-07-13', 'paid', '2017', 'Jul'),
(293, 116, 'Regular', 10794, '2017-07-14', 'paid', '2017', 'Jul'),
(294, 117, 'Walk-in', 400, '2017-07-15', 'paid', '2017', 'Jul'),
(295, 118, 'Student', 7194, '2017-07-16', 'paid', '2017', 'Jul'),
(296, 119, 'Regular', 5697, '2017-08-08', 'paid', '2017', 'Aug'),
(297, 120, 'Walk-in', 400, '2017-08-09', 'paid', '2017', 'Aug'),
(298, 121, 'Student', 3953, '2017-08-10', 'paid', '2017', 'Aug'),
(299, 122, 'Regular', 10794, '2017-08-11', 'paid', '2017', 'Aug'),
(300, 123, 'Walk-in', 400, '2017-08-12', 'paid', '2017', 'Aug'),
(301, 124, 'Student', 7194, '2017-08-13', 'paid', '2017', 'Aug'),
(302, 125, 'Regular', 5697, '2017-08-14', 'paid', '2017', 'Aug'),
(303, 126, 'Walk-in', 400, '2017-08-15', 'paid', '2017', 'Aug'),
(304, 127, 'Student', 3953, '2017-08-16', 'paid', '2017', 'Aug'),
(305, 128, 'Regular', 10794, '2017-09-09', 'paid', '2017', 'Sep'),
(306, 129, 'Walk-in', 400, '2017-09-10', 'paid', '2017', 'Sep'),
(307, 130, 'Student', 7194, '2017-09-11', 'paid', '2017', 'Sep'),
(308, 131, 'Regular', 5697, '2017-09-12', 'paid', '2017', 'Sep'),
(309, 132, 'Walk-in', 400, '2017-09-13', 'paid', '2017', 'Sep'),
(310, 133, 'Student', 3953, '2017-09-14', 'paid', '2017', 'Sep'),
(311, 134, 'Regular', 10794, '2017-09-15', 'paid', '2017', 'Sep'),
(312, 135, 'Walk-in', 400, '2017-09-16', 'paid', '2017', 'Sep'),
(313, 136, 'Student', 7194, '2017-09-17', 'paid', '2017', 'Sep'),
(314, 137, 'Regular', 5697, '2017-09-18', 'paid', '2017', 'Sep'),
(315, 138, 'Walk-in', 400, '2017-10-10', 'paid', '2017', 'Oct'),
(316, 139, 'Student', 3953, '2017-10-11', 'paid', '2017', 'Oct'),
(317, 140, 'Regular', 10794, '2017-10-12', 'paid', '2017', 'Oct'),
(318, 141, 'Walk-in', 400, '2017-10-13', 'paid', '2017', 'Oct'),
(319, 142, 'Student', 7194, '2017-10-14', 'paid', '2017', 'Oct'),
(320, 143, 'Regular', 5697, '2017-10-15', 'paid', '2017', 'Oct'),
(321, 144, 'Walk-in', 400, '2017-10-16', 'paid', '2017', 'Oct'),
(322, 145, 'Student', 3953, '2017-10-17', 'paid', '2017', 'Oct'),
(323, 146, 'Regular', 10794, '2017-10-18', 'paid', '2017', 'Oct'),
(324, 147, 'Walk-in', 400, '2017-10-19', 'paid', '2017', 'Oct'),
(325, 148, 'Student', 7194, '2017-10-20', 'paid', '2017', 'Oct'),
(326, 149, 'Regular', 5697, '2017-10-21', 'paid', '2017', 'Oct'),
(327, 150, 'Walk-in', 400, '2017-10-22', 'paid', '2017', 'Oct'),
(328, 151, 'Student', 3953, '2017-10-23', 'paid', '2017', 'Oct'),
(329, 152, 'Regular', 10794, '2017-11-11', 'paid', '2017', 'Nov'),
(330, 153, 'Walk-in', 400, '2017-11-12', 'paid', '2017', 'Nov'),
(331, 154, 'Student', 7194, '2017-11-13', 'paid', '2017', 'Nov'),
(332, 155, 'Regular', 5697, '2017-11-14', 'paid', '2017', 'Nov'),
(333, 156, 'Walk-in', 400, '2017-11-15', 'paid', '2017', 'Nov'),
(334, 157, 'Student', 3953, '2017-11-16', 'paid', '2017', 'Nov'),
(335, 158, 'Regular', 10794, '2017-11-17', 'paid', '2017', 'Nov'),
(336, 159, 'Walk-in', 400, '2017-11-18', 'paid', '2017', 'Nov'),
(337, 160, 'Student', 7194, '2017-11-19', 'paid', '2017', 'Nov'),
(338, 161, 'Regular', 5697, '2017-11-20', 'paid', '2017', 'Nov'),
(339, 162, 'Walk-in', 400, '2017-11-21', 'paid', '2017', 'Nov'),
(340, 163, 'Student', 3953, '2017-11-22', 'paid', '2017', 'Nov'),
(341, 164, 'Regular', 10794, '2017-12-12', 'paid', '2017', 'Dec'),
(342, 165, 'Walk-in', 400, '2017-12-13', 'paid', '2017', 'Dec'),
(343, 166, 'Student', 7194, '2017-12-14', 'paid', '2017', 'Dec'),
(344, 167, 'Regular', 5697, '2017-12-15', 'paid', '2017', 'Dec'),
(345, 168, 'Walk-in', 400, '2017-12-16', 'paid', '2017', 'Dec'),
(346, 169, 'Student', 3953, '2017-12-17', 'paid', '2017', 'Dec'),
(347, 170, 'Regular', 10794, '2017-12-18', 'paid', '2017', 'Dec'),
(348, 171, 'Walk-in', 400, '2017-12-19', 'paid', '2017', 'Dec'),
(349, 172, 'Student', 7194, '2017-12-20', 'paid', '2017', 'Dec'),
(350, 173, 'Regular', 5697, '2017-12-21', 'paid', '2017', 'Dec'),
(351, 174, 'Walk-in', 400, '2017-12-22', 'paid', '2017', 'Dec'),
(352, 175, 'Student', 3953, '2017-12-23', 'paid', '2017', 'Dec'),
(353, 176, 'Regular', 10794, '2017-12-24', 'paid', '2017', 'Dec'),
(354, 177, 'Walk-in', 400, '2017-12-25', 'paid', '2017', 'Dec'),
(355, 178, 'Student', 7194, '2017-12-26', 'paid', '2017', 'Dec'),
(356, 179, 'Regular', 5697, '2017-12-27', 'paid', '2017', 'Dec'),
(357, 180, 'Walk-in', 400, '2017-12-28', 'paid', '2017', 'Dec'),
(358, 181, 'Student', 3953, '2017-12-29', 'paid', '2017', 'Dec'),
(359, 182, 'Regular', 10794, '2017-12-30', 'paid', '2017', 'Dec'),
(360, 183, 'Walk-in', 400, '2017-12-31', 'paid', '2017', 'Dec'),
(361, 184, 'Student', 7194, '2018-01-01', 'paid', '2017', 'Dec'),
(362, 185, 'Regular', 5697, '2018-01-02', 'paid', '2017', 'Dec'),
(363, 186, 'Walk-in', 400, '2018-01-03', 'paid', '2017', 'Dec'),
(364, 187, 'Student', 3953, '2018-01-01', 'paid', '2018', 'Jan'),
(365, 188, 'Regular', 10794, '2018-01-02', 'paid', '2018', 'Jan'),
(366, 189, 'Walk-in', 400, '2018-01-03', 'paid', '2018', 'Jan'),
(367, 190, 'Student', 7194, '2018-01-04', 'paid', '2018', 'Jan'),
(368, 191, 'Regular', 5697, '2018-01-05', 'paid', '2018', 'Jan'),
(369, 192, 'Walk-in', 400, '2018-01-06', 'paid', '2018', 'Jan'),
(370, 193, 'Student', 3953, '2018-01-07', 'paid', '2018', 'Jan'),
(371, 194, 'Regular', 10794, '2018-01-08', 'paid', '2018', 'Jan'),
(372, 195, 'Walk-in', 400, '2018-01-09', 'paid', '2018', 'Jan'),
(373, 196, 'Student', 7194, '2018-01-10', 'paid', '2018', 'Jan'),
(374, 197, 'Regular', 5697, '2018-01-11', 'paid', '2018', 'Jan'),
(375, 198, 'Walk-in', 400, '2018-01-12', 'paid', '2018', 'Jan'),
(376, 199, 'Student', 3953, '2018-01-13', 'paid', '2018', 'Jan'),
(377, 200, 'Regular', 10794, '2018-01-14', 'paid', '2018', 'Jan'),
(378, 201, 'Walk-in', 400, '2018-01-15', 'paid', '2018', 'Jan'),
(379, 202, 'Student', 7194, '2018-01-16', 'paid', '2018', 'Jan'),
(380, 203, 'Regular', 5697, '2018-01-17', 'paid', '2018', 'Jan'),
(381, 204, 'Walk-in', 400, '2018-01-18', 'paid', '2018', 'Jan'),
(382, 205, 'Student', 3953, '2018-01-19', 'paid', '2018', 'Jan'),
(383, 206, 'Regular', 10794, '2018-01-20', 'paid', '2018', 'Jan'),
(384, 207, 'Walk-in', 400, '2018-01-21', 'paid', '2018', 'Jan'),
(385, 208, 'Student', 7194, '2018-01-22', 'paid', '2018', 'Jan'),
(386, 209, 'Regular', 5697, '2018-01-23', 'paid', '2018', 'Jan'),
(387, 210, 'Walk-in', 400, '2018-01-24', 'paid', '2018', 'Jan'),
(388, 211, 'Student', 3953, '2018-01-25', 'paid', '2018', 'Jan'),
(389, 212, 'Regular', 10794, '2018-01-26', 'paid', '2018', 'Jan'),
(390, 213, 'Walk-in', 400, '2018-01-27', 'paid', '2018', 'Jan'),
(391, 214, 'Student', 7194, '2018-01-28', 'paid', '2018', 'Jan'),
(392, 215, 'Regular', 5697, '2018-01-29', 'paid', '2018', 'Jan'),
(393, 216, 'Walk-in', 400, '2018-01-30', 'paid', '2018', 'Jan'),
(394, 217, 'Student', 3953, '2018-01-31', 'paid', '2018', 'Jan'),
(395, 218, 'Regular', 10794, '2018-02-01', 'paid', '2018', 'Jan'),
(396, 219, 'Walk-in', 400, '2018-02-02', 'paid', '2018', 'Jan'),
(397, 220, 'Student', 7194, '2018-02-03', 'paid', '2018', 'Jan'),
(398, 221, 'Regular', 5697, '2018-02-04', 'paid', '2018', 'Jan'),
(399, 222, 'Walk-in', 400, '2018-02-05', 'paid', '2018', 'Jan'),
(400, 223, 'Student', 3953, '2018-02-06', 'paid', '2018', 'Jan'),
(401, 224, 'Regular', 10794, '2018-02-07', 'paid', '2018', 'Jan'),
(402, 225, 'Walk-in', 400, '2018-02-08', 'paid', '2018', 'Jan'),
(403, 226, 'Student', 7194, '2018-02-09', 'paid', '2018', 'Jan'),
(404, 227, 'Regular', 5697, '2018-02-10', 'paid', '2018', 'Jan'),
(405, 228, 'Walk-in', 400, '2018-02-11', 'paid', '2018', 'Jan'),
(406, 229, 'Student', 3953, '2018-02-12', 'paid', '2018', 'Jan'),
(407, 230, 'Regular', 10794, '2018-02-13', 'paid', '2018', 'Jan'),
(408, 231, 'Walk-in', 400, '2018-02-14', 'paid', '2018', 'Jan'),
(409, 232, 'Student', 7194, '2018-02-15', 'paid', '2018', 'Jan'),
(410, 233, 'Regular', 5697, '2018-02-16', 'paid', '2018', 'Jan'),
(411, 234, 'Walk-in', 400, '2018-02-17', 'paid', '2018', 'Jan'),
(412, 235, 'Student', 3953, '2018-02-18', 'paid', '2018', 'Jan'),
(413, 236, 'Regular', 10794, '2018-02-19', 'paid', '2018', 'Jan'),
(414, 237, 'Walk-in', 400, '2018-02-20', 'paid', '2018', 'Jan'),
(415, 238, 'Student', 7194, '2018-02-21', 'paid', '2018', 'Jan'),
(416, 239, 'Regular', 5697, '2018-02-22', 'paid', '2018', 'Jan'),
(417, 240, 'Walk-in', 400, '2018-02-23', 'paid', '2018', 'Jan'),
(418, 241, 'Student', 3953, '2018-02-24', 'paid', '2018', 'Jan'),
(419, 242, 'Regular', 10794, '2018-02-25', 'paid', '2018', 'Jan'),
(420, 243, 'Walk-in', 400, '2018-02-26', 'paid', '2018', 'Jan'),
(421, 244, 'Student', 7194, '2018-02-27', 'paid', '2018', 'Jan'),
(422, 245, 'Regular', 5697, '2018-02-28', 'paid', '2018', 'Jan'),
(423, 246, 'Walk-in', 400, '2018-03-01', 'paid', '2018', 'Jan'),
(424, 247, 'Student', 3953, '2018-03-02', 'paid', '2018', 'Jan'),
(425, 248, 'Regular', 10794, '2018-02-02', 'paid', '2018', 'Feb'),
(426, 249, 'Walk-in', 400, '2018-02-03', 'paid', '2018', 'Feb'),
(427, 250, 'Student', 7194, '2018-02-04', 'paid', '2018', 'Feb'),
(428, 251, 'Regular', 5697, '2018-02-05', 'paid', '2018', 'Feb'),
(429, 252, 'Walk-in', 400, '2018-02-06', 'paid', '2018', 'Feb'),
(430, 253, 'Student', 3953, '2018-02-07', 'paid', '2018', 'Feb'),
(431, 254, 'Regular', 10794, '2018-02-08', 'paid', '2018', 'Feb'),
(432, 255, 'Walk-in', 400, '2018-02-09', 'paid', '2018', 'Feb'),
(433, 256, 'Student', 7194, '2018-02-10', 'paid', '2018', 'Feb'),
(434, 257, 'Regular', 5697, '2018-02-11', 'paid', '2018', 'Feb'),
(435, 258, 'Walk-in', 400, '2018-02-12', 'paid', '2018', 'Feb'),
(436, 259, 'Student', 3953, '2018-02-13', 'paid', '2018', 'Feb'),
(437, 260, 'Regular', 10794, '2018-02-14', 'paid', '2018', 'Feb'),
(438, 261, 'Walk-in', 400, '2018-03-03', 'paid', '2018', 'Mar'),
(439, 262, 'Student', 7194, '2018-03-04', 'paid', '2018', 'Mar'),
(440, 263, 'Regular', 5697, '2018-03-05', 'paid', '2018', 'Mar'),
(441, 264, 'Walk-in', 400, '2018-03-06', 'paid', '2018', 'Mar'),
(442, 265, 'Student', 3953, '2018-03-07', 'paid', '2018', 'Mar'),
(443, 266, 'Regular', 10794, '2018-03-08', 'paid', '2018', 'Mar'),
(444, 267, 'Walk-in', 400, '2018-03-09', 'paid', '2018', 'Mar'),
(445, 268, 'Student', 7194, '2018-03-10', 'paid', '2018', 'Mar'),
(446, 269, 'Regular', 5697, '2018-03-11', 'paid', '2018', 'Mar'),
(447, 270, 'Walk-in', 400, '2018-03-12', 'paid', '2018', 'Mar'),
(448, 271, 'Student', 3953, '2018-03-13', 'paid', '2018', 'Mar'),
(449, 272, 'Regular', 10794, '2018-03-14', 'paid', '2018', 'Mar'),
(450, 273, 'Walk-in', 400, '2018-03-15', 'paid', '2018', 'Mar'),
(451, 274, 'Student', 7194, '2018-03-16', 'paid', '2018', 'Mar'),
(452, 275, 'Regular', 5697, '2018-03-17', 'paid', '2018', 'Mar'),
(453, 276, 'Walk-in', 400, '2018-03-18', 'paid', '2018', 'Mar'),
(454, 277, 'Student', 3953, '2018-03-19', 'paid', '2018', 'Mar'),
(455, 278, 'Regular', 10794, '2018-03-20', 'paid', '2018', 'Mar'),
(456, 279, 'Walk-in', 400, '2018-03-21', 'paid', '2018', 'Mar'),
(457, 280, 'Student', 7194, '2018-03-22', 'paid', '2018', 'Mar'),
(458, 281, 'Regular', 5697, '2018-03-23', 'paid', '2018', 'Mar'),
(459, 282, 'Walk-in', 400, '2018-03-24', 'paid', '2018', 'Mar'),
(460, 283, 'Student', 3953, '2018-03-25', 'paid', '2018', 'Mar'),
(466, 339, 'Personal Training', 600, '2018-03-09', 'paid', '2018', 'Mar'),
(467, 340, 'Personal Training', 600, '2018-03-14', 'paid', '2018', 'Mar'),
(468, 341, 'Personal Training', 600, '2018-03-14', 'paid', '2018', 'Mar'),
(469, 342, 'Personal Training', 600, '2018-03-14', 'paid', '2018', 'Mar'),
(470, 342, 'Membership', 5697, '2018-03-14', 'paid', '2018', 'Mar'),
(471, 343, 'Personal Training', 600, '2018-03-14', 'paid', '2018', 'Mar'),
(472, 343, 'Membership', 7194, '2018-03-14', 'paid', '2018', 'Mar'),
(473, 344, 'Personal Training', 600, '2018-03-14', 'unpaid', '2018', 'Mar'),
(474, 344, 'Membership', 3597, '2018-03-14', 'unpaid', '2018', 'Mar'),
(475, 1, 'Lost Towel(s) ', 50, '2018-03-15', 'paid', '2018', 'Mar'),
(476, 341, 'Membership', 5697, '2018-03-15', 'paid', '2018', 'Mar'),
(477, 345, 'Membership', 11988, '2018-03-15', 'paid', '2018', 'Mar'),
(478, 7, 'Lost Locker Key', 200, '2018-03-15', 'paid', '2018', 'Mar'),
(479, 7, 'Lost Locker Key', 200, '2018-03-15', 'unpaid', '2018', 'Mar'),
(480, 112, 'Membership', 5697, '2018-03-15', 'paid', '2018', 'Mar'),
(481, 348, 'Walk-in', 400, '2018-03-15', 'unpaid', '2018', 'Mar'),
(482, 349, 'Membership', 5697, '2018-03-18', 'unpaid', '2018', 'Mar'),
(483, 349, 'Personal Training', 600, '2018-03-18', 'unpaid', '2018', 'Mar'),
(484, 350, 'Membership', 5697, '2018-03-18', 'unpaid', '2018', 'Mar'),
(485, 350, 'Personal Training', 600, '2018-03-18', 'unpaid', '2018', 'Mar');

-- --------------------------------------------------------

--
-- Table structure for table `users`
--

CREATE TABLE `users` (
  `userID` int(11) UNSIGNED NOT NULL,
  `username` varchar(30) NOT NULL,
  `password` varchar(50) NOT NULL,
  `userType` enum('admin','receptionist','coach','') NOT NULL,
  `stat` int(1) NOT NULL
) ENGINE=InnoDB DEFAULT CHARSET=latin1;

--
-- Dumping data for table `users`
--

INSERT INTO `users` (`userID`, `username`, `password`, `userType`, `stat`) VALUES
(1, 'Ang', '81dc9bdb52d04dc20036dbd8313ed055', 'coach', 1),
(2, 'Uy', '81dc9bdb52d04dc20036dbd8313ed055', 'coach', 0),
(3, 'Arellano', '81dc9bdb52d04dc20036dbd8313ed055', 'coach', 0),
(4, 'Morales', '81dc9bdb52d04dc20036dbd8313ed055', 'coach', 0),
(5, 'Fernandez', '81dc9bdb52d04dc20036dbd8313ed055', 'coach', 0),
(6, 'Pilalpi', '81dc9bdb52d04dc20036dbd8313ed055', 'coach', 0),
(7, 'Benjamin', '81dc9bdb52d04dc20036dbd8313ed055', 'coach', 1),
(8, 'Magbanua', '81dc9bdb52d04dc20036dbd8313ed055', 'coach', 0),
(9, 'Prado', '81dc9bdb52d04dc20036dbd8313ed055', 'coach', 0),
(10, 'Divinagracia', '81dc9bdb52d04dc20036dbd8313ed055', 'coach', 0),
(11, 'Larry', '81dc9bdb52d04dc20036dbd8313ed055', 'coach', 0),
(12, 'Menosa', '81dc9bdb52d04dc20036dbd8313ed055', 'coach', 0),
(13, 'Olis', '81dc9bdb52d04dc20036dbd8313ed055', 'coach', 0),
(65, 'admin', '21232f297a57a5a743894a0e4a801fc3', 'admin', 1),
(103, 'receptionist', '81dc9bdb52d04dc20036dbd8313ed055', 'receptionist', 0),
(107, 'Hans', '1234', 'coach', 0);

--
-- Indexes for dumped tables
--

--
-- Indexes for table `activitylog`
--
ALTER TABLE `activitylog`
  ADD PRIMARY KEY (`AL_Code`);

--
-- Indexes for table `attendance`
--
ALTER TABLE `attendance`
  ADD PRIMARY KEY (`A_Code`);

--
-- Indexes for table `backuphistory`
--
ALTER TABLE `backuphistory`
  ADD PRIMARY KEY (`backup_id`);

--
-- Indexes for table `client`
--
ALTER TABLE `client`
  ADD PRIMARY KEY (`CLIENT_ID`);

--
-- Indexes for table `clientassignment`
--
ALTER TABLE `clientassignment`
  ADD PRIMARY KEY (`CA_Code`);

--
-- Indexes for table `coach`
--
ALTER TABLE `coach`
  ADD PRIMARY KEY (`COACH_ID`);

--
-- Indexes for table `equipment`
--
ALTER TABLE `equipment`
  ADD PRIMARY KEY (`E_Code`);

--
-- Indexes for table `equipmentinventory`
--
ALTER TABLE `equipmentinventory`
  ADD PRIMARY KEY (`EI_Code`);

--
-- Indexes for table `log`
--
ALTER TABLE `log`
  ADD PRIMARY KEY (`log_id`);

--
-- Indexes for table `measurements`
--
ALTER TABLE `measurements`
  ADD PRIMARY KEY (`M_Code`);

--
-- Indexes for table `membership`
--
ALTER TABLE `membership`
  ADD PRIMARY KEY (`MS_Code`);

--
-- Indexes for table `membershiptype`
--
ALTER TABLE `membershiptype`
  ADD PRIMARY KEY (`M_Code`);

--
-- Indexes for table `payment`
--
ALTER TABLE `payment`
  ADD PRIMARY KEY (`Pay_ID`);

--
-- Indexes for table `penalties`
--
ALTER TABLE `penalties`
  ADD PRIMARY KEY (`P_ID`);

--
-- Indexes for table `receptionist`
--
ALTER TABLE `receptionist`
  ADD PRIMARY KEY (`Rec_id`),
  ADD KEY `userID` (`userID`);

--
-- Indexes for table `studioclass`
--
ALTER TABLE `studioclass`
  ADD PRIMARY KEY (`SC_Code`);

--
-- Indexes for table `studioclasssession`
--
ALTER TABLE `studioclasssession`
  ADD PRIMARY KEY (`SCS_Code`);

--
-- Indexes for table `towelinventory`
--
ALTER TABLE `towelinventory`
  ADD PRIMARY KEY (`TI_Code`);

--
-- Indexes for table `traininglog`
--
ALTER TABLE `traininglog`
  ADD PRIMARY KEY (`TL_Code`);

--
-- Indexes for table `traininglogsession`
--
ALTER TABLE `traininglogsession`
  ADD PRIMARY KEY (`TLS_Code`);

--
-- Indexes for table `trainingpackage`
--
ALTER TABLE `trainingpackage`
  ADD PRIMARY KEY (`TP_Code`);

--
-- Indexes for table `transaction`
--
ALTER TABLE `transaction`
  ADD PRIMARY KEY (`TR_ID`),
  ADD KEY `TR_ID` (`TR_ID`);

--
-- Indexes for table `users`
--
ALTER TABLE `users`
  ADD PRIMARY KEY (`userID`);

--
-- AUTO_INCREMENT for dumped tables
--

--
-- AUTO_INCREMENT for table `activitylog`
--
ALTER TABLE `activitylog`
  MODIFY `AL_Code` int(8) NOT NULL AUTO_INCREMENT, AUTO_INCREMENT=218;

--
-- AUTO_INCREMENT for table `attendance`
--
ALTER TABLE `attendance`
  MODIFY `A_Code` int(8) NOT NULL AUTO_INCREMENT, AUTO_INCREMENT=923;

--
-- AUTO_INCREMENT for table `backuphistory`
--
ALTER TABLE `backuphistory`
  MODIFY `backup_id` int(8) NOT NULL AUTO_INCREMENT, AUTO_INCREMENT=22;

--
-- AUTO_INCREMENT for table `client`
--
ALTER TABLE `client`
  MODIFY `CLIENT_ID` int(8) NOT NULL AUTO_INCREMENT, AUTO_INCREMENT=351;

--
-- AUTO_INCREMENT for table `clientassignment`
--
ALTER TABLE `clientassignment`
  MODIFY `CA_Code` int(8) NOT NULL AUTO_INCREMENT, AUTO_INCREMENT=466;

--
-- AUTO_INCREMENT for table `coach`
--
ALTER TABLE `coach`
  MODIFY `COACH_ID` int(8) NOT NULL AUTO_INCREMENT, AUTO_INCREMENT=52;

--
-- AUTO_INCREMENT for table `equipment`
--
ALTER TABLE `equipment`
  MODIFY `E_Code` int(8) NOT NULL AUTO_INCREMENT, AUTO_INCREMENT=42;

--
-- AUTO_INCREMENT for table `equipmentinventory`
--
ALTER TABLE `equipmentinventory`
  MODIFY `EI_Code` int(8) NOT NULL AUTO_INCREMENT, AUTO_INCREMENT=56;

--
-- AUTO_INCREMENT for table `log`
--
ALTER TABLE `log`
  MODIFY `log_id` int(11) NOT NULL AUTO_INCREMENT, AUTO_INCREMENT=57;

--
-- AUTO_INCREMENT for table `measurements`
--
ALTER TABLE `measurements`
  MODIFY `M_Code` int(11) NOT NULL AUTO_INCREMENT, AUTO_INCREMENT=1756;

--
-- AUTO_INCREMENT for table `membership`
--
ALTER TABLE `membership`
  MODIFY `MS_Code` int(8) NOT NULL AUTO_INCREMENT, AUTO_INCREMENT=13;

--
-- AUTO_INCREMENT for table `membershiptype`
--
ALTER TABLE `membershiptype`
  MODIFY `M_Code` int(5) NOT NULL AUTO_INCREMENT, AUTO_INCREMENT=65;

--
-- AUTO_INCREMENT for table `payment`
--
ALTER TABLE `payment`
  MODIFY `Pay_ID` int(8) NOT NULL AUTO_INCREMENT, AUTO_INCREMENT=51;

--
-- AUTO_INCREMENT for table `receptionist`
--
ALTER TABLE `receptionist`
  MODIFY `Rec_id` int(8) NOT NULL AUTO_INCREMENT, AUTO_INCREMENT=38;

--
-- AUTO_INCREMENT for table `studioclass`
--
ALTER TABLE `studioclass`
  MODIFY `SC_Code` int(8) NOT NULL AUTO_INCREMENT, AUTO_INCREMENT=16;

--
-- AUTO_INCREMENT for table `studioclasssession`
--
ALTER TABLE `studioclasssession`
  MODIFY `SCS_Code` int(8) NOT NULL AUTO_INCREMENT, AUTO_INCREMENT=338;

--
-- AUTO_INCREMENT for table `towelinventory`
--
ALTER TABLE `towelinventory`
  MODIFY `TI_Code` int(8) NOT NULL AUTO_INCREMENT, AUTO_INCREMENT=153;

--
-- AUTO_INCREMENT for table `traininglog`
--
ALTER TABLE `traininglog`
  MODIFY `TL_Code` int(8) NOT NULL AUTO_INCREMENT, AUTO_INCREMENT=742;

--
-- AUTO_INCREMENT for table `traininglogsession`
--
ALTER TABLE `traininglogsession`
  MODIFY `TLS_Code` int(8) NOT NULL AUTO_INCREMENT, AUTO_INCREMENT=505;

--
-- AUTO_INCREMENT for table `trainingpackage`
--
ALTER TABLE `trainingpackage`
  MODIFY `TP_Code` int(8) NOT NULL AUTO_INCREMENT, AUTO_INCREMENT=18;

--
-- AUTO_INCREMENT for table `transaction`
--
ALTER TABLE `transaction`
  MODIFY `TR_ID` int(8) NOT NULL AUTO_INCREMENT, AUTO_INCREMENT=486;

--
-- AUTO_INCREMENT for table `users`
--
ALTER TABLE `users`
  MODIFY `userID` int(11) UNSIGNED NOT NULL AUTO_INCREMENT, AUTO_INCREMENT=108;
COMMIT;

/*!40101 SET CHARACTER_SET_CLIENT=@OLD_CHARACTER_SET_CLIENT */;
/*!40101 SET CHARACTER_SET_RESULTS=@OLD_CHARACTER_SET_RESULTS */;
/*!40101 SET COLLATION_CONNECTION=@OLD_COLLATION_CONNECTION */;
